05/05/2026 15:41:27 ERROR [MainThread] Cannot find .CVEfixes.ini — add GitHub token there.
05/05/2026 15:43:53 ERROR [MainThread] Cannot find .CVEfixes.ini — add GitHub token there.
05/05/2026 15:45:53 WARNING [MainThread] No NVD API key found — NVD calls will sleep 6s/page (vs 0.6s with key).
05/05/2026 15:45:53 INFO [MainThread] Database: Data/vulnRadar.db
05/05/2026 15:45:53 INFO [MainThread] MAX_REPOS_PER_TASK = 30
05/05/2026 15:45:53 INFO [MainThread] Daemon mode: pipeline runs now and then daily at 06:00 UTC. Ctrl+C to stop.
05/05/2026 15:45:53 INFO [MainThread] === Pipeline run started at 2026-05-05T13:45:53.755806+00:00 ===
05/05/2026 15:45:54 INFO [task_0] TASK 1 (official) — fetching NVD CVEs from last 30 days…
05/05/2026 15:45:54 INFO [task_0]   NVD window: 2026-04-05 → 2026-05-05
05/05/2026 15:45:54 INFO [task_1] TASK 2 (hot) — searching security commits since 2026-04-28
05/05/2026 15:45:54 INFO [task_1]   hot: searching commits for "CVE" since 2026-04-28
05/05/2026 15:45:54 INFO [task_2] TASK 3 (talkers) — looking at activity since 2026-04-28
05/05/2026 15:45:54 INFO [task_2]   talkers: counting issues since 2026-04-28
05/05/2026 15:46:05 INFO [task_1]   hot: searching commits for "vulnerability" since 2026-04-28
05/05/2026 15:46:06 INFO [task_0]   NVD page: got 2000 (total 2000/5727)
05/05/2026 15:46:19 INFO [task_1]   hot: searching commits for "exploit" since 2026-04-28
05/05/2026 15:46:19 INFO [task_0]   NVD page: got 2000 (total 4000/5727)
05/05/2026 15:46:34 INFO [task_2]   talkers: counting commits since 2026-04-28
05/05/2026 15:46:35 INFO [task_1]   hot: searching commits for "security" since 2026-04-28
05/05/2026 15:46:35 WARNING [task_1] Rate limit low/hit, sleeping 212s…
05/05/2026 15:46:54 INFO [task_0]   NVD page: got 1727 (total 5727/5727)
05/05/2026 15:46:54 INFO [task_0]   → got 5727 CVEs from NVD
05/05/2026 15:46:54 INFO [task_0]   → distinct (vendor, product) pairs: 1774
05/05/2026 15:50:07 WARNING [task_2] Rate limit low/hit, sleeping 1s…
05/05/2026 15:50:08 WARNING [task_0] Rate limit low/hit, sleeping 62s…
05/05/2026 15:51:10 WARNING [task_1] Rate limit low/hit, sleeping 190s…
05/05/2026 17:39:09 WARNING [MainThread] No NVD API key found — NVD calls will sleep 6s/page (vs 0.6s with key).
05/05/2026 17:39:09 INFO [MainThread] Database: Data/vulnRadar.db
05/05/2026 17:39:09 INFO [MainThread] MAX_REPOS_PER_TASK = 30
05/05/2026 17:39:09 INFO [MainThread] Daemon mode: pipeline runs now and then daily at 06:00 UTC. Ctrl+C to stop.
05/05/2026 17:39:09 INFO [MainThread] === Pipeline run started at 2026-05-05T15:39:09.871629+00:00 ===
05/05/2026 17:39:09 INFO [task_0] TASK 1 (official) — fetching NVD CVEs from last 30 days…
05/05/2026 17:39:09 INFO [task_0]   NVD window: 2026-04-05 → 2026-05-05
05/05/2026 17:39:09 INFO [task_1] TASK 2 (hot) — searching security commits since 2026-04-28
05/05/2026 17:39:09 INFO [task_1]   hot: searching commits for "CVE" since 2026-04-28
05/05/2026 17:39:09 INFO [task_2] TASK 3 (talkers) — looking at activity since 2026-04-28
05/05/2026 17:39:09 INFO [task_2]   talkers: counting issues since 2026-04-28
05/05/2026 17:39:18 INFO [task_0]   NVD page: got 2000 (total 2000/5727)
05/05/2026 17:39:21 INFO [task_1]   hot: searching commits for "vulnerability" since 2026-04-28
05/05/2026 17:39:34 INFO [task_1]   hot: searching commits for "exploit" since 2026-04-28
05/05/2026 17:39:46 INFO [task_0]   NVD page: got 2000 (total 4000/5727)
05/05/2026 17:39:51 INFO [task_1]   hot: searching commits for "security" since 2026-04-28
05/05/2026 17:39:52 INFO [task_2]   talkers: counting commits since 2026-04-28
05/05/2026 17:39:55 WARNING [task_1] Rate limit low/hit, sleeping 208s…
05/05/2026 17:40:30 INFO [task_0]   NVD page: got 1727 (total 5727/5727)
05/05/2026 17:40:30 INFO [task_0]   → got 5727 CVEs from NVD
05/05/2026 17:40:30 INFO [task_0]   → distinct (vendor, product) pairs: 1783
05/05/2026 17:43:23 WARNING [task_2] Rate limit low/hit, sleeping 1s…
05/05/2026 17:43:24 WARNING [task_0] Rate limit low/hit, sleeping 79s…
05/05/2026 17:43:32 INFO [task_1]   hot: searching commits for "injection" since 2026-04-28
05/05/2026 17:44:43 WARNING [task_2] Rate limit low/hit, sleeping 173s…
05/05/2026 17:47:36 WARNING [task_1] Rate limit low/hit, sleeping 1s…
05/05/2026 17:47:42 WARNING [task_0] Rate limit low/hit, sleeping 196s…
05/05/2026 17:50:58 WARNING [task_2] Rate limit low/hit, sleeping 1s…
05/05/2026 17:50:59 WARNING [task_1] Rate limit low/hit, sleeping 1s…
05/05/2026 17:51:09 INFO [task_1]   hot: searching commits for "XSS" since 2026-04-28
05/05/2026 17:51:12 INFO [task_2] TASK 3 (talkers) — selected 30 repos
05/05/2026 17:51:24 INFO [task_1]   hot: searching commits for "CSRF" since 2026-04-28
05/05/2026 17:51:34 WARNING [task_0] Rate limit low/hit, sleeping 219s…
05/05/2026 17:51:41 INFO [task_1]   hot: searching commits for "overflow" since 2026-04-28
05/05/2026 17:55:13 WARNING [task_1] Rate limit low/hit, sleeping 1s…
05/05/2026 17:55:24 INFO [task_1]   hot: searching commits for "RCE" since 2026-04-28
05/05/2026 17:55:41 INFO [task_1]   hot: searching commits for "sanitize" since 2026-04-28
05/05/2026 17:55:56 INFO [task_1]   hot: searching commits for "auth bypass" since 2026-04-28
05/05/2026 17:55:57 WARNING [task_0] Rate limit low/hit, sleeping 212s…
05/05/2026 17:59:29 WARNING [task_1] Rate limit low/hit, sleeping 1s…
05/05/2026 17:59:45 INFO [task_1]   hot: searching commits for "credential" since 2026-04-28
05/05/2026 17:59:59 INFO [task_1]   hot: searching commits for "patch" since 2026-04-28
05/05/2026 18:00:11 INFO [task_1]   → 1407 repos with at least one security-keyword commit
05/05/2026 18:00:17 WARNING [task_0] Rate limit low/hit, sleeping 207s…
05/05/2026 18:02:44 INFO [task_1]   hot: enriched 10/60 candidates
05/05/2026 18:04:33 INFO [task_0] TASK 1 (official) — selected 30 repos
05/05/2026 18:05:34 INFO [task_1]   hot: enriched 20/60 candidates
05/05/2026 18:08:21 INFO [task_1]   hot: enriched 30/60 candidates
05/05/2026 18:11:08 INFO [task_1]   hot: enriched 40/60 candidates
05/05/2026 18:13:40 INFO [task_1]   hot: enriched 50/60 candidates
05/05/2026 18:16:27 INFO [task_1]   hot: enriched 60/60 candidates
05/05/2026 18:16:27 INFO [task_1] TASK 2 (hot) — selected 30 repos
05/05/2026 18:16:28 INFO [MainThread] Persisted task=official: 30 selected, 30 new in DB
05/05/2026 18:16:28 INFO [MainThread] Persisted task=hot: 30 selected, 30 new in DB
05/05/2026 18:16:28 INFO [MainThread] Persisted task=talkers: 30 selected, 30 new in DB
05/05/2026 18:16:28 INFO [MainThread] CVE matcher — fetching NVD CVEs since 2026-04-05T16:16:28.366499+00:00
05/05/2026 18:16:28 INFO [MainThread]   NVD window: 2026-04-05 → 2026-05-05
05/05/2026 18:16:44 INFO [MainThread]   NVD page: got 2000 (total 2000/5757)
05/05/2026 18:16:56 INFO [MainThread]   NVD page: got 2000 (total 4000/5757)
05/05/2026 18:17:10 INFO [MainThread]   NVD page: got 1757 (total 5757/5757)
05/05/2026 18:17:10 INFO [MainThread]   → 5757 new CVEs (range covered up to 2026-05-05T16:16:28.385196+00:00)
05/05/2026 18:17:10 INFO [MainThread]   skipped 426 CVEs published before selection date
05/05/2026 18:17:10 INFO [MainThread] CVE matcher — 26 matches found, 26 new
05/05/2026 18:17:10 INFO [MainThread] CVE matcher: 26 new matches this run, 26 total to date
05/05/2026 18:17:10 INFO [MainThread] === Next run at 2026-05-06T06:00:00+00:00 (in 13.7h) ===
05/07/2026 16:05:29 WARNING [MainThread] No NVD API key found — NVD calls will sleep 6s/page (vs 0.6s with key).
05/07/2026 16:05:29 INFO [MainThread] Database: Data/vulnRadar.db
05/07/2026 16:05:29 INFO [MainThread] MAX_REPOS_PER_TASK = 30
05/07/2026 16:05:29 INFO [MainThread] Daemon mode: pipeline runs now and then daily at 06:00 UTC. Ctrl+C to stop.
05/07/2026 16:05:29 INFO [MainThread] === Pipeline run started at 2026-05-07T14:05:29.857054+00:00 ===
05/07/2026 16:05:29 INFO [task_0] TASK 1 (official) — fetching NVD CVEs from last 30 days…
05/07/2026 16:05:29 INFO [task_0]   NVD window: 2026-04-07 → 2026-05-07
05/07/2026 16:05:29 INFO [task_1] TASK 2 (hot) — searching security commits since 2026-04-30
05/07/2026 16:05:29 INFO [task_1]   hot: searching commits for "CVE" since 2026-04-30
05/07/2026 16:05:29 INFO [task_2] TASK 3 (talkers) — looking at activity since 2026-04-30
05/07/2026 16:05:29 INFO [task_2]   talkers: counting issues since 2026-04-30
05/07/2026 16:05:41 INFO [task_1]   hot: searching commits for "vulnerability" since 2026-04-30
05/07/2026 16:05:54 INFO [task_1]   hot: searching commits for "exploit" since 2026-04-30
05/07/2026 16:06:03 INFO [task_1]   hot: searching commits for "security" since 2026-04-30
05/07/2026 16:06:09 WARNING [task_2] HTTP 502 for https://api.github.com/search/issues
05/07/2026 16:06:09 INFO [task_2]   talkers: counting commits since 2026-04-30
05/07/2026 16:06:10 WARNING [task_1] Rate limit low/hit, sleeping 213s…
05/07/2026 16:06:17 INFO [task_0]   NVD page: got 2000 (total 2000/6035)
05/07/2026 16:07:43 INFO [task_0]   NVD page: got 2000 (total 4000/6035)
05/07/2026 16:08:44 INFO [task_0]   NVD page: got 2000 (total 6000/6035)
05/07/2026 16:08:51 INFO [task_0]   NVD page: got 35 (total 6035/6035)
05/07/2026 16:08:51 INFO [task_0]   → got 6035 CVEs from NVD
05/07/2026 16:08:51 INFO [task_0]   → distinct (vendor, product) pairs: 2035
05/07/2026 16:09:43 WARNING [task_2] Rate limit low/hit, sleeping 1s…
05/07/2026 16:09:44 WARNING [task_0] Rate limit low/hit, sleeping 201s…
05/07/2026 16:13:05 WARNING [task_1] Rate limit low/hit, sleeping 1s…
05/07/2026 16:13:06 WARNING [task_2] Rate limit low/hit, sleeping 1s…
05/07/2026 16:13:12 INFO [task_1]   hot: searching commits for "injection" since 2026-04-30
05/07/2026 16:13:12 WARNING [task_1] Rate limit low/hit, sleeping 247s…
05/07/2026 16:17:19 WARNING [task_2] Rate limit low/hit, sleeping 1s…
05/07/2026 16:17:20 WARNING [task_0] Rate limit low/hit, sleeping 1s…
05/07/2026 16:17:23 WARNING [task_2] Rate limit low/hit, sleeping 250s…
05/07/2026 16:18:06 INFO [task_0] TASK 1 (official) — selected 30 repos
05/07/2026 16:21:33 WARNING [task_1] Rate limit low/hit, sleeping 1s…
05/07/2026 16:21:39 WARNING [task_1] Rate limit low/hit, sleeping 248s…
05/07/2026 16:25:47 WARNING [task_2] Rate limit low/hit, sleeping 1s…
05/07/2026 16:25:51 WARNING [task_2] Rate limit low/hit, sleeping 250s…
05/07/2026 16:25:55 INFO [task_1]   hot: searching commits for "XSS" since 2026-04-30
05/07/2026 16:30:01 WARNING [task_1] Rate limit low/hit, sleeping 1s…
05/07/2026 16:30:06 WARNING [task_1] Rate limit low/hit, sleeping 249s…
05/07/2026 16:34:15 WARNING [task_2] Rate limit low/hit, sleeping 1s…
05/07/2026 16:34:19 INFO [task_2] TASK 3 (talkers) — selected 30 repos
05/07/2026 16:34:29 INFO [task_1]   hot: searching commits for "CSRF" since 2026-04-30
05/07/2026 16:34:46 INFO [task_1]   hot: searching commits for "overflow" since 2026-04-30
05/07/2026 16:34:49 WARNING [task_1] Rate limit low/hit, sleeping 220s…
05/07/2026 16:38:36 INFO [task_1]   hot: searching commits for "RCE" since 2026-04-30
05/07/2026 16:38:53 INFO [task_1]   hot: searching commits for "sanitize" since 2026-04-30
05/07/2026 16:39:09 INFO [task_1]   hot: searching commits for "auth bypass" since 2026-04-30
05/07/2026 16:39:28 INFO [task_1]   hot: searching commits for "credential" since 2026-04-30
05/07/2026 16:39:42 INFO [task_1]   hot: searching commits for "patch" since 2026-04-30
05/07/2026 16:39:54 INFO [task_1]   → 1267 repos with at least one security-keyword commit
05/07/2026 16:42:25 INFO [task_1]   hot: enriched 10/60 candidates
05/07/2026 16:45:11 INFO [task_1]   hot: enriched 20/60 candidates
05/07/2026 16:47:44 INFO [task_1]   hot: enriched 30/60 candidates
05/07/2026 16:50:34 INFO [task_1]   hot: enriched 40/60 candidates
05/07/2026 16:53:23 INFO [task_1]   hot: enriched 50/60 candidates
05/07/2026 16:56:11 INFO [task_1]   hot: enriched 60/60 candidates
05/07/2026 16:56:12 INFO [task_1] TASK 2 (hot) — selected 30 repos
05/07/2026 16:56:12 INFO [MainThread] Persisted task=official: 30 selected, 30 new in DB
05/07/2026 16:56:12 INFO [MainThread] Persisted task=hot: 30 selected, 30 new in DB
05/07/2026 16:56:12 INFO [MainThread] Persisted task=talkers: 30 selected, 30 new in DB
05/07/2026 16:56:12 INFO [MainThread] CVE matcher — fetching NVD CVEs since 2026-05-05T16:16:28.385196+00:00
05/07/2026 16:56:12 INFO [MainThread]   NVD window: 2026-05-05 → 2026-05-07
05/07/2026 16:56:30 INFO [MainThread]   NVD page: got 648 (total 648/648)
05/07/2026 16:56:30 INFO [MainThread]   → 648 new CVEs (range covered up to 2026-05-07T14:56:12.443820+00:00)
05/07/2026 16:56:30 INFO [MainThread] CVE matcher — 21 matches found, 21 new
05/07/2026 16:56:30 INFO [MainThread] CVE matcher: 21 new matches this run, 47 total to date
05/07/2026 16:56:30 INFO [MainThread] === Next run at 2026-05-08T06:00:00+00:00 (in 15.1h) ===
05/08/2026 08:00:00 INFO [MainThread] === Pipeline run started at 2026-05-08T06:00:00.000473+00:00 ===
05/08/2026 08:00:00 INFO [task_0] TASK 1 (official) — fetching NVD CVEs from last 30 days…
05/08/2026 08:00:00 INFO [task_0]   NVD window: 2026-04-08 → 2026-05-08
05/08/2026 08:00:00 INFO [task_1] TASK 2 (hot) — searching security commits since 2026-05-01
05/08/2026 08:00:00 INFO [task_2] TASK 3 (talkers) — looking at activity since 2026-05-01
05/08/2026 08:00:00 INFO [task_2]   talkers: counting issues since 2026-05-01
05/08/2026 08:00:00 INFO [task_1]   hot: searching commits for "CVE" since 2026-05-01
05/08/2026 08:00:10 INFO [task_1]   hot: searching commits for "vulnerability" since 2026-05-01
05/08/2026 08:00:15 INFO [task_2]   talkers: counting commits since 2026-05-01
05/08/2026 08:00:19 INFO [task_0]   NVD page: got 2000 (total 2000/5934)
05/08/2026 08:00:21 WARNING [task_2] Rate limit low/hit, sleeping 232s…
05/08/2026 08:00:23 INFO [task_1]   hot: searching commits for "exploit" since 2026-05-01
05/08/2026 08:00:38 INFO [task_0]   NVD page: got 2000 (total 4000/5934)
05/08/2026 08:00:57 INFO [task_0]   NVD page: got 1934 (total 5934/5934)
05/08/2026 08:00:57 INFO [task_0]   → got 5934 CVEs from NVD
05/08/2026 08:00:57 INFO [task_0]   → distinct (vendor, product) pairs: 2010
05/08/2026 08:01:14 INFO [task_0] TASK 1 (official) — selected 30 repos
05/08/2026 08:04:13 WARNING [task_1] Rate limit low/hit, sleeping 1s…
05/08/2026 08:04:29 INFO [task_1]   hot: searching commits for "security" since 2026-05-01
05/08/2026 08:04:32 WARNING [task_2] Rate limit low/hit, sleeping 235s…
05/08/2026 08:08:27 WARNING [task_1] Rate limit low/hit, sleeping 1s…
05/08/2026 08:08:30 INFO [task_2] TASK 3 (talkers) — selected 30 repos
05/08/2026 08:08:37 INFO [task_1]   hot: searching commits for "injection" since 2026-05-01
05/08/2026 08:08:52 INFO [task_1]   hot: searching commits for "XSS" since 2026-05-01
05/08/2026 08:09:07 INFO [task_1]   hot: searching commits for "CSRF" since 2026-05-01
05/08/2026 08:09:22 INFO [task_1]   hot: searching commits for "overflow" since 2026-05-01
05/08/2026 08:09:32 INFO [task_1]   hot: searching commits for "RCE" since 2026-05-01
05/08/2026 08:09:48 INFO [task_1]   hot: searching commits for "sanitize" since 2026-05-01
05/08/2026 08:10:02 INFO [task_1]   hot: searching commits for "auth bypass" since 2026-05-01
05/08/2026 08:10:19 INFO [task_1]   hot: searching commits for "credential" since 2026-05-01
05/08/2026 08:10:32 INFO [task_1]   hot: searching commits for "patch" since 2026-05-01
05/08/2026 08:10:43 INFO [task_1]   → 1358 repos with at least one security-keyword commit
05/08/2026 08:13:13 INFO [task_1]   hot: enriched 10/60 candidates
05/08/2026 08:15:59 INFO [task_1]   hot: enriched 20/60 candidates
05/08/2026 08:18:44 INFO [task_1]   hot: enriched 30/60 candidates
05/08/2026 08:21:15 INFO [task_1]   hot: enriched 40/60 candidates
05/08/2026 08:24:01 INFO [task_1]   hot: enriched 50/60 candidates
05/08/2026 08:26:46 INFO [task_1]   hot: enriched 60/60 candidates
05/08/2026 08:26:47 INFO [task_1] TASK 2 (hot) — selected 30 repos
05/08/2026 08:26:47 INFO [MainThread] Persisted task=official: 30 selected, 30 new in DB
05/08/2026 08:26:47 INFO [MainThread] Persisted task=hot: 30 selected, 30 new in DB
05/08/2026 08:26:47 INFO [MainThread] Persisted task=talkers: 30 selected, 30 new in DB
05/08/2026 08:26:47 INFO [MainThread] CVE matcher — fetching NVD CVEs since 2026-05-07T14:56:12.443820+00:00
05/08/2026 08:26:47 INFO [MainThread]   NVD window: 2026-05-07 → 2026-05-08
05/08/2026 08:26:49 INFO [MainThread]   NVD page: got 173 (total 173/173)
05/08/2026 08:26:49 INFO [MainThread]   → 173 new CVEs (range covered up to 2026-05-08T06:26:47.503507+00:00)
05/08/2026 08:26:49 INFO [MainThread] CVE matcher — 1 matches found, 1 new
05/08/2026 08:26:50 INFO [MainThread] CVE matcher: 1 new matches this run, 48 total to date
05/08/2026 08:26:50 INFO [MainThread] === Next run at 2026-05-09T06:00:00+00:00 (in 23.6h) ===
05/09/2026 08:00:00 INFO [MainThread] === Pipeline run started at 2026-05-09T06:00:00.000302+00:00 ===
05/09/2026 08:00:00 INFO [task_0] TASK 1 (official) — fetching NVD CVEs from last 30 days…
05/09/2026 08:00:00 INFO [task_0]   NVD window: 2026-04-09 → 2026-05-09
05/09/2026 08:00:00 INFO [task_1] TASK 2 (hot) — searching security commits since 2026-05-02
05/09/2026 08:00:00 INFO [task_1]   hot: searching commits for "CVE" since 2026-05-02
05/09/2026 08:00:00 INFO [task_2] TASK 3 (talkers) — looking at activity since 2026-05-02
05/09/2026 08:00:00 INFO [task_2]   talkers: counting issues since 2026-05-02
05/09/2026 08:00:05 INFO [task_0]   NVD page: got 2000 (total 2000/5838)
05/09/2026 08:00:10 INFO [task_1]   hot: searching commits for "vulnerability" since 2026-05-02
05/09/2026 08:00:13 INFO [task_2]   talkers: counting commits since 2026-05-02
05/09/2026 08:00:17 WARNING [task_1] Rate limit low/hit, sleeping 237s…
05/09/2026 08:00:24 INFO [task_0]   NVD page: got 2000 (total 4000/5838)
05/09/2026 08:00:44 INFO [task_0]   NVD page: got 1838 (total 5838/5838)
05/09/2026 08:00:44 INFO [task_0]   → got 5838 CVEs from NVD
05/09/2026 08:00:44 INFO [task_0]   → distinct (vendor, product) pairs: 1961
05/09/2026 08:01:03 INFO [task_0] TASK 1 (official) — selected 30 repos
05/09/2026 08:04:14 WARNING [task_2] Rate limit low/hit, sleeping 1s…
05/09/2026 08:04:20 INFO [task_1]   hot: searching commits for "exploit" since 2026-05-02
05/09/2026 08:04:24 WARNING [task_2] Rate limit low/hit, sleeping 244s…
05/09/2026 08:08:28 WARNING [task_1] Rate limit low/hit, sleeping 1s…
05/09/2026 08:08:28 WARNING [task_2] Request error for https://api.github.com/search/commits: ('Connection aborted.', ConnectionResetError(104, 'Connection reset by peer'))
05/09/2026 08:08:37 INFO [task_1]   hot: searching commits for "security" since 2026-05-02
05/09/2026 08:08:46 INFO [task_2] TASK 3 (talkers) — selected 30 repos
05/09/2026 08:08:48 INFO [task_1]   hot: searching commits for "injection" since 2026-05-02
05/09/2026 08:09:02 INFO [task_1]   hot: searching commits for "XSS" since 2026-05-02
05/09/2026 08:09:15 INFO [task_1]   hot: searching commits for "CSRF" since 2026-05-02
05/09/2026 08:09:31 INFO [task_1]   hot: searching commits for "overflow" since 2026-05-02
05/09/2026 08:09:41 INFO [task_1]   hot: searching commits for "RCE" since 2026-05-02
05/09/2026 08:09:56 INFO [task_1]   hot: searching commits for "sanitize" since 2026-05-02
05/09/2026 08:10:10 INFO [task_1]   hot: searching commits for "auth bypass" since 2026-05-02
05/09/2026 08:10:25 INFO [task_1]   hot: searching commits for "credential" since 2026-05-02
05/09/2026 08:10:37 INFO [task_1]   hot: searching commits for "patch" since 2026-05-02
05/09/2026 08:10:49 INFO [task_1]   → 1348 repos with at least one security-keyword commit
05/09/2026 08:13:18 INFO [task_1]   hot: enriched 10/60 candidates
05/09/2026 08:16:03 INFO [task_1]   hot: enriched 20/60 candidates
05/09/2026 08:18:49 INFO [task_1]   hot: enriched 30/60 candidates
05/09/2026 08:21:34 INFO [task_1]   hot: enriched 40/60 candidates
05/09/2026 08:24:19 INFO [task_1]   hot: enriched 50/60 candidates
05/09/2026 08:26:35 INFO [task_1]   hot: enriched 60/60 candidates
05/09/2026 08:26:35 INFO [task_1] TASK 2 (hot) — selected 30 repos
05/09/2026 08:26:35 INFO [MainThread] Persisted task=official: 30 selected, 30 new in DB
05/09/2026 08:26:35 INFO [MainThread] Persisted task=hot: 30 selected, 30 new in DB
05/09/2026 08:26:35 INFO [MainThread] Persisted task=talkers: 30 selected, 30 new in DB
05/09/2026 08:26:35 INFO [MainThread] CVE matcher — fetching NVD CVEs since 2026-05-08T06:26:47.503507+00:00
05/09/2026 08:26:35 INFO [MainThread]   NVD window: 2026-05-08 → 2026-05-09
05/09/2026 08:26:36 INFO [MainThread]   NVD page: got 388 (total 388/388)
05/09/2026 08:26:36 INFO [MainThread]   → 388 new CVEs (range covered up to 2026-05-09T06:26:35.929183+00:00)
05/09/2026 08:26:36 INFO [MainThread] CVE matcher — 0 matches found, 0 new
05/09/2026 08:26:36 INFO [MainThread] CVE matcher: 0 new matches this run, 48 total to date
05/09/2026 08:26:36 INFO [MainThread] === Next run at 2026-05-10T06:00:00+00:00 (in 23.6h) ===
05/10/2026 08:00:00 INFO [MainThread] === Pipeline run started at 2026-05-10T06:00:00.000257+00:00 ===
05/10/2026 08:00:00 INFO [task_0] TASK 1 (official) — fetching NVD CVEs from last 30 days…
05/10/2026 08:00:00 INFO [task_0]   NVD window: 2026-04-10 → 2026-05-10
05/10/2026 08:00:00 INFO [task_1] TASK 2 (hot) — searching security commits since 2026-05-03
05/10/2026 08:00:00 INFO [task_1]   hot: searching commits for "CVE" since 2026-05-03
05/10/2026 08:00:00 INFO [task_2] TASK 3 (talkers) — looking at activity since 2026-05-03
05/10/2026 08:00:00 INFO [task_2]   talkers: counting issues since 2026-05-03
05/10/2026 08:00:08 INFO [task_0]   NVD page: got 2000 (total 2000/5626)
05/10/2026 08:00:10 INFO [task_1]   hot: searching commits for "vulnerability" since 2026-05-03
05/10/2026 08:00:22 INFO [task_0]   NVD page: got 2000 (total 4000/5626)
05/10/2026 08:00:22 INFO [task_1]   hot: searching commits for "exploit" since 2026-05-03
05/10/2026 08:00:29 INFO [task_0]   NVD page: got 1626 (total 5626/5626)
05/10/2026 08:00:29 INFO [task_0]   → got 5626 CVEs from NVD
05/10/2026 08:00:29 INFO [task_0]   → distinct (vendor, product) pairs: 1856
05/10/2026 08:00:36 INFO [task_1]   hot: searching commits for "security" since 2026-05-03
05/10/2026 08:00:37 INFO [task_2]   talkers: counting commits since 2026-05-03
05/10/2026 08:00:42 WARNING [task_1] Rate limit low/hit, sleeping 212s…
05/10/2026 08:04:14 WARNING [task_2] Rate limit low/hit, sleeping 1s…
05/10/2026 08:04:15 WARNING [task_0] Rate limit low/hit, sleeping 1s…
05/10/2026 08:04:20 INFO [task_1]   hot: searching commits for "injection" since 2026-05-03
05/10/2026 08:04:33 INFO [task_1]   hot: searching commits for "XSS" since 2026-05-03
05/10/2026 08:04:37 INFO [task_2] TASK 3 (talkers) — selected 30 repos
05/10/2026 08:04:38 INFO [task_0] TASK 1 (official) — selected 30 repos
05/10/2026 08:04:40 INFO [task_1]   hot: searching commits for "CSRF" since 2026-05-03
05/10/2026 08:04:54 INFO [task_1]   hot: searching commits for "overflow" since 2026-05-03
05/10/2026 08:04:55 WARNING [task_1] Rate limit low/hit, sleeping 214s…
05/10/2026 08:08:38 INFO [task_1]   hot: searching commits for "RCE" since 2026-05-03
05/10/2026 08:08:54 INFO [task_1]   hot: searching commits for "sanitize" since 2026-05-03
05/10/2026 08:09:07 INFO [task_1]   hot: searching commits for "auth bypass" since 2026-05-03
05/10/2026 08:09:23 INFO [task_1]   hot: searching commits for "credential" since 2026-05-03
05/10/2026 08:09:35 INFO [task_1]   hot: searching commits for "patch" since 2026-05-03
05/10/2026 08:09:45 INFO [task_1]   → 1282 repos with at least one security-keyword commit
05/10/2026 08:12:15 INFO [task_1]   hot: enriched 10/60 candidates
05/10/2026 08:15:00 INFO [task_1]   hot: enriched 20/60 candidates
05/10/2026 08:17:46 INFO [task_1]   hot: enriched 30/60 candidates
05/10/2026 08:20:31 INFO [task_1]   hot: enriched 40/60 candidates
05/10/2026 08:23:16 INFO [task_1]   hot: enriched 50/60 candidates
05/10/2026 08:25:45 INFO [task_1]   hot: enriched 60/60 candidates
05/10/2026 08:25:46 INFO [task_1] TASK 2 (hot) — selected 30 repos
05/10/2026 08:25:46 INFO [MainThread] Persisted task=official: 30 selected, 30 new in DB
05/10/2026 08:25:46 INFO [MainThread] Persisted task=hot: 30 selected, 30 new in DB
05/10/2026 08:25:46 INFO [MainThread] Persisted task=talkers: 30 selected, 30 new in DB
05/10/2026 08:25:46 INFO [MainThread] CVE matcher — fetching NVD CVEs since 2026-05-09T06:26:35.929183+00:00
05/10/2026 08:25:46 INFO [MainThread]   NVD window: 2026-05-09 → 2026-05-10
05/10/2026 08:25:47 INFO [MainThread]   NVD page: got 69 (total 69/69)
05/10/2026 08:25:47 INFO [MainThread]   → 69 new CVEs (range covered up to 2026-05-10T06:25:46.473997+00:00)
05/10/2026 08:25:47 INFO [MainThread] CVE matcher — 0 matches found, 0 new
05/10/2026 08:25:47 INFO [MainThread] CVE matcher: 0 new matches this run, 48 total to date
05/10/2026 08:25:47 INFO [MainThread] === Next run at 2026-05-11T06:00:00+00:00 (in 23.6h) ===
05/11/2026 08:00:00 INFO [MainThread] === Pipeline run started at 2026-05-11T06:00:00.000186+00:00 ===
05/11/2026 08:00:00 INFO [task_0] TASK 1 (official) — fetching NVD CVEs from last 30 days…
05/11/2026 08:00:00 INFO [task_0]   NVD window: 2026-04-11 → 2026-05-11
05/11/2026 08:00:00 INFO [task_1] TASK 2 (hot) — searching security commits since 2026-05-04
05/11/2026 08:00:00 INFO [task_2] TASK 3 (talkers) — looking at activity since 2026-05-04
05/11/2026 08:00:00 INFO [task_2]   talkers: counting issues since 2026-05-04
05/11/2026 08:00:00 INFO [task_1]   hot: searching commits for "CVE" since 2026-05-04
05/11/2026 08:00:10 INFO [task_1]   hot: searching commits for "vulnerability" since 2026-05-04
05/11/2026 08:00:18 INFO [task_0]   NVD page: got 2000 (total 2000/5517)
05/11/2026 08:00:23 INFO [task_1]   hot: searching commits for "exploit" since 2026-05-04
05/11/2026 08:00:27 INFO [task_1]   hot: searching commits for "security" since 2026-05-04
05/11/2026 08:00:39 INFO [task_2]   talkers: counting commits since 2026-05-04
05/11/2026 08:00:39 INFO [task_1]   hot: searching commits for "injection" since 2026-05-04
05/11/2026 08:00:43 WARNING [task_1] Rate limit low/hit, sleeping 211s…
05/11/2026 08:00:48 INFO [task_0]   NVD page: got 2000 (total 4000/5517)
05/11/2026 08:01:07 INFO [task_0]   NVD page: got 1517 (total 5517/5517)
05/11/2026 08:01:07 INFO [task_0]   → got 5517 CVEs from NVD
05/11/2026 08:01:08 INFO [task_0]   → distinct (vendor, product) pairs: 1815
05/11/2026 08:01:16 INFO [task_0] TASK 1 (official) — selected 30 repos
05/11/2026 08:04:14 WARNING [task_2] Rate limit low/hit, sleeping 1s…
05/11/2026 08:04:18 WARNING [task_2] Rate limit low/hit, sleeping 251s…
05/11/2026 08:08:29 WARNING [task_1] Rate limit low/hit, sleeping 1s…
05/11/2026 08:08:35 WARNING [task_2] Rate limit low/hit, sleeping 249s…
05/11/2026 08:08:36 INFO [task_1]   hot: searching commits for "XSS" since 2026-05-04
05/11/2026 08:12:44 WARNING [task_1] Rate limit low/hit, sleeping 1s…
05/11/2026 08:12:49 WARNING [task_1] Rate limit low/hit, sleeping 250s…
05/11/2026 08:16:59 WARNING [task_2] Rate limit low/hit, sleeping 1s…
05/11/2026 08:17:03 WARNING [task_2] Rate limit low/hit, sleeping 250s…
05/11/2026 08:21:13 WARNING [task_1] Rate limit low/hit, sleeping 1s…
05/11/2026 08:21:18 INFO [task_2] TASK 3 (talkers) — selected 30 repos
05/11/2026 08:21:20 INFO [task_1]   hot: searching commits for "CSRF" since 2026-05-04
05/11/2026 08:21:20 WARNING [task_1] Rate limit low/hit, sleeping 247s…
05/11/2026 08:25:43 INFO [task_1]   hot: searching commits for "overflow" since 2026-05-04
05/11/2026 08:25:53 INFO [task_1]   hot: searching commits for "RCE" since 2026-05-04
05/11/2026 08:26:09 INFO [task_1]   hot: searching commits for "sanitize" since 2026-05-04
05/11/2026 08:26:22 INFO [task_1]   hot: searching commits for "auth bypass" since 2026-05-04
05/11/2026 08:26:27 INFO [task_1]   hot: searching commits for "credential" since 2026-05-04
05/11/2026 08:26:39 INFO [task_1]   hot: searching commits for "patch" since 2026-05-04
05/11/2026 08:26:50 INFO [task_1]   → 1079 repos with at least one security-keyword commit
05/11/2026 08:29:20 INFO [task_1]   hot: enriched 10/60 candidates
05/11/2026 08:32:05 INFO [task_1]   hot: enriched 20/60 candidates
05/11/2026 08:34:52 INFO [task_1]   hot: enriched 30/60 candidates
05/11/2026 08:37:22 INFO [task_1]   hot: enriched 40/60 candidates
05/11/2026 08:40:07 INFO [task_1]   hot: enriched 50/60 candidates
05/11/2026 08:42:53 INFO [task_1]   hot: enriched 60/60 candidates
05/11/2026 08:42:53 INFO [task_1] TASK 2 (hot) — selected 30 repos
05/11/2026 08:42:53 INFO [MainThread] Persisted task=official: 30 selected, 30 new in DB
05/11/2026 08:42:53 INFO [MainThread] Persisted task=hot: 30 selected, 30 new in DB
05/11/2026 08:42:54 INFO [MainThread] Persisted task=talkers: 30 selected, 30 new in DB
05/11/2026 08:42:54 INFO [MainThread] CVE matcher — fetching NVD CVEs since 2026-05-10T06:25:46.473997+00:00
05/11/2026 08:42:54 INFO [MainThread]   NVD window: 2026-05-10 → 2026-05-11
05/11/2026 08:42:55 INFO [MainThread]   NVD page: got 98 (total 98/98)
05/11/2026 08:42:55 INFO [MainThread]   → 98 new CVEs (range covered up to 2026-05-11T06:42:54.063978+00:00)
05/11/2026 08:42:55 INFO [MainThread] CVE matcher — 0 matches found, 0 new
05/11/2026 08:42:55 INFO [MainThread] CVE matcher: 0 new matches this run, 48 total to date
05/11/2026 08:42:55 INFO [MainThread] === Next run at 2026-05-12T06:00:00+00:00 (in 23.3h) ===
05/12/2026 08:00:00 INFO [MainThread] === Pipeline run started at 2026-05-12T06:00:00.000230+00:00 ===
05/12/2026 08:00:00 INFO [task_0] TASK 1 (official) — fetching NVD CVEs from last 30 days…
05/12/2026 08:00:00 INFO [task_0]   NVD window: 2026-04-12 → 2026-05-12
05/12/2026 08:00:00 INFO [task_1] TASK 2 (hot) — searching security commits since 2026-05-05
05/12/2026 08:00:00 INFO [task_2] TASK 3 (talkers) — looking at activity since 2026-05-05
05/12/2026 08:00:00 INFO [task_2]   talkers: counting issues since 2026-05-05
05/12/2026 08:00:00 INFO [task_1]   hot: searching commits for "CVE" since 2026-05-05
05/12/2026 08:00:10 INFO [task_1]   hot: searching commits for "vulnerability" since 2026-05-05
05/12/2026 08:00:11 INFO [task_0]   NVD page: got 2000 (total 2000/5855)
05/12/2026 08:00:24 INFO [task_1]   hot: searching commits for "exploit" since 2026-05-05
05/12/2026 08:00:28 INFO [task_1]   hot: searching commits for "security" since 2026-05-05
05/12/2026 08:00:39 INFO [task_2]   talkers: counting commits since 2026-05-05
05/12/2026 08:00:39 INFO [task_0]   NVD page: got 2000 (total 4000/5855)
05/12/2026 08:00:40 INFO [task_1]   hot: searching commits for "injection" since 2026-05-05
05/12/2026 08:00:44 WARNING [task_1] Rate limit low/hit, sleeping 211s…
05/12/2026 08:00:56 INFO [task_0]   NVD page: got 1855 (total 5855/5855)
05/12/2026 08:00:56 INFO [task_0]   → got 5855 CVEs from NVD
05/12/2026 08:00:57 INFO [task_0]   → distinct (vendor, product) pairs: 1938
05/12/2026 08:01:05 INFO [task_0] TASK 1 (official) — selected 30 repos
05/12/2026 08:04:15 WARNING [task_2] Rate limit low/hit, sleeping 1s…
05/12/2026 08:04:19 WARNING [task_2] Rate limit low/hit, sleeping 251s…
05/12/2026 08:08:30 WARNING [task_1] Rate limit low/hit, sleeping 1s…
05/12/2026 08:08:37 WARNING [task_2] Rate limit low/hit, sleeping 248s…
05/12/2026 08:08:38 INFO [task_1]   hot: searching commits for "XSS" since 2026-05-05
05/12/2026 08:12:45 WARNING [task_1] Rate limit low/hit, sleeping 1s…
05/12/2026 08:12:50 WARNING [task_1] Rate limit low/hit, sleeping 250s…
05/12/2026 08:17:00 WARNING [task_2] Rate limit low/hit, sleeping 1s…
05/12/2026 08:17:09 INFO [task_2] TASK 3 (talkers) — selected 30 repos
05/12/2026 08:17:11 INFO [task_1]   hot: searching commits for "CSRF" since 2026-05-05
05/12/2026 08:17:11 WARNING [task_1] Rate limit low/hit, sleeping 244s…
05/12/2026 08:21:30 INFO [task_1]   hot: searching commits for "overflow" since 2026-05-05
05/12/2026 08:21:41 INFO [task_1]   hot: searching commits for "RCE" since 2026-05-05
05/12/2026 08:21:57 INFO [task_1]   hot: searching commits for "sanitize" since 2026-05-05
05/12/2026 08:22:11 INFO [task_1]   hot: searching commits for "auth bypass" since 2026-05-05
05/12/2026 08:22:27 INFO [task_1]   hot: searching commits for "credential" since 2026-05-05
05/12/2026 08:22:40 INFO [task_1]   hot: searching commits for "patch" since 2026-05-05
05/12/2026 08:22:52 INFO [task_1]   → 1242 repos with at least one security-keyword commit
05/12/2026 08:25:23 INFO [task_1]   hot: enriched 10/60 candidates
05/12/2026 08:28:09 INFO [task_1]   hot: enriched 20/60 candidates
05/12/2026 08:30:55 INFO [task_1]   hot: enriched 30/60 candidates
05/12/2026 08:33:41 INFO [task_1]   hot: enriched 40/60 candidates
05/12/2026 08:36:27 INFO [task_1]   hot: enriched 50/60 candidates
05/12/2026 08:39:13 INFO [task_1]   hot: enriched 60/60 candidates
05/12/2026 08:39:14 INFO [task_1] TASK 2 (hot) — selected 30 repos
05/12/2026 08:39:14 INFO [MainThread] Persisted task=official: 30 selected, 30 new in DB
05/12/2026 08:39:14 INFO [MainThread] Persisted task=hot: 30 selected, 30 new in DB
05/12/2026 08:39:14 INFO [MainThread] Persisted task=talkers: 30 selected, 30 new in DB
05/12/2026 08:39:14 INFO [MainThread] CVE matcher — fetching NVD CVEs since 2026-05-11T06:42:54.063978+00:00
05/12/2026 08:39:14 INFO [MainThread]   NVD window: 2026-05-11 → 2026-05-12
05/12/2026 08:39:15 INFO [MainThread]   NVD page: got 356 (total 356/356)
05/12/2026 08:39:15 INFO [MainThread]   → 356 new CVEs (range covered up to 2026-05-12T06:39:14.549471+00:00)
05/12/2026 08:39:15 INFO [MainThread] CVE matcher — 34 matches found, 34 new
05/12/2026 08:39:15 INFO [MainThread] CVE matcher: 34 new matches this run, 82 total to date
05/12/2026 08:39:15 INFO [MainThread] === Next run at 2026-05-13T06:00:00+00:00 (in 23.3h) ===
05/13/2026 08:00:00 INFO [MainThread] === Pipeline run started at 2026-05-13T06:00:00.000562+00:00 ===
05/13/2026 08:00:00 INFO [task_0] TASK 1 (official) — fetching NVD CVEs from last 30 days…
05/13/2026 08:00:00 INFO [task_0]   NVD window: 2026-04-13 → 2026-05-13
05/13/2026 08:00:00 INFO [task_1] TASK 2 (hot) — searching security commits since 2026-05-06
05/13/2026 08:00:00 INFO [task_1]   hot: searching commits for "CVE" since 2026-05-06
05/13/2026 08:00:00 INFO [task_2] TASK 3 (talkers) — looking at activity since 2026-05-06
05/13/2026 08:00:00 INFO [task_2]   talkers: counting issues since 2026-05-06
05/13/2026 08:00:03 INFO [task_2]   talkers: counting commits since 2026-05-06
05/13/2026 08:00:09 WARNING [task_2] Rate limit low/hit, sleeping 246s…
05/13/2026 08:00:10 INFO [task_1]   hot: searching commits for "vulnerability" since 2026-05-06
05/13/2026 08:00:32 INFO [task_0]   NVD page: got 2000 (total 2000/6293)
05/13/2026 08:01:13 INFO [task_0]   NVD page: got 2000 (total 4000/6293)
05/13/2026 08:01:45 INFO [task_0]   NVD page: got 2000 (total 6000/6293)
05/13/2026 08:01:57 INFO [task_0]   NVD page: got 293 (total 6293/6293)
05/13/2026 08:01:57 INFO [task_0]   → got 6293 CVEs from NVD
05/13/2026 08:01:57 INFO [task_0]   → distinct (vendor, product) pairs: 2002
05/13/2026 08:02:16 INFO [task_0] TASK 1 (official) — selected 30 repos
05/13/2026 08:04:15 WARNING [task_1] Rate limit low/hit, sleeping 1s…
05/13/2026 08:04:29 INFO [task_1]   hot: searching commits for "exploit" since 2026-05-06
05/13/2026 08:04:37 INFO [task_2] TASK 3 (talkers) — selected 30 repos
05/13/2026 08:04:38 INFO [task_1]   hot: searching commits for "security" since 2026-05-06
05/13/2026 08:04:50 INFO [task_1]   hot: searching commits for "injection" since 2026-05-06
05/13/2026 08:05:04 INFO [task_1]   hot: searching commits for "XSS" since 2026-05-06
05/13/2026 08:05:19 INFO [task_1]   hot: searching commits for "CSRF" since 2026-05-06
05/13/2026 08:05:34 INFO [task_1]   hot: searching commits for "overflow" since 2026-05-06
05/13/2026 08:05:44 INFO [task_1]   hot: searching commits for "RCE" since 2026-05-06
05/13/2026 08:06:00 INFO [task_1]   hot: searching commits for "sanitize" since 2026-05-06
05/13/2026 08:06:14 INFO [task_1]   hot: searching commits for "auth bypass" since 2026-05-06
05/13/2026 08:06:31 INFO [task_1]   hot: searching commits for "credential" since 2026-05-06
05/13/2026 08:06:44 INFO [task_1]   hot: searching commits for "patch" since 2026-05-06
05/13/2026 08:06:56 INFO [task_1]   → 1266 repos with at least one security-keyword commit
05/13/2026 08:09:28 INFO [task_1]   hot: enriched 10/60 candidates
05/13/2026 08:12:15 INFO [task_1]   hot: enriched 20/60 candidates
05/13/2026 08:14:46 INFO [task_1]   hot: enriched 30/60 candidates
05/13/2026 08:17:17 INFO [task_1]   hot: enriched 40/60 candidates
05/13/2026 08:20:03 INFO [task_1]   hot: enriched 50/60 candidates
05/13/2026 08:22:49 INFO [task_1]   hot: enriched 60/60 candidates
05/13/2026 08:22:49 INFO [task_1] TASK 2 (hot) — selected 30 repos
05/13/2026 08:22:49 INFO [MainThread] Persisted task=official: 30 selected, 30 new in DB
05/13/2026 08:22:49 INFO [MainThread] Persisted task=hot: 30 selected, 30 new in DB
05/13/2026 08:22:49 INFO [MainThread] Persisted task=talkers: 30 selected, 30 new in DB
05/13/2026 08:22:49 INFO [MainThread] CVE matcher — fetching NVD CVEs since 2026-05-12T06:39:14.549471+00:00
05/13/2026 08:22:49 INFO [MainThread]   NVD window: 2026-05-12 → 2026-05-13
05/13/2026 08:22:54 INFO [MainThread]   NVD page: got 529 (total 529/529)
05/13/2026 08:22:54 INFO [MainThread]   → 529 new CVEs (range covered up to 2026-05-13T06:22:49.756946+00:00)
05/13/2026 08:22:54 INFO [MainThread] CVE matcher — 4 matches found, 4 new
05/13/2026 08:22:54 INFO [MainThread] CVE matcher: 4 new matches this run, 86 total to date
05/13/2026 08:22:54 INFO [MainThread] === Next run at 2026-05-14T06:00:00+00:00 (in 23.6h) ===
05/14/2026 08:00:00 INFO [MainThread] === Pipeline run started at 2026-05-14T06:00:00.000221+00:00 ===
05/14/2026 08:00:00 INFO [task_0] TASK 1 (official) — fetching NVD CVEs from last 30 days…
05/14/2026 08:00:00 INFO [task_0]   NVD window: 2026-04-14 → 2026-05-14
05/14/2026 08:00:00 INFO [task_1] TASK 2 (hot) — searching security commits since 2026-05-07
05/14/2026 08:00:00 INFO [task_1]   hot: searching commits for "CVE" since 2026-05-07
05/14/2026 08:00:00 INFO [task_2] TASK 3 (talkers) — looking at activity since 2026-05-07
05/14/2026 08:00:00 INFO [task_2]   talkers: counting issues since 2026-05-07
05/14/2026 08:00:05 INFO [task_2]   talkers: counting commits since 2026-05-07
05/14/2026 08:00:10 INFO [task_1]   hot: searching commits for "vulnerability" since 2026-05-07
05/14/2026 08:00:11 WARNING [task_1] Rate limit low/hit, sleeping 244s…
05/14/2026 08:00:24 INFO [task_0]   NVD page: got 2000 (total 2000/6438)
05/14/2026 08:00:43 INFO [task_0]   NVD page: got 2000 (total 4000/6438)
05/14/2026 08:01:10 INFO [task_0]   NVD page: got 2000 (total 6000/6438)
05/14/2026 08:01:19 INFO [task_0]   NVD page: got 438 (total 6438/6438)
05/14/2026 08:01:19 INFO [task_0]   → got 6438 CVEs from NVD
05/14/2026 08:01:19 INFO [task_0]   → distinct (vendor, product) pairs: 2071
05/14/2026 08:01:32 INFO [task_0] TASK 1 (official) — selected 30 repos
05/14/2026 08:04:15 WARNING [task_2] Rate limit low/hit, sleeping 1s…
05/14/2026 08:04:27 INFO [task_1]   hot: searching commits for "exploit" since 2026-05-07
05/14/2026 08:04:37 INFO [task_2] TASK 3 (talkers) — selected 30 repos
05/14/2026 08:04:40 INFO [task_1]   hot: searching commits for "security" since 2026-05-07
05/14/2026 08:04:51 INFO [task_1]   hot: searching commits for "injection" since 2026-05-07
05/14/2026 08:05:04 INFO [task_1]   hot: searching commits for "XSS" since 2026-05-07
05/14/2026 08:05:19 INFO [task_1]   hot: searching commits for "CSRF" since 2026-05-07
05/14/2026 08:05:33 INFO [task_1]   hot: searching commits for "overflow" since 2026-05-07
05/14/2026 08:05:43 INFO [task_1]   hot: searching commits for "RCE" since 2026-05-07
05/14/2026 08:05:59 INFO [task_1]   hot: searching commits for "sanitize" since 2026-05-07
05/14/2026 08:06:12 INFO [task_1]   hot: searching commits for "auth bypass" since 2026-05-07
05/14/2026 08:06:28 INFO [task_1]   hot: searching commits for "credential" since 2026-05-07
05/14/2026 08:06:41 INFO [task_1]   hot: searching commits for "patch" since 2026-05-07
05/14/2026 08:06:52 INFO [task_1]   → 1340 repos with at least one security-keyword commit
05/14/2026 08:09:23 INFO [task_1]   hot: enriched 10/60 candidates
05/14/2026 08:12:09 INFO [task_1]   hot: enriched 20/60 candidates
05/14/2026 08:14:56 INFO [task_1]   hot: enriched 30/60 candidates
05/14/2026 08:17:42 INFO [task_1]   hot: enriched 40/60 candidates
05/14/2026 08:20:28 INFO [task_1]   hot: enriched 50/60 candidates
05/14/2026 08:22:59 INFO [task_1]   hot: enriched 60/60 candidates
05/14/2026 08:22:59 INFO [task_1] TASK 2 (hot) — selected 30 repos
05/14/2026 08:22:59 INFO [MainThread] Persisted task=official: 30 selected, 30 new in DB
05/14/2026 08:22:59 INFO [MainThread] Persisted task=hot: 30 selected, 30 new in DB
05/14/2026 08:22:59 INFO [MainThread] Persisted task=talkers: 30 selected, 30 new in DB
05/14/2026 08:22:59 INFO [MainThread] CVE matcher — fetching NVD CVEs since 2026-05-13T06:22:49.756946+00:00
05/14/2026 08:22:59 INFO [MainThread]   NVD window: 2026-05-13 → 2026-05-14
05/14/2026 08:23:04 INFO [MainThread]   NVD page: got 351 (total 351/351)
05/14/2026 08:23:04 INFO [MainThread]   → 351 new CVEs (range covered up to 2026-05-14T06:22:59.874602+00:00)
05/14/2026 08:23:04 INFO [MainThread] CVE matcher — 0 matches found, 0 new
05/14/2026 08:23:04 INFO [MainThread] CVE matcher: 0 new matches this run, 86 total to date
05/14/2026 08:23:04 INFO [MainThread] === Next run at 2026-05-15T06:00:00+00:00 (in 23.6h) ===
05/15/2026 08:00:00 INFO [MainThread] === Pipeline run started at 2026-05-15T06:00:00.000264+00:00 ===
05/15/2026 08:00:00 INFO [task_0] TASK 1 (official) — fetching NVD CVEs from last 30 days…
05/15/2026 08:00:00 INFO [task_0]   NVD window: 2026-04-15 → 2026-05-15
05/15/2026 08:00:00 INFO [task_1] TASK 2 (hot) — searching security commits since 2026-05-08
05/15/2026 08:00:00 INFO [task_1]   hot: searching commits for "CVE" since 2026-05-08
05/15/2026 08:00:00 INFO [task_2] TASK 3 (talkers) — looking at activity since 2026-05-08
05/15/2026 08:00:00 INFO [task_2]   talkers: counting issues since 2026-05-08
05/15/2026 08:00:05 INFO [task_2]   talkers: counting commits since 2026-05-08
05/15/2026 08:00:11 INFO [task_1]   hot: searching commits for "vulnerability" since 2026-05-08
05/15/2026 08:00:17 WARNING [task_2] Rate limit low/hit, sleeping 239s…
05/15/2026 08:00:17 INFO [task_0]   NVD page: got 2000 (total 2000/6402)
05/15/2026 08:00:29 INFO [task_0]   NVD page: got 2000 (total 4000/6402)
05/15/2026 08:00:41 INFO [task_0]   NVD page: got 2000 (total 6000/6402)
05/15/2026 08:00:48 INFO [task_0]   NVD page: got 402 (total 6402/6402)
05/15/2026 08:00:48 INFO [task_0]   → got 6402 CVEs from NVD
05/15/2026 08:00:48 INFO [task_0]   → distinct (vendor, product) pairs: 2098
05/15/2026 08:01:07 INFO [task_0] TASK 1 (official) — selected 30 repos
05/15/2026 08:04:16 WARNING [task_1] Rate limit low/hit, sleeping 1s…
05/15/2026 08:04:23 INFO [task_1]   hot: searching commits for "exploit" since 2026-05-08
05/15/2026 08:04:33 INFO [task_2] TASK 3 (talkers) — selected 30 repos
05/15/2026 08:04:33 INFO [task_1]   hot: searching commits for "security" since 2026-05-08
05/15/2026 08:04:45 INFO [task_1]   hot: searching commits for "injection" since 2026-05-08
05/15/2026 08:05:00 INFO [task_1]   hot: searching commits for "XSS" since 2026-05-08
05/15/2026 08:05:15 INFO [task_1]   hot: searching commits for "CSRF" since 2026-05-08
05/15/2026 08:05:19 INFO [task_1]   hot: searching commits for "overflow" since 2026-05-08
05/15/2026 08:05:29 INFO [task_1]   hot: searching commits for "RCE" since 2026-05-08
05/15/2026 08:05:46 INFO [task_1]   hot: searching commits for "sanitize" since 2026-05-08
05/15/2026 08:06:00 INFO [task_1]   hot: searching commits for "auth bypass" since 2026-05-08
05/15/2026 08:06:16 INFO [task_1]   hot: searching commits for "credential" since 2026-05-08
05/15/2026 08:06:29 INFO [task_1]   hot: searching commits for "patch" since 2026-05-08
05/15/2026 08:06:41 INFO [task_1]   → 1138 repos with at least one security-keyword commit
05/15/2026 08:09:11 INFO [task_1]   hot: enriched 10/60 candidates
05/15/2026 08:11:56 INFO [task_1]   hot: enriched 20/60 candidates
05/15/2026 08:14:42 INFO [task_1]   hot: enriched 30/60 candidates
05/15/2026 08:17:26 INFO [task_1]   hot: enriched 40/60 candidates
05/15/2026 08:19:56 INFO [task_1]   hot: enriched 50/60 candidates
05/15/2026 08:22:41 INFO [task_1]   hot: enriched 60/60 candidates
05/15/2026 08:22:41 INFO [task_1] TASK 2 (hot) — selected 30 repos
05/15/2026 08:22:42 INFO [MainThread] Persisted task=official: 30 selected, 30 new in DB
05/15/2026 08:22:42 INFO [MainThread] Persisted task=hot: 30 selected, 30 new in DB
05/15/2026 08:22:42 INFO [MainThread] Persisted task=talkers: 30 selected, 30 new in DB
05/15/2026 08:22:42 INFO [MainThread] CVE matcher — fetching NVD CVEs since 2026-05-14T06:22:59.874602+00:00
05/15/2026 08:22:42 INFO [MainThread]   NVD window: 2026-05-14 → 2026-05-15
05/15/2026 08:22:43 INFO [MainThread]   NVD page: got 313 (total 313/313)
05/15/2026 08:22:43 INFO [MainThread]   → 313 new CVEs (range covered up to 2026-05-15T06:22:42.306518+00:00)
05/15/2026 08:22:43 INFO [MainThread] CVE matcher — 1 matches found, 1 new
05/15/2026 08:22:43 INFO [MainThread] CVE matcher: 1 new matches this run, 87 total to date
05/15/2026 08:22:43 INFO [MainThread] === Next run at 2026-05-16T06:00:00+00:00 (in 23.6h) ===
05/16/2026 08:00:00 INFO [MainThread] === Pipeline run started at 2026-05-16T06:00:00.000301+00:00 ===
05/16/2026 08:00:00 INFO [task_0] TASK 1 (official) — fetching NVD CVEs from last 30 days…
05/16/2026 08:00:00 INFO [task_0]   NVD window: 2026-04-16 → 2026-05-16
05/16/2026 08:00:00 INFO [task_1] TASK 2 (hot) — searching security commits since 2026-05-09
05/16/2026 08:00:00 INFO [task_2] TASK 3 (talkers) — looking at activity since 2026-05-09
05/16/2026 08:00:00 INFO [task_1]   hot: searching commits for "CVE" since 2026-05-09
05/16/2026 08:00:00 INFO [task_2]   talkers: counting issues since 2026-05-09
05/16/2026 08:00:08 INFO [task_0]   NVD page: got 2000 (total 2000/6365)
05/16/2026 08:00:10 INFO [task_1]   hot: searching commits for "vulnerability" since 2026-05-09
05/16/2026 08:00:16 INFO [task_2]   talkers: counting commits since 2026-05-09
05/16/2026 08:00:21 WARNING [task_2] Rate limit low/hit, sleeping 235s…
05/16/2026 08:00:23 INFO [task_1]   hot: searching commits for "exploit" since 2026-05-09
05/16/2026 08:00:25 INFO [task_0]   NVD page: got 2000 (total 4000/6365)
05/16/2026 08:00:32 INFO [task_0]   NVD page: got 2000 (total 6000/6365)
05/16/2026 08:00:39 INFO [task_0]   NVD page: got 365 (total 6365/6365)
05/16/2026 08:00:39 INFO [task_0]   → got 6365 CVEs from NVD
05/16/2026 08:00:39 INFO [task_0]   → distinct (vendor, product) pairs: 2132
05/16/2026 08:00:52 INFO [task_0] TASK 1 (official) — selected 30 repos
05/16/2026 08:04:16 WARNING [task_1] Rate limit low/hit, sleeping 1s…
05/16/2026 08:04:26 INFO [task_1]   hot: searching commits for "security" since 2026-05-09
05/16/2026 08:04:38 INFO [task_2] TASK 3 (talkers) — selected 30 repos
05/16/2026 08:04:38 INFO [task_1]   hot: searching commits for "injection" since 2026-05-09
05/16/2026 08:04:52 INFO [task_1]   hot: searching commits for "XSS" since 2026-05-09
05/16/2026 08:05:06 INFO [task_1]   hot: searching commits for "CSRF" since 2026-05-09
05/16/2026 08:05:21 INFO [task_1]   hot: searching commits for "overflow" since 2026-05-09
05/16/2026 08:05:30 INFO [task_1]   hot: searching commits for "RCE" since 2026-05-09
05/16/2026 08:05:46 INFO [task_1]   hot: searching commits for "sanitize" since 2026-05-09
05/16/2026 08:06:00 INFO [task_1]   hot: searching commits for "auth bypass" since 2026-05-09
05/16/2026 08:06:16 INFO [task_1]   hot: searching commits for "credential" since 2026-05-09
05/16/2026 08:06:28 INFO [task_1]   hot: searching commits for "patch" since 2026-05-09
05/16/2026 08:06:39 INFO [task_1]   → 1289 repos with at least one security-keyword commit
05/16/2026 08:09:09 INFO [task_1]   hot: enriched 10/60 candidates
05/16/2026 08:11:54 INFO [task_1]   hot: enriched 20/60 candidates
05/16/2026 08:14:39 INFO [task_1]   hot: enriched 30/60 candidates
05/16/2026 08:17:25 INFO [task_1]   hot: enriched 40/60 candidates
05/16/2026 08:20:10 INFO [task_1]   hot: enriched 50/60 candidates
05/16/2026 08:22:55 INFO [task_1]   hot: enriched 60/60 candidates
05/16/2026 08:22:56 INFO [task_1] TASK 2 (hot) — selected 30 repos
05/16/2026 08:22:56 INFO [MainThread] Persisted task=official: 30 selected, 30 new in DB
05/16/2026 08:22:56 INFO [MainThread] Persisted task=hot: 30 selected, 30 new in DB
05/16/2026 08:22:56 INFO [MainThread] Persisted task=talkers: 30 selected, 30 new in DB
05/16/2026 08:22:56 INFO [MainThread] CVE matcher — fetching NVD CVEs since 2026-05-15T06:22:42.306518+00:00
05/16/2026 08:22:56 INFO [MainThread]   NVD window: 2026-05-15 → 2026-05-16
05/16/2026 08:22:58 INFO [MainThread]   NVD page: got 169 (total 169/169)
05/16/2026 08:22:58 INFO [MainThread]   → 169 new CVEs (range covered up to 2026-05-16T06:22:56.586917+00:00)
05/16/2026 08:22:58 INFO [MainThread] CVE matcher — 0 matches found, 0 new
05/16/2026 08:22:59 INFO [MainThread] CVE matcher: 0 new matches this run, 87 total to date
05/16/2026 08:22:59 INFO [MainThread] === Next run at 2026-05-17T06:00:00+00:00 (in 23.6h) ===
05/17/2026 08:00:00 INFO [MainThread] === Pipeline run started at 2026-05-17T06:00:00.000266+00:00 ===
05/17/2026 08:00:00 INFO [task_0] TASK 1 (official) — fetching NVD CVEs from last 30 days…
05/17/2026 08:00:00 INFO [task_0]   NVD window: 2026-04-17 → 2026-05-17
05/17/2026 08:00:00 INFO [task_1] TASK 2 (hot) — searching security commits since 2026-05-10
05/17/2026 08:00:00 INFO [task_2] TASK 3 (talkers) — looking at activity since 2026-05-10
05/17/2026 08:00:00 INFO [task_2]   talkers: counting issues since 2026-05-10
05/17/2026 08:00:00 INFO [task_1]   hot: searching commits for "CVE" since 2026-05-10
05/17/2026 08:00:07 INFO [task_0]   NVD page: got 2000 (total 2000/6298)
05/17/2026 08:00:10 INFO [task_1]   hot: searching commits for "vulnerability" since 2026-05-10
05/17/2026 08:00:20 INFO [task_0]   NVD page: got 2000 (total 4000/6298)
05/17/2026 08:00:23 INFO [task_1]   hot: searching commits for "exploit" since 2026-05-10
05/17/2026 08:00:28 INFO [task_0]   NVD page: got 2000 (total 6000/6298)
05/17/2026 08:00:31 INFO [task_1]   hot: searching commits for "security" since 2026-05-10
05/17/2026 08:00:34 INFO [task_0]   NVD page: got 298 (total 6298/6298)
05/17/2026 08:00:34 INFO [task_0]   → got 6298 CVEs from NVD
05/17/2026 08:00:34 INFO [task_0]   → distinct (vendor, product) pairs: 2117
05/17/2026 08:00:35 INFO [task_2]   talkers: counting commits since 2026-05-10
05/17/2026 08:00:42 INFO [task_1]   hot: searching commits for "injection" since 2026-05-10
05/17/2026 08:00:46 INFO [task_0] TASK 1 (official) — selected 30 repos
05/17/2026 08:00:56 INFO [task_1]   hot: searching commits for "XSS" since 2026-05-10
05/17/2026 08:00:57 WARNING [task_2] Rate limit low/hit, sleeping 199s…
05/17/2026 08:04:16 WARNING [task_1] Rate limit low/hit, sleeping 1s…
05/17/2026 08:04:21 INFO [task_2] TASK 3 (talkers) — selected 30 repos
05/17/2026 08:04:26 INFO [task_1]   hot: searching commits for "CSRF" since 2026-05-10
05/17/2026 08:04:40 INFO [task_1]   hot: searching commits for "overflow" since 2026-05-10
05/17/2026 08:04:50 INFO [task_1]   hot: searching commits for "RCE" since 2026-05-10
05/17/2026 08:05:05 INFO [task_1]   hot: searching commits for "sanitize" since 2026-05-10
05/17/2026 08:05:19 INFO [task_1]   hot: searching commits for "auth bypass" since 2026-05-10
05/17/2026 08:05:34 INFO [task_1]   hot: searching commits for "credential" since 2026-05-10
05/17/2026 08:05:47 INFO [task_1]   hot: searching commits for "patch" since 2026-05-10
05/17/2026 08:05:57 INFO [task_1]   → 1290 repos with at least one security-keyword commit
05/17/2026 08:08:27 INFO [task_1]   hot: enriched 10/60 candidates
05/17/2026 08:11:13 INFO [task_1]   hot: enriched 20/60 candidates
05/17/2026 08:13:58 INFO [task_1]   hot: enriched 30/60 candidates
05/17/2026 08:16:43 INFO [task_1]   hot: enriched 40/60 candidates
05/17/2026 08:19:28 INFO [task_1]   hot: enriched 50/60 candidates
05/17/2026 08:22:14 INFO [task_1]   hot: enriched 60/60 candidates
05/17/2026 08:22:14 INFO [task_1] TASK 2 (hot) — selected 30 repos
05/17/2026 08:22:14 INFO [MainThread] Persisted task=official: 30 selected, 30 new in DB
05/17/2026 08:22:14 INFO [MainThread] Persisted task=hot: 30 selected, 30 new in DB
05/17/2026 08:22:14 INFO [MainThread] Persisted task=talkers: 30 selected, 30 new in DB
05/17/2026 08:22:14 INFO [MainThread] CVE matcher — fetching NVD CVEs since 2026-05-16T06:22:56.586917+00:00
05/17/2026 08:22:14 INFO [MainThread]   NVD window: 2026-05-16 → 2026-05-17
05/17/2026 08:22:15 INFO [MainThread]   NVD page: got 56 (total 56/56)
05/17/2026 08:22:15 INFO [MainThread]   → 56 new CVEs (range covered up to 2026-05-17T06:22:14.747487+00:00)
05/17/2026 08:22:15 INFO [MainThread] CVE matcher — 4 matches found, 4 new
05/17/2026 08:22:15 INFO [MainThread] CVE matcher: 4 new matches this run, 91 total to date
05/17/2026 08:22:15 INFO [MainThread] === Next run at 2026-05-18T06:00:00+00:00 (in 23.6h) ===
05/18/2026 08:00:00 INFO [MainThread] === Pipeline run started at 2026-05-18T06:00:00.000243+00:00 ===
05/18/2026 08:00:00 INFO [task_0] TASK 1 (official) — fetching NVD CVEs from last 30 days…
05/18/2026 08:00:00 INFO [task_0]   NVD window: 2026-04-18 → 2026-05-18
05/18/2026 08:00:00 INFO [task_1] TASK 2 (hot) — searching security commits since 2026-05-11
05/18/2026 08:00:00 INFO [task_2] TASK 3 (talkers) — looking at activity since 2026-05-11
05/18/2026 08:00:00 INFO [task_2]   talkers: counting issues since 2026-05-11
05/18/2026 08:00:00 INFO [task_1]   hot: searching commits for "CVE" since 2026-05-11
05/18/2026 08:00:05 INFO [task_0]   NVD page: got 2000 (total 2000/6195)
05/18/2026 08:00:11 INFO [task_1]   hot: searching commits for "vulnerability" since 2026-05-11
05/18/2026 08:00:15 INFO [task_0]   NVD page: got 2000 (total 4000/6195)
05/18/2026 08:00:15 WARNING [task_1] Rate limit low/hit, sleeping 241s…
05/18/2026 08:00:25 INFO [task_0]   NVD page: got 2000 (total 6000/6195)
05/18/2026 08:00:25 INFO [task_2]   talkers: counting commits since 2026-05-11
05/18/2026 08:00:34 INFO [task_0]   NVD page: got 195 (total 6195/6195)
05/18/2026 08:00:34 INFO [task_0]   → got 6195 CVEs from NVD
05/18/2026 08:00:34 INFO [task_0]   → distinct (vendor, product) pairs: 2085
05/18/2026 08:01:25 INFO [task_0] TASK 1 (official) — selected 30 repos
05/18/2026 08:04:16 WARNING [task_2] Rate limit low/hit, sleeping 1s…
05/18/2026 08:04:23 WARNING [task_2] Rate limit low/hit, sleeping 250s…
05/18/2026 08:04:27 INFO [task_1]   hot: searching commits for "exploit" since 2026-05-11
05/18/2026 08:08:33 WARNING [task_1] Rate limit low/hit, sleeping 1s…
05/18/2026 08:08:42 WARNING [task_2] Rate limit low/hit, sleeping 248s…
05/18/2026 08:12:50 WARNING [task_1] Rate limit low/hit, sleeping 1s…
05/18/2026 08:12:58 INFO [task_1]   hot: searching commits for "security" since 2026-05-11
05/18/2026 08:13:04 INFO [task_2] TASK 3 (talkers) — selected 30 repos
05/18/2026 08:13:10 INFO [task_1]   hot: searching commits for "injection" since 2026-05-11
05/18/2026 08:13:25 INFO [task_1]   hot: searching commits for "XSS" since 2026-05-11
05/18/2026 08:13:39 INFO [task_1]   hot: searching commits for "CSRF" since 2026-05-11
05/18/2026 08:13:55 INFO [task_1]   hot: searching commits for "overflow" since 2026-05-11
05/18/2026 08:14:05 INFO [task_1]   hot: searching commits for "RCE" since 2026-05-11
05/18/2026 08:14:20 INFO [task_1]   hot: searching commits for "sanitize" since 2026-05-11
05/18/2026 08:14:35 INFO [task_1]   hot: searching commits for "auth bypass" since 2026-05-11
05/18/2026 08:14:52 INFO [task_1]   hot: searching commits for "credential" since 2026-05-11
05/18/2026 08:15:05 INFO [task_1]   hot: searching commits for "patch" since 2026-05-11
05/18/2026 08:15:16 INFO [task_1]   → 1348 repos with at least one security-keyword commit
05/18/2026 08:17:47 INFO [task_1]   hot: enriched 10/60 candidates
05/18/2026 08:20:33 INFO [task_1]   hot: enriched 20/60 candidates
05/18/2026 08:23:19 INFO [task_1]   hot: enriched 30/60 candidates
05/18/2026 08:26:04 INFO [task_1]   hot: enriched 40/60 candidates
05/18/2026 08:28:50 INFO [task_1]   hot: enriched 50/60 candidates
05/18/2026 08:31:35 INFO [task_1]   hot: enriched 60/60 candidates
05/18/2026 08:31:36 INFO [task_1] TASK 2 (hot) — selected 30 repos
05/18/2026 08:31:36 INFO [MainThread] Persisted task=official: 30 selected, 30 new in DB
05/18/2026 08:31:36 INFO [MainThread] Persisted task=hot: 30 selected, 30 new in DB
05/18/2026 08:31:36 INFO [MainThread] Persisted task=talkers: 30 selected, 30 new in DB
05/18/2026 08:31:36 INFO [MainThread] CVE matcher — fetching NVD CVEs since 2026-05-17T06:22:14.747487+00:00
05/18/2026 08:31:36 INFO [MainThread]   NVD window: 2026-05-17 → 2026-05-18
05/18/2026 08:31:37 INFO [MainThread]   NVD page: got 67 (total 67/67)
05/18/2026 08:31:37 INFO [MainThread]   → 67 new CVEs (range covered up to 2026-05-18T06:31:36.634760+00:00)
05/18/2026 08:31:37 INFO [MainThread] CVE matcher — 4 matches found, 4 new
05/18/2026 08:31:37 INFO [MainThread] CVE matcher: 4 new matches this run, 95 total to date
05/18/2026 08:31:37 INFO [MainThread] === Next run at 2026-05-19T06:00:00+00:00 (in 23.5h) ===
05/19/2026 08:00:00 INFO [MainThread] === Pipeline run started at 2026-05-19T06:00:00.000235+00:00 ===
05/19/2026 08:00:00 INFO [task_0] TASK 1 (official) — fetching NVD CVEs from last 30 days…
05/19/2026 08:00:00 INFO [task_0]   NVD window: 2026-04-19 → 2026-05-19
05/19/2026 08:00:00 INFO [task_1] TASK 2 (hot) — searching security commits since 2026-05-12
05/19/2026 08:00:00 INFO [task_1]   hot: searching commits for "CVE" since 2026-05-12
05/19/2026 08:00:00 INFO [task_2] TASK 3 (talkers) — looking at activity since 2026-05-12
05/19/2026 08:00:00 INFO [task_2]   talkers: counting issues since 2026-05-12
05/19/2026 08:00:02 INFO [task_2]   talkers: counting commits since 2026-05-12
05/19/2026 08:00:09 INFO [task_0]   NVD page: got 2000 (total 2000/6290)
05/19/2026 08:00:10 INFO [task_1]   hot: searching commits for "vulnerability" since 2026-05-12
05/19/2026 08:00:24 INFO [task_1]   hot: searching commits for "exploit" since 2026-05-12
05/19/2026 08:00:28 INFO [task_0]   NVD page: got 2000 (total 4000/6290)
05/19/2026 08:00:34 INFO [task_1]   hot: searching commits for "security" since 2026-05-12
05/19/2026 08:00:34 INFO [task_2] TASK 3 (talkers) — selected 30 repos
05/19/2026 08:00:40 INFO [task_0]   NVD page: got 2000 (total 6000/6290)
05/19/2026 08:00:46 INFO [task_1]   hot: searching commits for "injection" since 2026-05-12
05/19/2026 08:00:49 INFO [task_0]   NVD page: got 290 (total 6290/6290)
05/19/2026 08:00:49 INFO [task_0]   → got 6290 CVEs from NVD
05/19/2026 08:00:49 INFO [task_0]   → distinct (vendor, product) pairs: 2145
05/19/2026 08:01:00 WARNING [task_0] Rate limit low/hit, sleeping 196s…
05/19/2026 08:01:00 INFO [task_1]   hot: searching commits for "XSS" since 2026-05-12
05/19/2026 08:04:16 WARNING [task_1] Rate limit low/hit, sleeping 61s…
05/19/2026 08:04:18 INFO [task_0] TASK 1 (official) — selected 30 repos
05/19/2026 08:05:31 INFO [task_1]   hot: searching commits for "CSRF" since 2026-05-12
05/19/2026 08:05:47 INFO [task_1]   hot: searching commits for "overflow" since 2026-05-12
05/19/2026 08:05:57 INFO [task_1]   hot: searching commits for "RCE" since 2026-05-12
05/19/2026 08:06:14 INFO [task_1]   hot: searching commits for "sanitize" since 2026-05-12
05/19/2026 08:06:28 INFO [task_1]   hot: searching commits for "auth bypass" since 2026-05-12
05/19/2026 08:06:47 INFO [task_1]   hot: searching commits for "credential" since 2026-05-12
05/19/2026 08:07:00 INFO [task_1]   hot: searching commits for "patch" since 2026-05-12
05/19/2026 08:07:12 INFO [task_1]   → 1304 repos with at least one security-keyword commit
05/19/2026 08:09:43 INFO [task_1]   hot: enriched 10/60 candidates
05/19/2026 08:12:30 INFO [task_1]   hot: enriched 20/60 candidates
05/19/2026 08:15:19 INFO [task_1]   hot: enriched 30/60 candidates
05/19/2026 08:17:50 INFO [task_1]   hot: enriched 40/60 candidates
05/19/2026 08:20:40 INFO [task_1]   hot: enriched 50/60 candidates
05/19/2026 08:23:26 INFO [task_1]   hot: enriched 60/60 candidates
05/19/2026 08:23:26 INFO [task_1] TASK 2 (hot) — selected 30 repos
05/19/2026 08:23:26 INFO [MainThread] Persisted task=official: 30 selected, 30 new in DB
05/19/2026 08:23:26 INFO [MainThread] Persisted task=hot: 30 selected, 30 new in DB
05/19/2026 08:23:26 INFO [MainThread] Persisted task=talkers: 30 selected, 30 new in DB
05/19/2026 08:23:26 INFO [MainThread] CVE matcher — fetching NVD CVEs since 2026-05-18T06:31:36.634760+00:00
05/19/2026 08:23:26 INFO [MainThread]   NVD window: 2026-05-18 → 2026-05-19
05/19/2026 08:23:28 INFO [MainThread]   NVD page: got 109 (total 109/109)
05/19/2026 08:23:28 INFO [MainThread]   → 109 new CVEs (range covered up to 2026-05-19T06:23:26.990858+00:00)
05/19/2026 08:23:28 INFO [MainThread] CVE matcher — 0 matches found, 0 new
05/19/2026 08:23:28 INFO [MainThread] CVE matcher: 0 new matches this run, 95 total to date
05/19/2026 08:23:28 INFO [MainThread] === Next run at 2026-05-20T06:00:00+00:00 (in 23.6h) ===
05/20/2026 08:00:00 INFO [MainThread] === Pipeline run started at 2026-05-20T06:00:00.208718+00:00 ===
05/20/2026 08:00:03 INFO [task_0] TASK 1 (official) — fetching NVD CVEs from last 30 days…
05/20/2026 08:00:06 INFO [task_1] TASK 2 (hot) — searching security commits since 2026-05-13
05/20/2026 08:00:06 INFO [task_0]   NVD window: 2026-04-20 → 2026-05-20
05/20/2026 08:00:07 INFO [task_2] TASK 3 (talkers) — looking at activity since 2026-05-13
05/20/2026 08:00:08 INFO [task_1]   hot: searching commits for "CVE" since 2026-05-13
05/20/2026 08:00:08 INFO [task_2]   talkers: counting issues since 2026-05-13
05/20/2026 08:00:33 INFO [task_1]   hot: searching commits for "vulnerability" since 2026-05-13
05/20/2026 08:00:33 INFO [task_0]   NVD page: got 2000 (total 2000/6477)
05/20/2026 08:00:47 INFO [task_1]   hot: searching commits for "exploit" since 2026-05-13
05/20/2026 08:00:49 INFO [task_2]   talkers: counting commits since 2026-05-13
05/20/2026 08:00:52 INFO [task_1]   hot: searching commits for "security" since 2026-05-13
05/20/2026 08:00:57 INFO [task_0]   NVD page: got 2000 (total 4000/6477)
05/20/2026 08:00:57 WARNING [task_2] Rate limit low/hit, sleeping 212s…
05/20/2026 08:01:08 INFO [task_0]   NVD page: got 2000 (total 6000/6477)
05/20/2026 08:01:16 INFO [task_0]   NVD page: got 477 (total 6477/6477)
05/20/2026 08:01:16 INFO [task_0]   → got 6477 CVEs from NVD
05/20/2026 08:01:16 INFO [task_0]   → distinct (vendor, product) pairs: 2173
05/20/2026 08:01:23 INFO [task_0] TASK 1 (official) — selected 30 repos
05/20/2026 08:04:29 WARNING [task_1] Rate limit low/hit, sleeping 1s…
05/20/2026 08:04:34 WARNING [task_1] Rate limit low/hit, sleeping 252s…
05/20/2026 08:08:46 WARNING [task_2] Rate limit low/hit, sleeping 1s…
05/20/2026 08:08:50 WARNING [task_2] Rate limit low/hit, sleeping 253s…
05/20/2026 08:08:52 INFO [task_1]   hot: searching commits for "injection" since 2026-05-13
05/20/2026 08:13:03 WARNING [task_1] Rate limit low/hit, sleeping 1s…
05/20/2026 08:13:09 WARNING [task_1] Rate limit low/hit, sleeping 251s…
05/20/2026 08:17:20 WARNING [task_2] Rate limit low/hit, sleeping 1s…
05/20/2026 08:17:25 WARNING [task_1] Rate limit low/hit, sleeping 252s…
05/20/2026 08:21:37 WARNING [task_2] Rate limit low/hit, sleeping 1s…
05/20/2026 08:21:40 INFO [task_2] TASK 3 (talkers) — selected 30 repos
05/20/2026 08:21:47 INFO [task_1]   hot: searching commits for "XSS" since 2026-05-13
05/20/2026 08:22:02 INFO [task_1]   hot: searching commits for "CSRF" since 2026-05-13
05/20/2026 08:22:07 INFO [task_1]   hot: searching commits for "overflow" since 2026-05-13
05/20/2026 08:22:17 INFO [task_1]   hot: searching commits for "RCE" since 2026-05-13
05/20/2026 08:22:46 INFO [task_1]   hot: searching commits for "sanitize" since 2026-05-13
05/20/2026 08:23:00 INFO [task_1]   hot: searching commits for "auth bypass" since 2026-05-13
05/20/2026 08:23:18 INFO [task_1]   hot: searching commits for "credential" since 2026-05-13
05/20/2026 08:23:31 INFO [task_1]   hot: searching commits for "patch" since 2026-05-13
05/20/2026 08:23:46 INFO [task_1]   → 1092 repos with at least one security-keyword commit
05/20/2026 08:26:17 INFO [task_1]   hot: enriched 10/60 candidates
05/20/2026 08:29:04 INFO [task_1]   hot: enriched 20/60 candidates
05/20/2026 08:31:51 INFO [task_1]   hot: enriched 30/60 candidates
05/20/2026 08:34:39 INFO [task_1]   hot: enriched 40/60 candidates
05/20/2026 08:37:26 INFO [task_1]   hot: enriched 50/60 candidates
05/20/2026 08:40:13 INFO [task_1]   hot: enriched 60/60 candidates
05/20/2026 08:40:13 INFO [task_1] TASK 2 (hot) — selected 30 repos
05/20/2026 08:40:14 INFO [MainThread] Persisted task=official: 30 selected, 30 new in DB
05/20/2026 08:40:14 INFO [MainThread] Persisted task=hot: 30 selected, 30 new in DB
05/20/2026 08:40:14 INFO [MainThread] Persisted task=talkers: 30 selected, 30 new in DB
05/20/2026 08:40:14 INFO [MainThread] CVE matcher — fetching NVD CVEs since 2026-05-19T06:23:26.990858+00:00
05/20/2026 08:40:14 INFO [MainThread]   NVD window: 2026-05-19 → 2026-05-20
05/20/2026 08:40:16 INFO [MainThread]   NVD page: got 243 (total 243/243)
05/20/2026 08:40:16 INFO [MainThread]   → 243 new CVEs (range covered up to 2026-05-20T06:40:14.698654+00:00)
05/20/2026 08:40:16 INFO [MainThread] CVE matcher — 2 matches found, 2 new
05/20/2026 08:40:16 INFO [MainThread] CVE matcher: 2 new matches this run, 97 total to date
05/20/2026 08:40:16 INFO [MainThread] === Next run at 2026-05-21T06:00:00+00:00 (in 23.3h) ===
05/21/2026 08:00:00 INFO [MainThread] === Pipeline run started at 2026-05-21T06:00:00.000495+00:00 ===
05/21/2026 08:00:00 INFO [task_0] TASK 1 (official) — fetching NVD CVEs from last 30 days…
05/21/2026 08:00:00 INFO [task_0]   NVD window: 2026-04-21 → 2026-05-21
05/21/2026 08:00:00 INFO [task_1] TASK 2 (hot) — searching security commits since 2026-05-14
05/21/2026 08:00:00 INFO [task_2] TASK 3 (talkers) — looking at activity since 2026-05-14
05/21/2026 08:00:00 INFO [task_1]   hot: searching commits for "CVE" since 2026-05-14
05/21/2026 08:00:00 INFO [task_2]   talkers: counting issues since 2026-05-14
05/21/2026 08:00:08 INFO [task_0]   NVD page: got 2000 (total 2000/6463)
05/21/2026 08:00:11 INFO [task_1]   hot: searching commits for "vulnerability" since 2026-05-14
05/21/2026 08:00:24 INFO [task_1]   hot: searching commits for "exploit" since 2026-05-14
05/21/2026 08:00:25 INFO [task_0]   NVD page: got 2000 (total 4000/6463)
05/21/2026 08:00:28 INFO [task_2]   talkers: counting commits since 2026-05-14
05/21/2026 08:00:33 INFO [task_1]   hot: searching commits for "security" since 2026-05-14
05/21/2026 08:00:33 INFO [task_0]   NVD page: got 2000 (total 6000/6463)
05/21/2026 08:00:34 WARNING [task_1] Rate limit low/hit, sleeping 223s…
05/21/2026 08:00:42 INFO [task_0]   NVD page: got 463 (total 6463/6463)
05/21/2026 08:00:42 INFO [task_0]   → got 6463 CVEs from NVD
05/21/2026 08:00:42 INFO [task_0]   → distinct (vendor, product) pairs: 2153
05/21/2026 08:00:52 INFO [task_0] TASK 1 (official) — selected 30 repos
05/21/2026 08:04:17 WARNING [task_2] Rate limit low/hit, sleeping 1s…
05/21/2026 08:04:24 WARNING [task_2] Rate limit low/hit, sleeping 250s…
05/21/2026 08:08:34 WARNING [task_1] Rate limit low/hit, sleeping 1s…
05/21/2026 08:08:40 INFO [task_1]   hot: searching commits for "injection" since 2026-05-14
05/21/2026 08:08:40 WARNING [task_1] Rate limit low/hit, sleeping 251s…
05/21/2026 08:12:51 WARNING [task_2] Rate limit low/hit, sleeping 1s…
05/21/2026 08:12:59 WARNING [task_2] Rate limit low/hit, sleeping 250s…
05/21/2026 08:17:09 WARNING [task_1] Rate limit low/hit, sleeping 1s…
05/21/2026 08:17:15 INFO [task_2] TASK 3 (talkers) — selected 30 repos
05/21/2026 08:17:17 INFO [task_1]   hot: searching commits for "XSS" since 2026-05-14
05/21/2026 08:17:17 WARNING [task_1] Rate limit low/hit, sleeping 250s…
05/21/2026 08:21:42 INFO [task_1]   hot: searching commits for "CSRF" since 2026-05-14
05/21/2026 08:21:58 INFO [task_1]   hot: searching commits for "overflow" since 2026-05-14
05/21/2026 08:22:08 INFO [task_1]   hot: searching commits for "RCE" since 2026-05-14
05/21/2026 08:22:25 INFO [task_1]   hot: searching commits for "sanitize" since 2026-05-14
05/21/2026 08:22:45 INFO [task_1]   hot: searching commits for "auth bypass" since 2026-05-14
05/21/2026 08:23:04 INFO [task_1]   hot: searching commits for "credential" since 2026-05-14
05/21/2026 08:23:17 INFO [task_1]   hot: searching commits for "patch" since 2026-05-14
05/21/2026 08:23:28 INFO [task_1]   → 1293 repos with at least one security-keyword commit
05/21/2026 08:25:58 INFO [task_1]   hot: enriched 10/60 candidates
05/21/2026 08:28:45 INFO [task_1]   hot: enriched 20/60 candidates
05/21/2026 08:31:31 INFO [task_1]   hot: enriched 30/60 candidates
05/21/2026 08:34:17 INFO [task_1]   hot: enriched 40/60 candidates
05/21/2026 08:37:02 INFO [task_1]   hot: enriched 50/60 candidates
05/21/2026 08:39:47 INFO [task_1]   hot: enriched 60/60 candidates
05/21/2026 08:39:48 INFO [task_1] TASK 2 (hot) — selected 30 repos
05/21/2026 08:39:48 INFO [MainThread] Persisted task=official: 30 selected, 30 new in DB
05/21/2026 08:39:48 INFO [MainThread] Persisted task=hot: 30 selected, 30 new in DB
05/21/2026 08:39:48 INFO [MainThread] Persisted task=talkers: 30 selected, 30 new in DB
05/21/2026 08:39:48 INFO [MainThread] CVE matcher — fetching NVD CVEs since 2026-05-20T06:40:14.698654+00:00
05/21/2026 08:39:48 INFO [MainThread]   NVD window: 2026-05-20 → 2026-05-21
05/21/2026 08:39:50 INFO [MainThread]   NVD page: got 156 (total 156/156)
05/21/2026 08:39:50 INFO [MainThread]   → 156 new CVEs (range covered up to 2026-05-21T06:39:48.862920+00:00)
05/21/2026 08:39:50 INFO [MainThread] CVE matcher — 0 matches found, 0 new
05/21/2026 08:39:50 INFO [MainThread] CVE matcher: 0 new matches this run, 97 total to date
05/21/2026 08:39:50 INFO [MainThread] === Next run at 2026-05-22T06:00:00+00:00 (in 23.3h) ===
05/22/2026 08:00:00 INFO [MainThread] === Pipeline run started at 2026-05-22T06:00:00.000603+00:00 ===
05/22/2026 08:00:00 INFO [task_0] TASK 1 (official) — fetching NVD CVEs from last 30 days…
05/22/2026 08:00:00 INFO [task_0]   NVD window: 2026-04-22 → 2026-05-22
05/22/2026 08:00:00 INFO [task_1] TASK 2 (hot) — searching security commits since 2026-05-15
05/22/2026 08:00:00 INFO [task_1]   hot: searching commits for "CVE" since 2026-05-15
05/22/2026 08:00:00 INFO [task_2] TASK 3 (talkers) — looking at activity since 2026-05-15
05/22/2026 08:00:00 INFO [task_2]   talkers: counting issues since 2026-05-15
05/22/2026 08:00:04 INFO [task_0]   NVD page: got 2000 (total 2000/6329)
05/22/2026 08:00:11 INFO [task_1]   hot: searching commits for "vulnerability" since 2026-05-15
05/22/2026 08:00:12 INFO [task_0]   NVD page: got 2000 (total 4000/6329)
05/22/2026 08:00:15 INFO [task_2]   talkers: counting commits since 2026-05-15
05/22/2026 08:00:20 WARNING [task_1] Rate limit low/hit, sleeping 237s…
05/22/2026 08:00:22 INFO [task_0]   NVD page: got 2000 (total 6000/6329)
05/22/2026 08:00:31 INFO [task_0]   NVD page: got 329 (total 6329/6329)
05/22/2026 08:00:31 INFO [task_0]   → got 6329 CVEs from NVD
05/22/2026 08:00:31 INFO [task_0]   → distinct (vendor, product) pairs: 2093
05/22/2026 08:00:37 INFO [task_0] TASK 1 (official) — selected 30 repos
05/22/2026 08:04:17 WARNING [task_2] Rate limit low/hit, sleeping 1s…
05/22/2026 08:04:23 INFO [task_1]   hot: searching commits for "exploit" since 2026-05-15
05/22/2026 08:04:27 INFO [task_1]   hot: searching commits for "security" since 2026-05-15
05/22/2026 08:04:39 INFO [task_2] TASK 3 (talkers) — selected 30 repos
05/22/2026 08:04:39 INFO [task_1]   hot: searching commits for "injection" since 2026-05-15
05/22/2026 08:04:54 INFO [task_1]   hot: searching commits for "XSS" since 2026-05-15
05/22/2026 08:05:10 INFO [task_1]   hot: searching commits for "CSRF" since 2026-05-15
05/22/2026 08:05:25 INFO [task_1]   hot: searching commits for "overflow" since 2026-05-15
05/22/2026 08:05:38 INFO [task_1]   hot: searching commits for "RCE" since 2026-05-15
05/22/2026 08:05:55 INFO [task_1]   hot: searching commits for "sanitize" since 2026-05-15
05/22/2026 08:06:10 INFO [task_1]   hot: searching commits for "auth bypass" since 2026-05-15
05/22/2026 08:06:27 INFO [task_1]   hot: searching commits for "credential" since 2026-05-15
05/22/2026 08:06:41 INFO [task_1]   hot: searching commits for "patch" since 2026-05-15
05/22/2026 08:06:52 INFO [task_1]   → 1225 repos with at least one security-keyword commit
05/22/2026 08:09:24 INFO [task_1]   hot: enriched 10/60 candidates
05/22/2026 08:12:10 INFO [task_1]   hot: enriched 20/60 candidates
05/22/2026 08:14:56 INFO [task_1]   hot: enriched 30/60 candidates
05/22/2026 08:17:41 INFO [task_1]   hot: enriched 40/60 candidates
05/22/2026 08:20:27 INFO [task_1]   hot: enriched 50/60 candidates
05/22/2026 08:23:13 INFO [task_1]   hot: enriched 60/60 candidates
05/22/2026 08:23:13 INFO [task_1] TASK 2 (hot) — selected 30 repos
05/22/2026 08:23:13 INFO [MainThread] Persisted task=official: 30 selected, 30 new in DB
05/22/2026 08:23:14 INFO [MainThread] Persisted task=hot: 30 selected, 30 new in DB
05/22/2026 08:23:14 INFO [MainThread] Persisted task=talkers: 30 selected, 30 new in DB
05/22/2026 08:23:14 INFO [MainThread] CVE matcher — fetching NVD CVEs since 2026-05-21T06:39:48.862920+00:00
05/22/2026 08:23:14 INFO [MainThread]   NVD window: 2026-05-21 → 2026-05-22
05/22/2026 08:23:14 INFO [MainThread]   NVD page: got 213 (total 213/213)
05/22/2026 08:23:14 INFO [MainThread]   → 213 new CVEs (range covered up to 2026-05-22T06:23:14.300876+00:00)
05/22/2026 08:23:14 INFO [MainThread] CVE matcher — 0 matches found, 0 new
05/22/2026 08:23:15 INFO [MainThread] CVE matcher: 0 new matches this run, 97 total to date
05/22/2026 08:23:15 INFO [MainThread] === Next run at 2026-05-23T06:00:00+00:00 (in 23.6h) ===
05/23/2026 08:00:00 INFO [MainThread] === Pipeline run started at 2026-05-23T06:00:00.000314+00:00 ===
05/23/2026 08:00:00 INFO [task_0] TASK 1 (official) — fetching NVD CVEs from last 30 days…
05/23/2026 08:00:00 INFO [task_0]   NVD window: 2026-04-23 → 2026-05-23
05/23/2026 08:00:00 INFO [task_1] TASK 2 (hot) — searching security commits since 2026-05-16
05/23/2026 08:00:00 INFO [task_1]   hot: searching commits for "CVE" since 2026-05-16
05/23/2026 08:00:00 INFO [task_2] TASK 3 (talkers) — looking at activity since 2026-05-16
05/23/2026 08:00:00 INFO [task_2]   talkers: counting issues since 2026-05-16
05/23/2026 08:00:10 INFO [task_1]   hot: searching commits for "vulnerability" since 2026-05-16
05/23/2026 08:00:22 INFO [task_1]   hot: searching commits for "exploit" since 2026-05-16
05/23/2026 08:00:23 INFO [task_0]   NVD page: got 2000 (total 2000/6086)
05/23/2026 08:00:30 INFO [task_1]   hot: searching commits for "security" since 2026-05-16
05/23/2026 08:00:38 INFO [task_2]   talkers: counting commits since 2026-05-16
05/23/2026 08:00:42 INFO [task_1]   hot: searching commits for "injection" since 2026-05-16
05/23/2026 08:00:55 INFO [task_1]   hot: searching commits for "XSS" since 2026-05-16
05/23/2026 08:01:00 INFO [task_0]   NVD page: got 2000 (total 4000/6086)
05/23/2026 08:01:06 INFO [task_2] TASK 3 (talkers) — selected 30 repos
05/23/2026 08:01:09 INFO [task_1]   hot: searching commits for "CSRF" since 2026-05-16
05/23/2026 08:01:22 INFO [task_0]   NVD page: got 1960 (total 5960/6086)
05/23/2026 08:01:24 INFO [task_1]   hot: searching commits for "overflow" since 2026-05-16
05/23/2026 08:01:34 INFO [task_1]   hot: searching commits for "RCE" since 2026-05-16
05/23/2026 08:01:41 INFO [task_0]   NVD page: got 12 (total 5972/6086)
05/23/2026 08:01:48 INFO [task_0]   → got 5972 CVEs from NVD
05/23/2026 08:01:48 INFO [task_0]   → distinct (vendor, product) pairs: 1988
05/23/2026 08:01:49 INFO [task_1]   hot: searching commits for "sanitize" since 2026-05-16
05/23/2026 08:01:54 INFO [task_0] TASK 1 (official) — selected 30 repos
05/23/2026 08:02:03 INFO [task_1]   hot: searching commits for "auth bypass" since 2026-05-16
05/23/2026 08:02:19 INFO [task_1]   hot: searching commits for "credential" since 2026-05-16
05/23/2026 08:02:34 INFO [task_1]   hot: searching commits for "patch" since 2026-05-16
05/23/2026 08:02:45 INFO [task_1]   → 1257 repos with at least one security-keyword commit
05/23/2026 08:05:15 INFO [task_1]   hot: enriched 10/60 candidates
05/23/2026 08:08:01 INFO [task_1]   hot: enriched 20/60 candidates
05/23/2026 08:10:46 INFO [task_1]   hot: enriched 30/60 candidates
05/23/2026 08:13:31 INFO [task_1]   hot: enriched 40/60 candidates
05/23/2026 08:16:16 INFO [task_1]   hot: enriched 50/60 candidates
05/23/2026 08:19:01 INFO [task_1]   hot: enriched 60/60 candidates
05/23/2026 08:19:02 INFO [task_1] TASK 2 (hot) — selected 30 repos
05/23/2026 08:19:02 INFO [MainThread] Persisted task=official: 30 selected, 30 new in DB
05/23/2026 08:19:02 INFO [MainThread] Persisted task=hot: 30 selected, 30 new in DB
05/23/2026 08:19:02 INFO [MainThread] Persisted task=talkers: 30 selected, 30 new in DB
05/23/2026 08:19:02 INFO [MainThread] CVE matcher — fetching NVD CVEs since 2026-05-22T06:23:14.300876+00:00
05/23/2026 08:19:02 INFO [MainThread]   NVD window: 2026-05-22 → 2026-05-23
05/23/2026 08:19:18 INFO [MainThread]   → 0 new CVEs (range covered up to 2026-05-23T06:19:02.473745+00:00)
05/23/2026 08:19:18 INFO [MainThread] CVE matcher — 0 matches found, 0 new
05/23/2026 08:19:18 INFO [MainThread] CVE matcher: 0 new matches this run, 97 total to date
05/23/2026 08:19:18 INFO [MainThread] === Next run at 2026-05-24T06:00:00+00:00 (in 23.7h) ===
05/24/2026 08:00:00 INFO [MainThread] === Pipeline run started at 2026-05-24T06:00:00.000225+00:00 ===
05/24/2026 08:00:00 INFO [task_0] TASK 1 (official) — fetching NVD CVEs from last 30 days…
05/24/2026 08:00:00 INFO [task_0]   NVD window: 2026-04-24 → 2026-05-24
05/24/2026 08:00:00 INFO [task_1] TASK 2 (hot) — searching security commits since 2026-05-17
05/24/2026 08:00:00 INFO [task_1]   hot: searching commits for "CVE" since 2026-05-17
05/24/2026 08:00:00 INFO [task_2] TASK 3 (talkers) — looking at activity since 2026-05-17
05/24/2026 08:00:00 INFO [task_2]   talkers: counting issues since 2026-05-17
05/24/2026 08:00:10 INFO [task_1]   hot: searching commits for "vulnerability" since 2026-05-17
05/24/2026 08:00:17 INFO [task_0]   NVD page: got 2000 (total 2000/5946)
05/24/2026 08:00:22 INFO [task_1]   hot: searching commits for "exploit" since 2026-05-17
05/24/2026 08:00:26 INFO [task_1]   hot: searching commits for "security" since 2026-05-17
05/24/2026 08:00:30 INFO [task_0]   NVD page: got 2000 (total 4000/5946)
05/24/2026 08:00:38 INFO [task_1]   hot: searching commits for "injection" since 2026-05-17
05/24/2026 08:00:44 INFO [task_2]   talkers: counting commits since 2026-05-17
05/24/2026 08:00:50 WARNING [task_2] Rate limit low/hit, sleeping 208s…
05/24/2026 08:00:52 INFO [task_1]   hot: searching commits for "XSS" since 2026-05-17
05/24/2026 08:00:56 INFO [task_0]   NVD page: got 1770 (total 5770/5946)
05/24/2026 08:01:11 INFO [task_0]   NVD page: got 12 (total 5782/5946)
05/24/2026 08:01:18 INFO [task_0]   → got 5782 CVEs from NVD
05/24/2026 08:01:18 INFO [task_0]   → distinct (vendor, product) pairs: 1951
05/24/2026 08:01:24 INFO [task_0] TASK 1 (official) — selected 30 repos
05/24/2026 08:04:18 WARNING [task_1] Rate limit low/hit, sleeping 1s…
05/24/2026 08:04:33 INFO [task_1]   hot: searching commits for "CSRF" since 2026-05-17
05/24/2026 08:04:39 INFO [task_2] TASK 3 (talkers) — selected 30 repos
05/24/2026 08:04:47 INFO [task_1]   hot: searching commits for "overflow" since 2026-05-17
05/24/2026 08:04:57 INFO [task_1]   hot: searching commits for "RCE" since 2026-05-17
05/24/2026 08:05:13 INFO [task_1]   hot: searching commits for "sanitize" since 2026-05-17
05/24/2026 08:05:26 INFO [task_1]   hot: searching commits for "auth bypass" since 2026-05-17
05/24/2026 08:05:42 INFO [task_1]   hot: searching commits for "credential" since 2026-05-17
05/24/2026 08:05:54 INFO [task_1]   hot: searching commits for "patch" since 2026-05-17
05/24/2026 08:06:05 INFO [task_1]   → 1198 repos with at least one security-keyword commit
05/24/2026 08:08:35 INFO [task_1]   hot: enriched 10/60 candidates
05/24/2026 08:11:20 INFO [task_1]   hot: enriched 20/60 candidates
05/24/2026 08:14:05 INFO [task_1]   hot: enriched 30/60 candidates
05/24/2026 08:16:50 INFO [task_1]   hot: enriched 40/60 candidates
05/24/2026 08:19:35 INFO [task_1]   hot: enriched 50/60 candidates
05/24/2026 08:22:20 INFO [task_1]   hot: enriched 60/60 candidates
05/24/2026 08:22:20 INFO [task_1] TASK 2 (hot) — selected 30 repos
05/24/2026 08:22:20 INFO [MainThread] Persisted task=official: 30 selected, 30 new in DB
05/24/2026 08:22:21 INFO [MainThread] Persisted task=hot: 30 selected, 30 new in DB
05/24/2026 08:22:21 INFO [MainThread] Persisted task=talkers: 30 selected, 30 new in DB
05/24/2026 08:22:21 INFO [MainThread] CVE matcher — fetching NVD CVEs since 2026-05-23T06:19:02.473745+00:00
05/24/2026 08:22:21 INFO [MainThread]   NVD window: 2026-05-23 → 2026-05-24
05/24/2026 08:22:27 INFO [MainThread]   → 0 new CVEs (range covered up to 2026-05-24T06:22:21.420334+00:00)
05/24/2026 08:22:27 INFO [MainThread] CVE matcher — 0 matches found, 0 new
05/24/2026 08:22:27 INFO [MainThread] CVE matcher: 0 new matches this run, 97 total to date
05/24/2026 08:22:27 INFO [MainThread] === Next run at 2026-05-25T06:00:00+00:00 (in 23.6h) ===
05/25/2026 08:00:00 INFO [MainThread] === Pipeline run started at 2026-05-25T06:00:00.000216+00:00 ===
05/25/2026 08:00:00 INFO [task_0] TASK 1 (official) — fetching NVD CVEs from last 30 days…
05/25/2026 08:00:00 INFO [task_0]   NVD window: 2026-04-25 → 2026-05-25
05/25/2026 08:00:00 INFO [task_1] TASK 2 (hot) — searching security commits since 2026-05-18
05/25/2026 08:00:00 INFO [task_1]   hot: searching commits for "CVE" since 2026-05-18
05/25/2026 08:00:00 INFO [task_2] TASK 3 (talkers) — looking at activity since 2026-05-18
05/25/2026 08:00:00 INFO [task_2]   talkers: counting issues since 2026-05-18
05/25/2026 08:00:10 INFO [task_1]   hot: searching commits for "vulnerability" since 2026-05-18
05/25/2026 08:00:16 INFO [task_2]   talkers: counting commits since 2026-05-18
05/25/2026 08:00:23 INFO [task_1]   hot: searching commits for "exploit" since 2026-05-18
05/25/2026 08:00:28 INFO [task_0]   NVD page: got 2000 (total 2000/5778)
05/25/2026 08:00:36 INFO [task_0]   NVD page: got 2000 (total 4000/5778)
05/25/2026 08:00:40 INFO [task_1]   hot: searching commits for "security" since 2026-05-18
05/25/2026 08:00:45 INFO [task_2] TASK 3 (talkers) — selected 30 repos
05/25/2026 08:00:47 INFO [task_0]   NVD page: got 1528 (total 5528/5778)
05/25/2026 08:00:52 INFO [task_1]   hot: searching commits for "injection" since 2026-05-18
05/25/2026 08:01:00 WARNING [task_1] Rate limit low/hit, sleeping 259s…
05/25/2026 08:01:11 INFO [task_0]   → got 5528 CVEs from NVD
05/25/2026 08:01:11 INFO [task_0]   → distinct (vendor, product) pairs: 1912
05/25/2026 08:01:17 INFO [task_0] TASK 1 (official) — selected 30 repos
05/25/2026 08:05:26 INFO [task_1]   hot: searching commits for "XSS" since 2026-05-18
05/25/2026 08:05:42 INFO [task_1]   hot: searching commits for "CSRF" since 2026-05-18
05/25/2026 08:05:57 INFO [task_1]   hot: searching commits for "overflow" since 2026-05-18
05/25/2026 08:06:07 INFO [task_1]   hot: searching commits for "RCE" since 2026-05-18
05/25/2026 08:06:23 INFO [task_1]   hot: searching commits for "sanitize" since 2026-05-18
05/25/2026 08:06:37 INFO [task_1]   hot: searching commits for "auth bypass" since 2026-05-18
05/25/2026 08:06:54 INFO [task_1]   hot: searching commits for "credential" since 2026-05-18
05/25/2026 08:07:08 INFO [task_1]   hot: searching commits for "patch" since 2026-05-18
05/25/2026 08:07:19 INFO [task_1]   → 1379 repos with at least one security-keyword commit
05/25/2026 08:09:50 INFO [task_1]   hot: enriched 10/60 candidates
05/25/2026 08:12:36 INFO [task_1]   hot: enriched 20/60 candidates
05/25/2026 08:15:22 INFO [task_1]   hot: enriched 30/60 candidates
05/25/2026 08:18:08 INFO [task_1]   hot: enriched 40/60 candidates
05/25/2026 08:20:53 INFO [task_1]   hot: enriched 50/60 candidates
05/25/2026 08:23:39 INFO [task_1]   hot: enriched 60/60 candidates
05/25/2026 08:23:39 INFO [task_1] TASK 2 (hot) — selected 30 repos
05/25/2026 08:23:40 INFO [MainThread] Persisted task=official: 30 selected, 30 new in DB
05/25/2026 08:23:40 INFO [MainThread] Persisted task=hot: 30 selected, 30 new in DB
05/25/2026 08:23:40 INFO [MainThread] Persisted task=talkers: 30 selected, 30 new in DB
05/25/2026 08:23:40 INFO [MainThread] CVE matcher — fetching NVD CVEs since 2026-05-24T06:22:21.420334+00:00
05/25/2026 08:23:40 INFO [MainThread]   NVD window: 2026-05-24 → 2026-05-25
05/25/2026 08:23:42 INFO [MainThread]   → 0 new CVEs (range covered up to 2026-05-25T06:23:40.376858+00:00)
05/25/2026 08:23:42 INFO [MainThread] CVE matcher — 0 matches found, 0 new
05/25/2026 08:23:42 INFO [MainThread] CVE matcher: 0 new matches this run, 97 total to date
05/25/2026 08:23:42 INFO [MainThread] === Next run at 2026-05-26T06:00:00+00:00 (in 23.6h) ===
05/26/2026 08:00:00 INFO [MainThread] === Pipeline run started at 2026-05-26T06:00:00.070530+00:00 ===
05/26/2026 08:00:01 INFO [task_0] TASK 1 (official) — fetching NVD CVEs from last 30 days…
05/26/2026 08:00:01 INFO [task_0]   NVD window: 2026-04-26 → 2026-05-26
05/26/2026 08:00:01 INFO [task_1] TASK 2 (hot) — searching security commits since 2026-05-19
05/26/2026 08:00:01 INFO [task_2] TASK 3 (talkers) — looking at activity since 2026-05-19
05/26/2026 08:00:02 INFO [task_1]   hot: searching commits for "CVE" since 2026-05-19
05/26/2026 08:00:03 INFO [task_2]   talkers: counting issues since 2026-05-19
05/26/2026 08:00:19 INFO [task_1]   hot: searching commits for "vulnerability" since 2026-05-19
05/26/2026 08:00:29 INFO [task_0]   NVD page: got 2000 (total 2000/5828)
05/26/2026 08:00:37 INFO [task_1]   hot: searching commits for "exploit" since 2026-05-19
05/26/2026 08:00:47 INFO [task_2]   talkers: counting commits since 2026-05-19
05/26/2026 08:00:49 WARNING [task_1] Rate limit low/hit, sleeping 214s…
05/26/2026 08:00:56 INFO [task_0]   NVD page: got 2000 (total 4000/5889)
05/26/2026 08:01:08 INFO [task_0]   NVD page: got 1477 (total 5477/5828)
05/26/2026 08:01:30 INFO [task_0]   → got 5477 CVEs from NVD
05/26/2026 08:01:31 INFO [task_0]   → distinct (vendor, product) pairs: 1902
05/26/2026 08:01:37 INFO [task_0] TASK 1 (official) — selected 30 repos
05/26/2026 08:04:23 WARNING [task_2] Rate limit low/hit, sleeping 1s…
05/26/2026 08:04:27 WARNING [task_2] Rate limit low/hit, sleeping 255s…
05/26/2026 08:04:30 INFO [task_1]   hot: searching commits for "security" since 2026-05-19
05/26/2026 08:08:42 WARNING [task_1] Rate limit low/hit, sleeping 1s…
05/26/2026 08:08:45 WARNING [task_2] Rate limit low/hit, sleeping 256s…
05/26/2026 08:13:01 WARNING [task_1] Rate limit low/hit, sleeping 1s…
05/26/2026 08:13:11 INFO [task_1]   hot: searching commits for "injection" since 2026-05-19
05/26/2026 08:13:15 WARNING [task_2] Rate limit low/hit, sleeping 245s…
05/26/2026 08:17:20 WARNING [task_1] Rate limit low/hit, sleeping 1s…
05/26/2026 08:17:26 INFO [task_2] TASK 3 (talkers) — selected 30 repos
05/26/2026 08:17:32 INFO [task_1]   hot: searching commits for "XSS" since 2026-05-19
05/26/2026 08:17:47 INFO [task_1]   hot: searching commits for "CSRF" since 2026-05-19
05/26/2026 08:18:03 INFO [task_1]   hot: searching commits for "overflow" since 2026-05-19
05/26/2026 08:18:13 INFO [task_1]   hot: searching commits for "RCE" since 2026-05-19
05/26/2026 08:18:29 INFO [task_1]   hot: searching commits for "sanitize" since 2026-05-19
05/26/2026 08:18:44 INFO [task_1]   hot: searching commits for "auth bypass" since 2026-05-19
05/26/2026 08:19:01 INFO [task_1]   hot: searching commits for "credential" since 2026-05-19
05/26/2026 08:19:15 INFO [task_1]   hot: searching commits for "patch" since 2026-05-19
05/26/2026 08:19:31 INFO [task_1]   → 1348 repos with at least one security-keyword commit
05/26/2026 08:22:01 INFO [task_1]   hot: enriched 10/60 candidates
05/26/2026 08:24:47 INFO [task_1]   hot: enriched 20/60 candidates
05/26/2026 08:27:32 INFO [task_1]   hot: enriched 30/60 candidates
05/26/2026 08:30:18 INFO [task_1]   hot: enriched 40/60 candidates
05/26/2026 08:33:03 INFO [task_1]   hot: enriched 50/60 candidates
05/26/2026 08:35:48 INFO [task_1]   hot: enriched 60/60 candidates
05/26/2026 08:35:48 INFO [task_1] TASK 2 (hot) — selected 30 repos
05/26/2026 08:35:49 INFO [MainThread] Persisted task=official: 30 selected, 30 new in DB
05/26/2026 08:35:49 INFO [MainThread] Persisted task=hot: 30 selected, 30 new in DB
05/26/2026 08:35:49 INFO [MainThread] Persisted task=talkers: 30 selected, 30 new in DB
05/26/2026 08:35:49 INFO [MainThread] CVE matcher — fetching NVD CVEs since 2026-05-25T06:23:40.376858+00:00
05/26/2026 08:35:49 INFO [MainThread]   NVD window: 2026-05-25 → 2026-05-26
05/26/2026 08:35:56 INFO [MainThread]   → 0 new CVEs (range covered up to 2026-05-26T06:35:49.732687+00:00)
05/26/2026 08:35:56 INFO [MainThread] CVE matcher — 0 matches found, 0 new
05/26/2026 08:35:56 INFO [MainThread] CVE matcher: 0 new matches this run, 97 total to date
05/26/2026 08:35:56 INFO [MainThread] === Next run at 2026-05-27T06:00:00+00:00 (in 23.4h) ===
05/26/2026 18:45:29 WARNING [MainThread] No NVD API key found — NVD calls will sleep 6s/page (vs 0.6s with key).
05/26/2026 18:45:29 INFO [MainThread] Database: Data/vulnRadar.db
05/26/2026 18:45:29 INFO [MainThread] MAX_REPOS_PER_TASK = 30
05/26/2026 18:45:29 INFO [MainThread] Daemon mode: pipeline runs now and then daily at 06:00 UTC. Ctrl+C to stop.
05/26/2026 18:45:29 INFO [MainThread] === Pipeline run started at 2026-05-26T16:45:29.433133+00:00 ===
05/26/2026 18:45:29 INFO [task_0] TASK 1 (official) — fetching NVD CVEs from last 30 days…
05/26/2026 18:45:29 INFO [task_0]   NVD window: 2026-04-26 → 2026-05-26
05/26/2026 18:45:29 INFO [task_1] TASK 2 (hot) — searching security commits since 2026-05-19
05/26/2026 18:45:29 INFO [task_2] TASK 3 (talkers) — looking at activity since 2026-05-19
05/26/2026 18:45:29 INFO [task_2]   talkers: counting issues since 2026-05-19
05/26/2026 18:45:29 INFO [task_1]   hot: searching commits for "CVE" since 2026-05-19
05/26/2026 18:45:30 INFO [task_0]   NVD page: got 2000 (total 2000/5954)
05/26/2026 18:45:38 INFO [task_0]   NVD page: got 2000 (total 4000/5954)
05/26/2026 18:45:39 INFO [task_2]   talkers: counting commits since 2026-05-19
05/26/2026 18:45:40 INFO [task_1]   hot: searching commits for "vulnerability" since 2026-05-19
05/26/2026 18:45:45 INFO [task_0]   NVD page: got 1954 (total 5954/5954)
05/26/2026 18:45:45 INFO [task_0]   → got 5954 CVEs from NVD
05/26/2026 18:45:45 INFO [task_0]   → distinct (vendor, product) pairs: 1924
05/26/2026 18:45:54 INFO [task_1]   hot: searching commits for "exploit" since 2026-05-19
05/26/2026 18:45:59 WARNING [task_2] Rate limit low/hit, sleeping 234s…
05/26/2026 18:49:53 WARNING [task_0] Rate limit low/hit, sleeping 1s…
05/26/2026 18:49:54 WARNING [task_1] Rate limit low/hit, sleeping 1s…
05/26/2026 18:50:01 INFO [task_2] TASK 3 (talkers) — selected 30 repos
05/26/2026 18:50:07 INFO [task_1]   hot: searching commits for "security" since 2026-05-19
05/26/2026 18:50:20 INFO [task_1]   hot: searching commits for "injection" since 2026-05-19
05/26/2026 18:50:28 WARNING [task_0] Rate limit low/hit, sleeping 229s…
05/26/2026 18:54:17 WARNING [task_1] Rate limit low/hit, sleeping 1s…
05/26/2026 18:54:25 INFO [task_1]   hot: searching commits for "XSS" since 2026-05-19
05/26/2026 18:54:40 INFO [task_1]   hot: searching commits for "CSRF" since 2026-05-19
05/26/2026 18:54:56 INFO [task_1]   hot: searching commits for "overflow" since 2026-05-19
05/26/2026 18:54:56 WARNING [task_1] Rate limit low/hit, sleeping 224s…
05/26/2026 18:58:40 WARNING [task_0] Rate limit low/hit, sleeping 1s…
05/26/2026 18:58:51 INFO [task_1]   hot: searching commits for "RCE" since 2026-05-19
05/26/2026 18:59:07 INFO [task_1]   hot: searching commits for "sanitize" since 2026-05-19
05/26/2026 18:59:13 INFO [task_0] TASK 1 (official) — selected 30 repos
05/26/2026 18:59:22 INFO [task_1]   hot: searching commits for "auth bypass" since 2026-05-19
05/26/2026 18:59:37 WARNING [task_1] Rate limit low/hit, sleeping 207s…
05/26/2026 19:03:08 INFO [task_1]   hot: searching commits for "credential" since 2026-05-19
05/26/2026 19:03:23 INFO [task_1]   hot: searching commits for "patch" since 2026-05-19
05/26/2026 19:03:39 INFO [task_1]   → 1346 repos with at least one security-keyword commit
05/26/2026 19:06:11 INFO [task_1]   hot: enriched 10/60 candidates
05/26/2026 19:08:43 INFO [task_1]   hot: enriched 20/60 candidates
05/26/2026 19:11:31 INFO [task_1]   hot: enriched 30/60 candidates
05/26/2026 19:14:18 INFO [task_1]   hot: enriched 40/60 candidates
05/26/2026 19:17:05 INFO [task_1]   hot: enriched 50/60 candidates
05/26/2026 19:19:52 INFO [task_1]   hot: enriched 60/60 candidates
05/26/2026 19:19:52 INFO [task_1] TASK 2 (hot) — selected 30 repos
05/26/2026 19:19:52 INFO [MainThread] Persisted task=official: 30 selected, 2 new in DB
05/26/2026 19:19:52 INFO [MainThread] Persisted task=hot: 30 selected, 1 new in DB
05/26/2026 19:19:52 INFO [MainThread] Persisted task=talkers: 30 selected, 24 new in DB
05/26/2026 19:19:52 INFO [MainThread] CVE matcher — fetching NVD CVEs since 2026-05-26T06:35:49.732687+00:00
05/26/2026 19:19:52 INFO [MainThread]   NVD window: 2026-05-26 → 2026-05-26
05/26/2026 19:19:55 INFO [MainThread]   NVD page: got 123 (total 123/123)
05/26/2026 19:19:55 INFO [MainThread]   → 123 new CVEs (range covered up to 2026-05-26T17:19:52.842032+00:00)
05/26/2026 19:19:55 INFO [MainThread] CVE matcher — 0 matches found, 0 new
05/26/2026 19:19:55 INFO [MainThread] CVE matcher: 0 new matches this run, 97 total to date
05/26/2026 19:19:55 INFO [MainThread] === Next run at 2026-05-27T06:00:00+00:00 (in 12.7h) ===
05/27/2026 08:00:00 INFO [MainThread] === Pipeline run started at 2026-05-27T06:00:00.000350+00:00 ===
05/27/2026 08:00:00 INFO [task_0] TASK 1 (official) — fetching NVD CVEs from last 30 days…
05/27/2026 08:00:00 INFO [task_0]   NVD window: 2026-04-27 → 2026-05-27
05/27/2026 08:00:00 INFO [task_1] TASK 2 (hot) — searching security commits since 2026-05-20
05/27/2026 08:00:00 INFO [task_2] TASK 3 (talkers) — looking at activity since 2026-05-20
05/27/2026 08:00:00 INFO [task_1]   hot: searching commits for "CVE" since 2026-05-20
05/27/2026 08:00:00 INFO [task_2]   talkers: counting issues since 2026-05-20
05/27/2026 08:00:01 INFO [task_0]   NVD page: got 2000 (total 2000/6107)
05/27/2026 08:00:08 INFO [task_0]   NVD page: got 2000 (total 4000/6107)
05/27/2026 08:00:11 INFO [task_1]   hot: searching commits for "vulnerability" since 2026-05-20
05/27/2026 08:00:16 INFO [task_0]   NVD page: got 2000 (total 6000/6107)
05/27/2026 08:00:22 INFO [task_0]   NVD page: got 107 (total 6107/6107)
05/27/2026 08:00:22 INFO [task_0]   → got 6107 CVEs from NVD
05/27/2026 08:00:22 INFO [task_0]   → distinct (vendor, product) pairs: 1931
05/27/2026 08:00:28 INFO [task_2]   talkers: counting commits since 2026-05-20
05/27/2026 08:00:28 INFO [task_0] TASK 1 (official) — selected 30 repos
05/27/2026 08:00:29 INFO [task_1]   hot: searching commits for "exploit" since 2026-05-20
05/27/2026 08:00:29 WARNING [task_1] Rate limit low/hit, sleeping 234s…
05/27/2026 08:04:23 WARNING [task_2] Rate limit low/hit, sleeping 1s…
05/27/2026 08:04:28 INFO [task_1]   hot: searching commits for "security" since 2026-05-20
05/27/2026 08:04:32 WARNING [task_1] Rate limit low/hit, sleeping 254s…
05/27/2026 08:08:46 WARNING [task_2] Rate limit low/hit, sleeping 1s…
05/27/2026 08:08:55 INFO [task_1]   hot: searching commits for "injection" since 2026-05-20
05/27/2026 08:09:04 INFO [task_2] TASK 3 (talkers) — selected 30 repos
05/27/2026 08:09:04 WARNING [task_1] Rate limit low/hit, sleeping 246s…
05/27/2026 08:13:17 INFO [task_1]   hot: searching commits for "XSS" since 2026-05-20
05/27/2026 08:13:33 INFO [task_1]   hot: searching commits for "CSRF" since 2026-05-20
05/27/2026 08:13:49 INFO [task_1]   hot: searching commits for "overflow" since 2026-05-20
05/27/2026 08:13:59 INFO [task_1]   hot: searching commits for "RCE" since 2026-05-20
05/27/2026 08:14:15 INFO [task_1]   hot: searching commits for "sanitize" since 2026-05-20
05/27/2026 08:14:30 INFO [task_1]   hot: searching commits for "auth bypass" since 2026-05-20
05/27/2026 08:14:47 INFO [task_1]   hot: searching commits for "credential" since 2026-05-20
05/27/2026 08:15:00 INFO [task_1]   hot: searching commits for "patch" since 2026-05-20
05/27/2026 08:15:12 INFO [task_1]   → 1186 repos with at least one security-keyword commit
05/27/2026 08:17:43 INFO [task_1]   hot: enriched 10/60 candidates
05/27/2026 08:20:15 INFO [task_1]   hot: enriched 20/60 candidates
05/27/2026 08:23:01 INFO [task_1]   hot: enriched 30/60 candidates
05/27/2026 08:25:47 INFO [task_1]   hot: enriched 40/60 candidates
05/27/2026 08:28:33 INFO [task_1]   hot: enriched 50/60 candidates
05/27/2026 08:31:04 INFO [task_1]   hot: enriched 60/60 candidates
05/27/2026 08:31:04 INFO [task_1] TASK 2 (hot) — selected 30 repos
05/27/2026 08:31:04 INFO [MainThread] Persisted task=official: 30 selected, 30 new in DB
05/27/2026 08:31:04 INFO [MainThread] Persisted task=hot: 30 selected, 30 new in DB
05/27/2026 08:31:05 INFO [MainThread] Persisted task=talkers: 30 selected, 30 new in DB
05/27/2026 08:31:05 INFO [MainThread] CVE matcher — fetching NVD CVEs since 2026-05-26T17:19:52.842032+00:00
05/27/2026 08:31:05 INFO [MainThread]   NVD window: 2026-05-26 → 2026-05-27
05/27/2026 08:31:05 INFO [MainThread]   NVD page: got 167 (total 167/167)
05/27/2026 08:31:05 INFO [MainThread]   → 167 new CVEs (range covered up to 2026-05-27T06:31:05.066092+00:00)
05/27/2026 08:31:05 INFO [MainThread] CVE matcher — 0 matches found, 0 new
05/27/2026 08:31:05 INFO [MainThread] CVE matcher: 0 new matches this run, 97 total to date
05/27/2026 08:31:05 INFO [MainThread] === Next run at 2026-05-28T06:00:00+00:00 (in 23.5h) ===
05/28/2026 08:00:00 INFO [MainThread] === Pipeline run started at 2026-05-28T06:00:00.000565+00:00 ===
05/28/2026 08:00:00 INFO [task_0] TASK 1 (official) — fetching NVD CVEs from last 30 days…
05/28/2026 08:00:00 INFO [task_0]   NVD window: 2026-04-28 → 2026-05-28
05/28/2026 08:00:00 INFO [task_1] TASK 2 (hot) — searching security commits since 2026-05-21
05/28/2026 08:00:00 INFO [task_2] TASK 3 (talkers) — looking at activity since 2026-05-21
05/28/2026 08:00:00 INFO [task_2]   talkers: counting issues since 2026-05-21
05/28/2026 08:00:00 INFO [task_1]   hot: searching commits for "CVE" since 2026-05-21
05/28/2026 08:00:01 INFO [task_0]   NVD page: got 2000 (total 2000/6617)
05/28/2026 08:00:11 INFO [task_1]   hot: searching commits for "vulnerability" since 2026-05-21
05/28/2026 08:00:11 INFO [task_0]   NVD page: got 2000 (total 4000/6617)
05/28/2026 08:00:16 INFO [task_2]   talkers: counting commits since 2026-05-21
05/28/2026 08:00:19 INFO [task_0]   NVD page: got 2000 (total 6000/6617)
05/28/2026 08:00:25 WARNING [task_2] Rate limit low/hit, sleeping 238s…
05/28/2026 08:00:26 INFO [task_1]   hot: searching commits for "exploit" since 2026-05-21
05/28/2026 08:00:28 INFO [task_0]   NVD page: got 617 (total 6617/6617)
05/28/2026 08:00:28 INFO [task_0]   → got 6617 CVEs from NVD
05/28/2026 08:00:28 INFO [task_0]   → distinct (vendor, product) pairs: 1956
05/28/2026 08:00:37 INFO [task_0] TASK 1 (official) — selected 30 repos
05/28/2026 08:04:23 WARNING [task_1] Rate limit low/hit, sleeping 1s…
05/28/2026 08:04:34 INFO [task_1]   hot: searching commits for "security" since 2026-05-21
05/28/2026 08:04:43 INFO [task_2] TASK 3 (talkers) — selected 30 repos
05/28/2026 08:04:47 INFO [task_1]   hot: searching commits for "injection" since 2026-05-21
05/28/2026 08:05:04 INFO [task_1]   hot: searching commits for "XSS" since 2026-05-21
05/28/2026 08:05:21 INFO [task_1]   hot: searching commits for "CSRF" since 2026-05-21
05/28/2026 08:05:39 INFO [task_1]   hot: searching commits for "overflow" since 2026-05-21
05/28/2026 08:05:50 INFO [task_1]   hot: searching commits for "RCE" since 2026-05-21
05/28/2026 08:06:08 INFO [task_1]   hot: searching commits for "sanitize" since 2026-05-21
05/28/2026 08:06:23 INFO [task_1]   hot: searching commits for "auth bypass" since 2026-05-21
05/28/2026 08:06:41 INFO [task_1]   hot: searching commits for "credential" since 2026-05-21
05/28/2026 08:06:59 INFO [task_1]   hot: searching commits for "patch" since 2026-05-21
05/28/2026 08:07:13 INFO [task_1]   → 1199 repos with at least one security-keyword commit
05/28/2026 08:09:44 INFO [task_1]   hot: enriched 10/60 candidates
05/28/2026 08:12:30 INFO [task_1]   hot: enriched 20/60 candidates
05/28/2026 08:15:17 INFO [task_1]   hot: enriched 30/60 candidates
05/28/2026 08:18:03 INFO [task_1]   hot: enriched 40/60 candidates
05/28/2026 08:20:49 INFO [task_1]   hot: enriched 50/60 candidates
05/28/2026 08:23:35 INFO [task_1]   hot: enriched 60/60 candidates
05/28/2026 08:23:35 INFO [task_1] TASK 2 (hot) — selected 30 repos
05/28/2026 08:23:35 INFO [MainThread] Persisted task=official: 30 selected, 30 new in DB
05/28/2026 08:23:35 INFO [MainThread] Persisted task=hot: 30 selected, 30 new in DB
05/28/2026 08:23:36 INFO [MainThread] Persisted task=talkers: 30 selected, 30 new in DB
05/28/2026 08:23:36 INFO [MainThread] CVE matcher — fetching NVD CVEs since 2026-05-27T06:31:05.066092+00:00
05/28/2026 08:23:36 INFO [MainThread]   NVD window: 2026-05-27 → 2026-05-28
05/28/2026 08:23:36 INFO [MainThread]   NVD page: got 714 (total 714/714)
05/28/2026 08:23:36 INFO [MainThread]   → 714 new CVEs (range covered up to 2026-05-28T06:23:36.020302+00:00)
05/28/2026 08:23:36 INFO [MainThread] CVE matcher — 20 matches found, 20 new
05/28/2026 08:23:37 INFO [MainThread] CVE matcher: 20 new matches this run, 117 total to date
05/28/2026 08:23:37 INFO [MainThread] === Next run at 2026-05-29T06:00:00+00:00 (in 23.6h) ===
05/29/2026 08:00:00 INFO [MainThread] === Pipeline run started at 2026-05-29T06:00:00.000412+00:00 ===
05/29/2026 08:00:00 INFO [task_0] TASK 1 (official) — fetching NVD CVEs from last 30 days…
05/29/2026 08:00:00 INFO [task_0]   NVD window: 2026-04-29 → 2026-05-29
05/29/2026 08:00:00 INFO [task_1] TASK 2 (hot) — searching security commits since 2026-05-22
05/29/2026 08:00:00 INFO [task_2] TASK 3 (talkers) — looking at activity since 2026-05-22
05/29/2026 08:00:00 INFO [task_1]   hot: searching commits for "CVE" since 2026-05-22
05/29/2026 08:00:00 INFO [task_2]   talkers: counting issues since 2026-05-22
05/29/2026 08:00:02 INFO [task_0]   NVD page: got 2000 (total 2000/6943)
05/29/2026 08:00:10 INFO [task_0]   NVD page: got 2000 (total 4000/6943)
05/29/2026 08:00:11 INFO [task_1]   hot: searching commits for "vulnerability" since 2026-05-22
05/29/2026 08:00:17 INFO [task_0]   NVD page: got 2000 (total 6000/6943)
05/29/2026 08:00:25 INFO [task_0]   NVD page: got 943 (total 6943/6943)
05/29/2026 08:00:25 INFO [task_0]   → got 6943 CVEs from NVD
05/29/2026 08:00:25 INFO [task_0]   → distinct (vendor, product) pairs: 1972
05/29/2026 08:00:25 INFO [task_1]   hot: searching commits for "exploit" since 2026-05-22
05/29/2026 08:00:25 INFO [task_2]   talkers: counting commits since 2026-05-22
05/29/2026 08:00:30 INFO [task_1]   hot: searching commits for "security" since 2026-05-22
05/29/2026 08:00:32 INFO [task_0] TASK 1 (official) — selected 30 repos
05/29/2026 08:00:34 WARNING [task_1] Rate limit low/hit, sleeping 230s…
05/29/2026 08:04:24 WARNING [task_2] Rate limit low/hit, sleeping 1s…
05/29/2026 08:04:31 WARNING [task_2] Rate limit low/hit, sleeping 257s…
05/29/2026 08:04:32 INFO [task_1]   hot: searching commits for "injection" since 2026-05-22
05/29/2026 08:08:48 WARNING [task_1] Rate limit low/hit, sleeping 1s…
05/29/2026 08:09:01 INFO [task_2] TASK 3 (talkers) — selected 30 repos
05/29/2026 08:09:04 INFO [task_1]   hot: searching commits for "XSS" since 2026-05-22
05/29/2026 08:09:19 INFO [task_1]   hot: searching commits for "CSRF" since 2026-05-22
05/29/2026 08:09:35 INFO [task_1]   hot: searching commits for "overflow" since 2026-05-22
05/29/2026 08:09:46 INFO [task_1]   hot: searching commits for "RCE" since 2026-05-22
05/29/2026 08:09:55 WARNING [task_1] Rate limit low/hit, sleeping 259s…
05/29/2026 08:14:21 INFO [task_1]   hot: searching commits for "sanitize" since 2026-05-22
05/29/2026 08:14:36 INFO [task_1]   hot: searching commits for "auth bypass" since 2026-05-22
05/29/2026 08:14:57 INFO [task_1]   hot: searching commits for "credential" since 2026-05-22
05/29/2026 08:15:12 INFO [task_1]   hot: searching commits for "patch" since 2026-05-22
05/29/2026 08:15:23 INFO [task_1]   → 1176 repos with at least one security-keyword commit
05/29/2026 08:17:54 INFO [task_1]   hot: enriched 10/60 candidates
05/29/2026 08:20:40 INFO [task_1]   hot: enriched 20/60 candidates
05/29/2026 08:23:26 INFO [task_1]   hot: enriched 30/60 candidates
05/29/2026 08:26:12 INFO [task_1]   hot: enriched 40/60 candidates
05/29/2026 08:28:59 INFO [task_1]   hot: enriched 50/60 candidates
05/29/2026 08:31:30 INFO [task_1]   hot: enriched 60/60 candidates
05/29/2026 08:31:30 INFO [task_1] TASK 2 (hot) — selected 30 repos
05/29/2026 08:31:30 INFO [MainThread] Persisted task=official: 30 selected, 30 new in DB
05/29/2026 08:31:31 INFO [MainThread] Persisted task=hot: 30 selected, 30 new in DB
05/29/2026 08:31:31 INFO [MainThread] Persisted task=talkers: 30 selected, 30 new in DB
05/29/2026 08:31:31 INFO [MainThread] CVE matcher — fetching NVD CVEs since 2026-05-28T06:23:36.020302+00:00
05/29/2026 08:31:31 INFO [MainThread]   NVD window: 2026-05-28 → 2026-05-29
05/29/2026 08:31:32 INFO [MainThread]   NVD page: got 526 (total 526/526)
05/29/2026 08:31:32 INFO [MainThread]   → 526 new CVEs (range covered up to 2026-05-29T06:31:31.249805+00:00)
05/29/2026 08:31:32 INFO [MainThread] CVE matcher — 0 matches found, 0 new
05/29/2026 08:31:32 INFO [MainThread] CVE matcher: 0 new matches this run, 117 total to date
05/29/2026 08:31:32 INFO [MainThread] === Next run at 2026-05-30T06:00:00+00:00 (in 23.5h) ===
05/30/2026 08:00:00 INFO [MainThread] === Pipeline run started at 2026-05-30T06:00:00.000377+00:00 ===
05/30/2026 08:00:00 INFO [task_0] TASK 1 (official) — fetching NVD CVEs from last 30 days…
05/30/2026 08:00:00 INFO [task_0]   NVD window: 2026-04-30 → 2026-05-30
05/30/2026 08:00:00 INFO [task_1] TASK 2 (hot) — searching security commits since 2026-05-23
05/30/2026 08:00:00 INFO [task_1]   hot: searching commits for "CVE" since 2026-05-23
05/30/2026 08:00:00 INFO [task_2] TASK 3 (talkers) — looking at activity since 2026-05-23
05/30/2026 08:00:00 INFO [task_2]   talkers: counting issues since 2026-05-23
05/30/2026 08:00:01 INFO [task_0]   NVD page: got 2000 (total 2000/7053)
05/30/2026 08:00:09 INFO [task_0]   NVD page: got 2000 (total 4000/7053)
05/30/2026 08:00:10 INFO [task_1]   hot: searching commits for "vulnerability" since 2026-05-23
05/30/2026 08:00:16 INFO [task_2]   talkers: counting commits since 2026-05-23
05/30/2026 08:00:17 INFO [task_0]   NVD page: got 2000 (total 6000/7053)
05/30/2026 08:00:22 WARNING [task_2] Rate limit low/hit, sleeping 242s…
05/30/2026 08:00:23 INFO [task_1]   hot: searching commits for "exploit" since 2026-05-23
05/30/2026 08:00:24 INFO [task_0]   NVD page: got 1053 (total 7053/7053)
05/30/2026 08:00:24 INFO [task_0]   → got 7053 CVEs from NVD
05/30/2026 08:00:24 INFO [task_0]   → distinct (vendor, product) pairs: 2040
05/30/2026 08:00:30 INFO [task_0] TASK 1 (official) — selected 30 repos
05/30/2026 08:04:24 WARNING [task_1] Rate limit low/hit, sleeping 1s…
05/30/2026 08:04:40 INFO [task_1]   hot: searching commits for "security" since 2026-05-23
05/30/2026 08:04:45 INFO [task_2] TASK 3 (talkers) — selected 30 repos
05/30/2026 08:04:52 INFO [task_1]   hot: searching commits for "injection" since 2026-05-23
05/30/2026 08:05:06 INFO [task_1]   hot: searching commits for "XSS" since 2026-05-23
05/30/2026 08:05:21 INFO [task_1]   hot: searching commits for "CSRF" since 2026-05-23
05/30/2026 08:05:42 INFO [task_1]   hot: searching commits for "overflow" since 2026-05-23
05/30/2026 08:05:51 INFO [task_1]   hot: searching commits for "RCE" since 2026-05-23
05/30/2026 08:06:06 INFO [task_1]   hot: searching commits for "sanitize" since 2026-05-23
05/30/2026 08:06:19 INFO [task_1]   hot: searching commits for "auth bypass" since 2026-05-23
05/30/2026 08:06:35 INFO [task_1]   hot: searching commits for "credential" since 2026-05-23
05/30/2026 08:06:48 INFO [task_1]   hot: searching commits for "patch" since 2026-05-23
05/30/2026 08:06:59 INFO [task_1]   → 1330 repos with at least one security-keyword commit
05/30/2026 08:09:29 INFO [task_1]   hot: enriched 10/60 candidates
05/30/2026 08:12:14 INFO [task_1]   hot: enriched 20/60 candidates
05/30/2026 08:15:00 INFO [task_1]   hot: enriched 30/60 candidates
05/30/2026 08:17:45 INFO [task_1]   hot: enriched 40/60 candidates
05/30/2026 08:20:30 INFO [task_1]   hot: enriched 50/60 candidates
05/30/2026 08:23:15 INFO [task_1]   hot: enriched 60/60 candidates
05/30/2026 08:23:15 INFO [task_1] TASK 2 (hot) — selected 30 repos
05/30/2026 08:23:15 INFO [MainThread] Persisted task=official: 30 selected, 30 new in DB
05/30/2026 08:23:16 INFO [MainThread] Persisted task=hot: 30 selected, 30 new in DB
05/30/2026 08:23:16 INFO [MainThread] Persisted task=talkers: 30 selected, 30 new in DB
05/30/2026 08:23:16 INFO [MainThread] CVE matcher — fetching NVD CVEs since 2026-05-29T06:31:31.249805+00:00
05/30/2026 08:23:16 INFO [MainThread]   NVD window: 2026-05-29 → 2026-05-30
05/30/2026 08:23:17 INFO [MainThread]   NVD page: got 245 (total 245/245)
05/30/2026 08:23:17 INFO [MainThread]   → 245 new CVEs (range covered up to 2026-05-30T06:23:16.280026+00:00)
05/30/2026 08:23:17 INFO [MainThread] CVE matcher — 16 matches found, 16 new
05/30/2026 08:23:17 INFO [MainThread] CVE matcher: 16 new matches this run, 133 total to date
05/30/2026 08:23:17 INFO [MainThread] === Next run at 2026-05-31T06:00:00+00:00 (in 23.6h) ===
05/31/2026 08:00:00 INFO [MainThread] === Pipeline run started at 2026-05-31T06:00:00.000338+00:00 ===
05/31/2026 08:00:00 INFO [task_0] TASK 1 (official) — fetching NVD CVEs from last 30 days…
05/31/2026 08:00:00 INFO [task_0]   NVD window: 2026-05-01 → 2026-05-31
05/31/2026 08:00:00 INFO [task_1] TASK 2 (hot) — searching security commits since 2026-05-24
05/31/2026 08:00:00 INFO [task_2] TASK 3 (talkers) — looking at activity since 2026-05-24
05/31/2026 08:00:00 INFO [task_2]   talkers: counting issues since 2026-05-24
05/31/2026 08:00:00 INFO [task_1]   hot: searching commits for "CVE" since 2026-05-24
05/31/2026 08:00:01 INFO [task_0]   NVD page: got 2000 (total 2000/6933)
05/31/2026 08:00:09 INFO [task_0]   NVD page: got 2000 (total 4000/6933)
05/31/2026 08:00:10 INFO [task_1]   hot: searching commits for "vulnerability" since 2026-05-24
05/31/2026 08:00:16 INFO [task_0]   NVD page: got 2000 (total 6000/6933)
05/31/2026 08:00:23 INFO [task_1]   hot: searching commits for "exploit" since 2026-05-24
05/31/2026 08:00:23 INFO [task_0]   NVD page: got 933 (total 6933/6933)
05/31/2026 08:00:23 INFO [task_0]   → got 6933 CVEs from NVD
05/31/2026 08:00:23 INFO [task_0]   → distinct (vendor, product) pairs: 2003
05/31/2026 08:00:35 INFO [task_2]   talkers: counting commits since 2026-05-24
05/31/2026 08:00:37 INFO [task_1]   hot: searching commits for "security" since 2026-05-24
05/31/2026 08:00:40 WARNING [task_1] Rate limit low/hit, sleeping 224s…
05/31/2026 08:04:24 WARNING [task_2] Rate limit low/hit, sleeping 1s…
05/31/2026 08:04:25 WARNING [task_0] Rate limit low/hit, sleeping 1s…
05/31/2026 08:04:28 WARNING [task_1] Rate limit low/hit, sleeping 261s…
05/31/2026 08:04:44 INFO [task_0] TASK 1 (official) — selected 30 repos
05/31/2026 08:08:49 WARNING [task_2] Rate limit low/hit, sleeping 1s…
05/31/2026 08:08:54 INFO [task_1]   hot: searching commits for "injection" since 2026-05-24
05/31/2026 08:08:55 WARNING [task_1] Rate limit low/hit, sleeping 259s…
05/31/2026 08:13:14 WARNING [task_2] Rate limit low/hit, sleeping 1s…
05/31/2026 08:13:21 WARNING [task_2] Rate limit low/hit, sleeping 257s…
05/31/2026 08:17:38 WARNING [task_1] Rate limit low/hit, sleeping 1s…
05/31/2026 08:17:45 INFO [task_1]   hot: searching commits for "XSS" since 2026-05-24
05/31/2026 08:17:46 INFO [task_2] TASK 3 (talkers) — selected 30 repos
05/31/2026 08:17:59 INFO [task_1]   hot: searching commits for "CSRF" since 2026-05-24
05/31/2026 08:18:13 INFO [task_1]   hot: searching commits for "overflow" since 2026-05-24
05/31/2026 08:18:22 INFO [task_1]   hot: searching commits for "RCE" since 2026-05-24
05/31/2026 08:18:36 INFO [task_1]   hot: searching commits for "sanitize" since 2026-05-24
05/31/2026 08:18:49 INFO [task_1]   hot: searching commits for "auth bypass" since 2026-05-24
05/31/2026 08:19:04 INFO [task_1]   hot: searching commits for "credential" since 2026-05-24
05/31/2026 08:19:17 INFO [task_1]   hot: searching commits for "patch" since 2026-05-24
05/31/2026 08:19:28 INFO [task_1]   → 1322 repos with at least one security-keyword commit
05/31/2026 08:21:57 INFO [task_1]   hot: enriched 10/60 candidates
05/31/2026 08:24:42 INFO [task_1]   hot: enriched 20/60 candidates
05/31/2026 08:27:27 INFO [task_1]   hot: enriched 30/60 candidates
05/31/2026 08:30:12 INFO [task_1]   hot: enriched 40/60 candidates
05/31/2026 08:32:57 INFO [task_1]   hot: enriched 50/60 candidates
05/31/2026 08:35:42 INFO [task_1]   hot: enriched 60/60 candidates
05/31/2026 08:35:42 INFO [task_1] TASK 2 (hot) — selected 30 repos
05/31/2026 08:35:42 INFO [MainThread] Persisted task=official: 30 selected, 30 new in DB
05/31/2026 08:35:43 INFO [MainThread] Persisted task=hot: 30 selected, 30 new in DB
05/31/2026 08:35:43 INFO [MainThread] Persisted task=talkers: 30 selected, 30 new in DB
05/31/2026 08:35:43 INFO [MainThread] CVE matcher — fetching NVD CVEs since 2026-05-30T06:23:16.280026+00:00
05/31/2026 08:35:43 INFO [MainThread]   NVD window: 2026-05-30 → 2026-05-31
05/31/2026 08:35:43 INFO [MainThread]   NVD page: got 64 (total 64/64)
05/31/2026 08:35:43 INFO [MainThread]   → 64 new CVEs (range covered up to 2026-05-31T06:35:43.165158+00:00)
05/31/2026 08:35:43 INFO [MainThread] CVE matcher — 7 matches found, 7 new
05/31/2026 08:35:44 INFO [MainThread] CVE matcher: 7 new matches this run, 140 total to date
05/31/2026 08:35:44 INFO [MainThread] === Next run at 2026-06-01T06:00:00+00:00 (in 23.4h) ===
06/01/2026 08:00:00 INFO [MainThread] === Pipeline run started at 2026-06-01T06:00:00.000370+00:00 ===
06/01/2026 08:00:00 INFO [task_0] TASK 1 (official) — fetching NVD CVEs from last 30 days…
06/01/2026 08:00:00 INFO [task_1] TASK 2 (hot) — searching security commits since 2026-05-25
06/01/2026 08:00:00 INFO [task_1]   hot: searching commits for "CVE" since 2026-05-25
06/01/2026 08:00:00 INFO [task_0]   NVD window: 2026-05-02 → 2026-06-01
06/01/2026 08:00:00 INFO [task_2] TASK 3 (talkers) — looking at activity since 2026-05-25
06/01/2026 08:00:00 INFO [task_2]   talkers: counting issues since 2026-05-25
06/01/2026 08:00:04 INFO [task_0]   NVD page: got 2000 (total 2000/6736)
06/01/2026 08:00:10 INFO [task_1]   hot: searching commits for "vulnerability" since 2026-05-25
06/01/2026 08:00:11 INFO [task_0]   NVD page: got 2000 (total 4000/6736)
06/01/2026 08:00:11 INFO [task_2]   talkers: counting commits since 2026-05-25
06/01/2026 08:00:18 WARNING [task_2] Rate limit low/hit, sleeping 247s…
06/01/2026 08:00:19 INFO [task_0]   NVD page: got 2000 (total 6000/6736)
06/01/2026 08:00:26 INFO [task_0]   NVD page: got 736 (total 6736/6736)
06/01/2026 08:00:26 INFO [task_0]   → got 6736 CVEs from NVD
06/01/2026 08:00:26 INFO [task_0]   → distinct (vendor, product) pairs: 1985
06/01/2026 08:00:32 INFO [task_0] TASK 1 (official) — selected 30 repos
06/01/2026 08:04:25 WARNING [task_1] Rate limit low/hit, sleeping 1s…
06/01/2026 08:04:28 WARNING [task_2] Rate limit low/hit, sleeping 262s…
06/01/2026 08:04:31 INFO [task_1]   hot: searching commits for "exploit" since 2026-05-25
06/01/2026 08:08:50 WARNING [task_1] Rate limit low/hit, sleeping 1s…
06/01/2026 08:08:55 WARNING [task_2] Rate limit low/hit, sleeping 260s…
06/01/2026 08:13:15 WARNING [task_1] Rate limit low/hit, sleeping 1s…
06/01/2026 08:13:22 WARNING [task_2] Rate limit low/hit, sleeping 258s…
06/01/2026 08:17:40 WARNING [task_1] Rate limit low/hit, sleeping 1s…
06/01/2026 08:17:45 WARNING [task_2] Rate limit low/hit, sleeping 260s…
06/01/2026 08:17:47 INFO [task_1]   hot: searching commits for "security" since 2026-05-25
06/01/2026 08:22:05 WARNING [task_1] Rate limit low/hit, sleeping 1s…
06/01/2026 08:22:08 INFO [task_2] TASK 3 (talkers) — selected 30 repos
06/01/2026 08:22:10 WARNING [task_1] Rate limit low/hit, sleeping 260s…
06/01/2026 08:26:39 INFO [task_1]   hot: searching commits for "injection" since 2026-05-25
06/01/2026 08:26:53 INFO [task_1]   hot: searching commits for "XSS" since 2026-05-25
06/01/2026 08:27:08 INFO [task_1]   hot: searching commits for "CSRF" since 2026-05-25
06/01/2026 08:27:22 INFO [task_1]   hot: searching commits for "overflow" since 2026-05-25
06/01/2026 08:27:25 WARNING [task_1] Rate limit low/hit, sleeping 210s…
06/01/2026 08:31:03 INFO [task_1]   hot: searching commits for "RCE" since 2026-05-25
06/01/2026 08:31:18 INFO [task_1]   hot: searching commits for "sanitize" since 2026-05-25
06/01/2026 08:31:32 INFO [task_1]   hot: searching commits for "auth bypass" since 2026-05-25
06/01/2026 08:31:49 INFO [task_1]   hot: searching commits for "credential" since 2026-05-25
06/01/2026 08:32:02 INFO [task_1]   hot: searching commits for "patch" since 2026-05-25
06/01/2026 08:32:14 INFO [task_1]   → 1358 repos with at least one security-keyword commit
06/01/2026 08:34:44 INFO [task_1]   hot: enriched 10/60 candidates
06/01/2026 08:37:30 INFO [task_1]   hot: enriched 20/60 candidates
06/01/2026 08:40:17 INFO [task_1]   hot: enriched 30/60 candidates
06/01/2026 08:43:03 INFO [task_1]   hot: enriched 40/60 candidates
06/01/2026 08:45:49 INFO [task_1]   hot: enriched 50/60 candidates
06/01/2026 08:48:36 INFO [task_1]   hot: enriched 60/60 candidates
06/01/2026 08:48:36 INFO [task_1] TASK 2 (hot) — selected 30 repos
06/01/2026 08:48:36 INFO [MainThread] Persisted task=official: 30 selected, 30 new in DB
06/01/2026 08:48:36 INFO [MainThread] Persisted task=hot: 30 selected, 30 new in DB
06/01/2026 08:48:36 INFO [MainThread] Persisted task=talkers: 30 selected, 30 new in DB
06/01/2026 08:48:36 INFO [MainThread] CVE matcher — fetching NVD CVEs since 2026-05-31T06:35:43.165158+00:00
06/01/2026 08:48:36 INFO [MainThread]   NVD window: 2026-05-31 → 2026-06-01
06/01/2026 08:48:37 INFO [MainThread]   NVD page: got 71 (total 71/71)
06/01/2026 08:48:37 INFO [MainThread]   → 71 new CVEs (range covered up to 2026-06-01T06:48:36.942841+00:00)
06/01/2026 08:48:37 INFO [MainThread] CVE matcher — 0 matches found, 0 new
06/01/2026 08:48:37 INFO [MainThread] CVE matcher: 0 new matches this run, 140 total to date
06/01/2026 08:48:37 INFO [MainThread] === Next run at 2026-06-02T06:00:00+00:00 (in 23.2h) ===
06/02/2026 08:00:00 INFO [MainThread] === Pipeline run started at 2026-06-02T06:00:00.000406+00:00 ===
06/02/2026 08:00:00 INFO [task_0] TASK 1 (official) — fetching NVD CVEs from last 30 days…
06/02/2026 08:00:00 INFO [task_0]   NVD window: 2026-05-03 → 2026-06-02
06/02/2026 08:00:00 INFO [task_1] TASK 2 (hot) — searching security commits since 2026-05-26
06/02/2026 08:00:00 INFO [task_1]   hot: searching commits for "CVE" since 2026-05-26
06/02/2026 08:00:00 INFO [task_2] TASK 3 (talkers) — looking at activity since 2026-05-26
06/02/2026 08:00:00 INFO [task_2]   talkers: counting issues since 2026-05-26
06/02/2026 08:00:01 INFO [task_0]   NVD page: got 2000 (total 2000/7037)
06/02/2026 08:00:10 INFO [task_1]   hot: searching commits for "vulnerability" since 2026-05-26
06/02/2026 08:00:11 INFO [task_0]   NVD page: got 2000 (total 4000/7037)
06/02/2026 08:00:20 INFO [task_0]   NVD page: got 2000 (total 6000/7037)
06/02/2026 08:00:23 INFO [task_1]   hot: searching commits for "exploit" since 2026-05-26
06/02/2026 08:00:28 INFO [task_0]   NVD page: got 1037 (total 7037/7037)
06/02/2026 08:00:28 INFO [task_0]   → got 7037 CVEs from NVD
06/02/2026 08:00:28 INFO [task_0]   → distinct (vendor, product) pairs: 2107
06/02/2026 08:00:30 INFO [task_2]   talkers: counting commits since 2026-05-26
06/02/2026 08:00:36 WARNING [task_2] Rate limit low/hit, sleeping 229s…
06/02/2026 08:00:39 INFO [task_0] TASK 1 (official) — selected 30 repos
06/02/2026 08:00:39 INFO [task_1]   hot: searching commits for "security" since 2026-05-26
06/02/2026 08:04:25 WARNING [task_1] Rate limit low/hit, sleeping 1s…
06/02/2026 08:04:29 WARNING [task_2] Rate limit low/hit, sleeping 262s…
06/02/2026 08:08:51 WARNING [task_1] Rate limit low/hit, sleeping 1s…
06/02/2026 08:08:54 WARNING [task_2] Rate limit low/hit, sleeping 262s…
06/02/2026 08:13:16 WARNING [task_1] Rate limit low/hit, sleeping 1s…
06/02/2026 08:13:22 WARNING [task_2] Rate limit low/hit, sleeping 260s…
06/02/2026 08:13:23 INFO [task_1]   hot: searching commits for "injection" since 2026-05-26
06/02/2026 08:17:42 WARNING [task_1] Rate limit low/hit, sleeping 1s…
06/02/2026 08:17:48 WARNING [task_1] Rate limit low/hit, sleeping 260s…
06/02/2026 08:22:08 WARNING [task_2] Rate limit low/hit, sleeping 1s…
06/02/2026 08:22:15 INFO [task_2] TASK 3 (talkers) — selected 30 repos
06/02/2026 08:22:20 INFO [task_1]   hot: searching commits for "XSS" since 2026-05-26
06/02/2026 08:22:20 WARNING [task_1] Rate limit low/hit, sleeping 253s…
06/02/2026 08:26:49 INFO [task_1]   hot: searching commits for "CSRF" since 2026-05-26
06/02/2026 08:26:54 WARNING [task_1] Rate limit low/hit, sleeping 244s…
06/02/2026 08:31:10 INFO [task_1]   hot: searching commits for "overflow" since 2026-05-26
06/02/2026 08:31:20 INFO [task_1]   hot: searching commits for "RCE" since 2026-05-26
06/02/2026 08:31:36 INFO [task_1]   hot: searching commits for "sanitize" since 2026-05-26
06/02/2026 08:31:40 WARNING [task_1] Rate limit low/hit, sleeping 223s…
06/02/2026 08:35:34 INFO [task_1]   hot: searching commits for "auth bypass" since 2026-05-26
06/02/2026 08:35:50 INFO [task_1]   hot: searching commits for "credential" since 2026-05-26
06/02/2026 08:36:03 INFO [task_1]   hot: searching commits for "patch" since 2026-05-26
06/02/2026 08:36:14 INFO [task_1]   → 1349 repos with at least one security-keyword commit
06/02/2026 08:38:45 INFO [task_1]   hot: enriched 10/60 candidates
06/02/2026 08:41:31 INFO [task_1]   hot: enriched 20/60 candidates
06/02/2026 08:44:17 INFO [task_1]   hot: enriched 30/60 candidates
06/02/2026 08:47:03 INFO [task_1]   hot: enriched 40/60 candidates
06/02/2026 08:49:49 INFO [task_1]   hot: enriched 50/60 candidates
06/02/2026 08:52:35 INFO [task_1]   hot: enriched 60/60 candidates
06/02/2026 08:52:36 INFO [task_1] TASK 2 (hot) — selected 30 repos
06/02/2026 08:52:36 INFO [MainThread] Persisted task=official: 30 selected, 30 new in DB
06/02/2026 08:52:36 INFO [MainThread] Persisted task=hot: 30 selected, 30 new in DB
06/02/2026 08:52:36 INFO [MainThread] Persisted task=talkers: 30 selected, 30 new in DB
06/02/2026 08:52:36 INFO [MainThread] CVE matcher — fetching NVD CVEs since 2026-06-01T06:48:36.942841+00:00
06/02/2026 08:52:36 INFO [MainThread]   NVD window: 2026-06-01 → 2026-06-02
06/02/2026 08:52:38 INFO [MainThread]   NVD page: got 363 (total 363/363)
06/02/2026 08:52:38 INFO [MainThread]   → 363 new CVEs (range covered up to 2026-06-02T06:52:36.591931+00:00)
06/02/2026 08:52:38 INFO [MainThread] CVE matcher — 18 matches found, 18 new
06/02/2026 08:52:38 INFO [MainThread] CVE matcher: 18 new matches this run, 158 total to date
06/02/2026 08:52:38 INFO [MainThread] === Next run at 2026-06-03T06:00:00+00:00 (in 23.1h) ===
06/03/2026 08:00:00 INFO [MainThread] === Pipeline run started at 2026-06-03T06:00:00.000671+00:00 ===
06/03/2026 08:00:00 INFO [task_0] TASK 1 (official) — fetching NVD CVEs from last 30 days…
06/03/2026 08:00:00 INFO [task_0]   NVD window: 2026-05-04 → 2026-06-03
06/03/2026 08:00:00 INFO [task_1] TASK 2 (hot) — searching security commits since 2026-05-27
06/03/2026 08:00:00 INFO [task_1]   hot: searching commits for "CVE" since 2026-05-27
06/03/2026 08:00:00 INFO [task_2] TASK 3 (talkers) — looking at activity since 2026-05-27
06/03/2026 08:00:00 INFO [task_2]   talkers: counting issues since 2026-05-27
06/03/2026 08:00:01 INFO [task_0]   NVD page: got 2000 (total 2000/7189)
06/03/2026 08:00:09 INFO [task_0]   NVD page: got 2000 (total 4000/7189)
06/03/2026 08:00:10 INFO [task_1]   hot: searching commits for "vulnerability" since 2026-05-27
06/03/2026 08:00:18 INFO [task_0]   NVD page: got 2000 (total 6000/7189)
06/03/2026 08:00:24 INFO [task_1]   hot: searching commits for "exploit" since 2026-05-27
06/03/2026 08:00:25 INFO [task_0]   NVD page: got 1189 (total 7189/7189)
06/03/2026 08:00:25 INFO [task_0]   → got 7189 CVEs from NVD
06/03/2026 08:00:25 INFO [task_0]   → distinct (vendor, product) pairs: 2412
06/03/2026 08:00:29 INFO [task_2]   talkers: counting commits since 2026-05-27
06/03/2026 08:00:29 INFO [task_1]   hot: searching commits for "security" since 2026-05-27
06/03/2026 08:00:32 WARNING [task_2] Rate limit low/hit, sleeping 233s…
06/03/2026 08:04:25 WARNING [task_1] Rate limit low/hit, sleeping 1s…
06/03/2026 08:04:28 WARNING [task_2] Rate limit low/hit, sleeping 247s…
06/03/2026 08:08:35 WARNING [task_1] Rate limit low/hit, sleeping 1s…
06/03/2026 08:08:36 WARNING [task_0] Rate limit low/hit, sleeping 1s…
06/03/2026 08:08:38 WARNING [task_2] Rate limit low/hit, sleeping 263s…
06/03/2026 08:08:42 INFO [task_1]   hot: searching commits for "injection" since 2026-05-27
06/03/2026 08:13:01 WARNING [task_1] Rate limit low/hit, sleeping 1s…
06/03/2026 08:13:02 WARNING [task_0] Rate limit low/hit, sleeping 1s…
06/03/2026 08:13:07 WARNING [task_1] Rate limit low/hit, sleeping 260s…
06/03/2026 08:17:27 WARNING [task_2] Rate limit low/hit, sleeping 1s…
06/03/2026 08:17:28 WARNING [task_0] Rate limit low/hit, sleeping 1s…
06/03/2026 08:17:35 WARNING [task_2] Rate limit low/hit, sleeping 262s…
06/03/2026 08:21:57 WARNING [task_1] Rate limit low/hit, sleeping 1s…
06/03/2026 08:21:58 WARNING [task_0] Rate limit low/hit, sleeping 1s…
06/03/2026 08:22:02 WARNING [task_2] Rate limit low/hit, sleeping 260s…
06/03/2026 08:22:04 INFO [task_1]   hot: searching commits for "XSS" since 2026-05-27
06/03/2026 08:26:22 WARNING [task_1] Rate limit low/hit, sleeping 1s…
06/03/2026 08:26:23 WARNING [task_0] Rate limit low/hit, sleeping 1s…
06/03/2026 08:26:25 WARNING [task_2] Rate limit low/hit, sleeping 263s…
06/03/2026 08:30:48 WARNING [task_1] Rate limit low/hit, sleeping 1s…
06/03/2026 08:30:49 WARNING [task_0] Rate limit low/hit, sleeping 1s…
06/03/2026 08:30:51 INFO [task_2] TASK 3 (talkers) — selected 30 repos
06/03/2026 08:31:00 INFO [task_1]   hot: searching commits for "CSRF" since 2026-05-27
06/03/2026 08:31:16 INFO [task_1]   hot: searching commits for "overflow" since 2026-05-27
06/03/2026 08:31:19 WARNING [task_1] Rate limit low/hit, sleeping 235s…
06/03/2026 08:35:14 WARNING [task_0] Rate limit low/hit, sleeping 1s…
06/03/2026 08:35:22 INFO [task_1]   hot: searching commits for "RCE" since 2026-05-27
06/03/2026 08:35:27 WARNING [task_1] Rate limit low/hit, sleeping 253s…
06/03/2026 08:39:40 WARNING [task_0] Rate limit low/hit, sleeping 1s…
06/03/2026 08:39:52 INFO [task_1]   hot: searching commits for "sanitize" since 2026-05-27
06/03/2026 08:40:06 INFO [task_1]   hot: searching commits for "auth bypass" since 2026-05-27
06/03/2026 08:40:23 INFO [task_1]   hot: searching commits for "credential" since 2026-05-27
06/03/2026 08:40:24 WARNING [task_0] Rate limit low/hit, sleeping 222s…
06/03/2026 08:44:06 WARNING [task_1] Rate limit low/hit, sleeping 1s…
06/03/2026 08:44:16 INFO [task_1]   hot: searching commits for "patch" since 2026-05-27
06/03/2026 08:44:19 WARNING [task_1] Rate limit low/hit, sleeping 255s…
06/03/2026 08:48:34 WARNING [task_0] Rate limit low/hit, sleeping 1s…
06/03/2026 08:48:43 INFO [task_1]   → 1246 repos with at least one security-keyword commit
06/03/2026 08:51:13 INFO [task_1]   hot: enriched 10/60 candidates
06/03/2026 08:52:32 INFO [task_0] TASK 1 (official) — selected 30 repos
06/03/2026 08:53:59 INFO [task_1]   hot: enriched 20/60 candidates
06/03/2026 08:56:45 INFO [task_1]   hot: enriched 30/60 candidates
06/03/2026 08:59:32 INFO [task_1]   hot: enriched 40/60 candidates
06/03/2026 09:02:18 INFO [task_1]   hot: enriched 50/60 candidates
06/03/2026 09:05:05 INFO [task_1]   hot: enriched 60/60 candidates
06/03/2026 09:05:05 INFO [task_1] TASK 2 (hot) — selected 30 repos
06/03/2026 09:05:05 INFO [MainThread] Persisted task=official: 30 selected, 30 new in DB
06/03/2026 09:05:06 INFO [MainThread] Persisted task=hot: 30 selected, 30 new in DB
06/03/2026 09:05:06 INFO [MainThread] Persisted task=talkers: 30 selected, 30 new in DB
06/03/2026 09:05:06 INFO [MainThread] CVE matcher — fetching NVD CVEs since 2026-06-02T06:52:36.591931+00:00
06/03/2026 09:05:06 INFO [MainThread]   NVD window: 2026-06-02 → 2026-06-03
06/03/2026 09:05:12 INFO [MainThread]   NVD page: got 215 (total 215/215)
06/03/2026 09:05:12 INFO [MainThread]   → 215 new CVEs (range covered up to 2026-06-03T07:05:06.207831+00:00)
06/03/2026 09:05:12 INFO [MainThread] CVE matcher — 1 matches found, 1 new
06/03/2026 09:05:12 INFO [MainThread] CVE matcher: 1 new matches this run, 159 total to date
06/03/2026 09:05:12 INFO [MainThread] === Next run at 2026-06-04T06:00:00+00:00 (in 22.9h) ===
06/04/2026 08:00:00 INFO [MainThread] === Pipeline run started at 2026-06-04T06:00:00.000383+00:00 ===
06/04/2026 08:00:00 INFO [task_0] TASK 1 (official) — fetching NVD CVEs from last 30 days…
06/04/2026 08:00:00 INFO [task_0]   NVD window: 2026-05-05 → 2026-06-04
06/04/2026 08:00:00 INFO [task_1] TASK 2 (hot) — searching security commits since 2026-05-28
06/04/2026 08:00:00 INFO [task_2] TASK 3 (talkers) — looking at activity since 2026-05-28
06/04/2026 08:00:00 INFO [task_2]   talkers: counting issues since 2026-05-28
06/04/2026 08:00:00 INFO [task_1]   hot: searching commits for "CVE" since 2026-05-28
06/04/2026 08:00:03 INFO [task_0]   NVD page: got 2000 (total 2000/7152)
06/04/2026 08:00:10 INFO [task_1]   hot: searching commits for "vulnerability" since 2026-05-28
06/04/2026 08:00:11 INFO [task_0]   NVD page: got 2000 (total 4000/7152)
06/04/2026 08:00:12 INFO [task_2]   talkers: counting commits since 2026-05-28
06/04/2026 08:00:18 INFO [task_0]   NVD page: got 2000 (total 6000/7152)
06/04/2026 08:00:18 WARNING [task_1] Rate limit low/hit, sleeping 247s…
06/04/2026 08:00:26 INFO [task_0]   NVD page: got 1152 (total 7152/7152)
06/04/2026 08:00:26 INFO [task_0]   → got 7152 CVEs from NVD
06/04/2026 08:00:26 INFO [task_0]   → distinct (vendor, product) pairs: 2134
06/04/2026 08:00:35 INFO [task_0] TASK 1 (official) — selected 30 repos
06/04/2026 08:04:25 WARNING [task_2] Rate limit low/hit, sleeping 1s…
06/04/2026 08:04:30 WARNING [task_2] Rate limit low/hit, sleeping 261s…
06/04/2026 08:04:31 INFO [task_1]   hot: searching commits for "exploit" since 2026-05-28
06/04/2026 08:08:51 WARNING [task_1] Rate limit low/hit, sleeping 1s…
06/04/2026 08:08:57 WARNING [task_1] Rate limit low/hit, sleeping 259s…
06/04/2026 08:13:16 WARNING [task_2] Rate limit low/hit, sleeping 1s…
06/04/2026 08:13:21 INFO [task_1]   hot: searching commits for "security" since 2026-05-28
06/04/2026 08:13:21 WARNING [task_1] Rate limit low/hit, sleeping 261s…
06/04/2026 08:17:42 WARNING [task_2] Rate limit low/hit, sleeping 1s…
06/04/2026 08:17:46 WARNING [task_1] Rate limit low/hit, sleeping 262s…
06/04/2026 08:22:08 WARNING [task_2] Rate limit low/hit, sleeping 1s…
06/04/2026 08:22:12 WARNING [task_1] Rate limit low/hit, sleeping 262s…
06/04/2026 08:26:34 WARNING [task_2] Rate limit low/hit, sleeping 1s…
06/04/2026 08:26:38 INFO [task_2] TASK 3 (talkers) — selected 30 repos
06/04/2026 08:26:40 INFO [task_1]   hot: searching commits for "injection" since 2026-05-28
06/04/2026 08:26:40 WARNING [task_1] Rate limit low/hit, sleeping 260s…
06/04/2026 08:31:09 WARNING [task_1] Rate limit low/hit, sleeping 257s…
06/04/2026 08:35:32 INFO [task_1]   hot: searching commits for "XSS" since 2026-05-28
06/04/2026 08:35:47 INFO [task_1]   hot: searching commits for "CSRF" since 2026-05-28
06/04/2026 08:36:02 INFO [task_1]   hot: searching commits for "overflow" since 2026-05-28
06/04/2026 08:36:12 INFO [task_1]   hot: searching commits for "RCE" since 2026-05-28
06/04/2026 08:36:28 INFO [task_1]   hot: searching commits for "sanitize" since 2026-05-28
06/04/2026 08:36:32 WARNING [task_1] Rate limit low/hit, sleeping 262s…
06/04/2026 08:41:05 INFO [task_1]   hot: searching commits for "auth bypass" since 2026-05-28
06/04/2026 08:41:21 INFO [task_1]   hot: searching commits for "credential" since 2026-05-28
06/04/2026 08:41:35 INFO [task_1]   hot: searching commits for "patch" since 2026-05-28
06/04/2026 08:41:48 INFO [task_1]   → 1318 repos with at least one security-keyword commit
06/04/2026 08:44:19 INFO [task_1]   hot: enriched 10/60 candidates
06/04/2026 08:47:06 INFO [task_1]   hot: enriched 20/60 candidates
06/04/2026 08:49:52 INFO [task_1]   hot: enriched 30/60 candidates
06/04/2026 08:52:39 INFO [task_1]   hot: enriched 40/60 candidates
06/04/2026 08:55:25 INFO [task_1]   hot: enriched 50/60 candidates
06/04/2026 08:58:12 INFO [task_1]   hot: enriched 60/60 candidates
06/04/2026 08:58:12 INFO [task_1] TASK 2 (hot) — selected 30 repos
06/04/2026 08:58:12 INFO [MainThread] Persisted task=official: 30 selected, 30 new in DB
06/04/2026 08:58:12 INFO [MainThread] Persisted task=hot: 30 selected, 30 new in DB
06/04/2026 08:58:12 INFO [MainThread] Persisted task=talkers: 30 selected, 30 new in DB
06/04/2026 08:58:12 INFO [MainThread] CVE matcher — fetching NVD CVEs since 2026-06-03T07:05:06.207831+00:00
06/04/2026 08:58:12 INFO [MainThread]   NVD window: 2026-06-03 → 2026-06-04
06/04/2026 08:58:13 INFO [MainThread]   NVD page: got 163 (total 163/163)
06/04/2026 08:58:13 INFO [MainThread]   → 163 new CVEs (range covered up to 2026-06-04T06:58:12.856912+00:00)
06/04/2026 08:58:14 INFO [MainThread] CVE matcher — 3 matches found, 3 new
06/04/2026 08:58:14 INFO [MainThread] CVE matcher: 3 new matches this run, 162 total to date
06/04/2026 08:58:14 INFO [MainThread] === Next run at 2026-
06-05T06:00:00+00:00 (in 23.0h) ===
06/04/2026 10:54:17 WARNING [MainThread] No NVD API key found — NVD calls will sleep 6s/page (vs 0.6s with key).
06/04/2026 10:54:17 INFO [MainThread] Database: Data/vulnRadar.db
06/04/2026 10:54:17 INFO [MainThread] MAX_REPOS_PER_TASK = 30
06/04/2026 10:54:17 INFO [MainThread] Daemon mode: pipeline runs now and then daily at 06:00 UTC. Ctrl+C to stop.
06/04/2026 10:54:17 INFO [MainThread] === Pipeline run started at 2026-06-04T08:54:17.933987+00:00 ===
06/04/2026 10:54:17 INFO [task_0] TASK 1 (official) — fetching NVD CVEs from last 30 days…
06/04/2026 10:54:17 INFO [task_1] TASK 2 (hot) — searching security commits since 2026-05-28
06/04/2026 10:54:17 INFO [task_1]   hot: searching commits for "CVE" since 2026-05-28
06/04/2026 10:54:17 INFO [task_2] TASK 3 (talkers) — looking at activity since 2026-05-28
06/04/2026 10:54:17 INFO [task_0]   NVD window: 2026-05-05 → 2026-06-04
06/04/2026 10:54:17 INFO [task_2]   talkers: counting issues since 2026-05-28
06/04/2026 10:54:19 INFO [task_0]   NVD page: got 2000 (total 2000/7159)
06/04/2026 10:54:19 INFO [task_2]   talkers: counting commits since 2026-05-28
06/04/2026 10:54:27 INFO [task_0]   NVD page: got 2000 (total 4000/7159)
06/04/2026 10:54:27 WARNING [task_2] Rate limit low/hit, sleeping 257s…
06/04/2026 10:54:28 INFO [task_1]   hot: searching commits for "vulnerability" since 2026-05-28
06/04/2026 10:54:35 INFO [task_0]   NVD page: got 2000 (total 6000/7159)
06/04/2026 10:54:42 INFO [task_0]   NVD page: got 1159 (total 7159/7159)
06/04/2026 10:54:42 INFO [task_0]   → got 7159 CVEs from NVD
06/04/2026 10:54:42 INFO [task_0]   → distinct (vendor, product) pairs: 2132
06/04/2026 10:58:44 WARNING [task_1] Rate limit low/hit, sleeping 1s…
06/04/2026 10:58:45 WARNING [task_0] Rate limit low/hit, sleeping 1s…
06/04/2026 10:58:49 WARNING [task_1] Rate limit low/hit, sleeping 261s…
06/04/2026 11:03:10 WARNING [task_2] Rate limit low/hit, sleeping 1s…
06/04/2026 11:03:11 WARNING [task_0] Rate limit low/hit, sleeping 1s…
06/04/2026 11:03:15 WARNING [task_2] Rate limit low/hit, sleeping 261s…
06/04/2026 11:07:36 WARNING [task_1] Rate limit low/hit, sleeping 1s…
06/04/2026 11:07:37 WARNING [task_0] Rate limit low/hit, sleeping 1s…
06/04/2026 11:07:39 WARNING [task_2] Rate limit low/hit, sleeping 263s…
06/04/2026 11:07:43 INFO [task_1]   hot: searching commits for "exploit" since 2026-05-28
06/04/2026 11:12:02 WARNING [task_1] Rate limit low/hit, sleeping 1s…
06/04/2026 11:12:03 WARNING [task_0] Rate limit low/hit, sleeping 1s…
06/04/2026 11:12:08 WARNING [task_2] Rate limit low/hit, sleeping 260s…
06/04/2026 11:16:28 WARNING [task_1] Rate limit low/hit, sleeping 1s…
06/04/2026 11:16:29 WARNING [task_0] Rate limit low/hit, sleeping 1s…
06/04/2026 11:16:34 INFO [task_2] TASK 3 (talkers) — selected 30 repos
06/04/2026 11:16:35 WARNING [task_1] Rate limit low/hit, sleeping 259s…
06/04/2026 11:20:54 WARNING [task_0] Rate limit low/hit, sleeping 1s…
06/04/2026 11:21:01 INFO [task_1]   hot: searching commits for "security" since 2026-05-28
06/04/2026 11:21:09 WARNING [task_1] Rate limit low/hit, sleeping 251s…
06/04/2026 11:25:20 WARNING [task_0] Rate limit low/hit, sleeping 1s…
06/04/2026 11:25:26 INFO [task_1]   hot: searching commits for "injection" since 2026-05-28
06/04/2026 11:25:43 INFO [task_1]   hot: searching commits for "XSS" since 2026-05-28
06/04/2026 11:25:43 WARNING [task_1] Rate limit low/hit, sleeping 244s…
06/04/2026 11:29:47 WARNING [task_0] Rate limit low/hit, sleeping 1s…
06/04/2026 11:30:04 INFO [task_1]   hot: searching commits for "CSRF" since 2026-05-28
06/04/2026 11:30:22 INFO [task_1]   hot: searching commits for "overflow" since 2026-05-28
06/04/2026 11:30:32 INFO [task_1]   hot: searching commits for "RCE" since 2026-05-28
06/04/2026 11:30:33 WARNING [task_0] Rate limit low/hit, sleeping 220s…
06/04/2026 11:34:13 WARNING [task_1] Rate limit low/hit, sleeping 1s…
06/04/2026 11:34:28 INFO [task_1]   hot: searching commits for "sanitize" since 2026-05-28
06/04/2026 11:34:44 INFO [task_1]   hot: searching commits for "auth bypass" since 2026-05-28
06/04/2026 11:34:50 WARNING [task_1] Rate limit low/hit, sleeping 231s…
06/04/2026 11:38:41 WARNING [task_0] Rate limit low/hit, sleeping 1s…
06/04/2026 11:38:53 INFO [task_1]   hot: searching commits for "credential" since 2026-05-28
06/04/2026 11:39:08 INFO [task_1]   hot: searching commits for "patch" since 2026-05-28
06/04/2026 11:39:20 INFO [task_1]   → 1346 repos with at least one security-keyword commit
06/04/2026 11:39:28 WARNING [task_0] Rate limit low/hit, sleeping 219s…
06/04/2026 11:41:51 INFO [task_1]   hot: enriched 10/60 candidates
06/04/2026 11:44:39 INFO [task_1]   hot: enriched 20/60 candidates
06/04/2026 11:45:24 INFO [task_0] TASK 1 (official) — selected 30 repos
06/04/2026 11:47:26 INFO [task_1]   hot: enriched 30/60 candidates
06/04/2026 11:50:13 INFO [task_1]   hot: enriched 40/60 candidates
06/04/2026 11:53:01 INFO [task_1]   hot: enriched 50/60 candidates
06/04/2026 11:55:48 INFO [task_1]   hot: enriched 60/60 candidates
06/04/2026 11:55:48 INFO [task_1] TASK 2 (hot) — selected 30 repos
06/04/2026 11:55:48 INFO [MainThread] Persisted task=official: 30 selected, 0 new in DB
06/04/2026 11:55:48 INFO [MainThread] Persisted task=hot: 30 selected, 0 new in DB
06/04/2026 11:55:49 INFO [MainThread] Persisted task=talkers: 30 selected, 21 new in DB
06/04/2026 11:55:49 INFO [MainThread] CVE matcher — fetching NVD CVEs since 2026-06-04T06:58:12.856912+00:00
06/04/2026 11:55:49 INFO [MainThread]   NVD window: 2026-06-04 → 2026-06-04
06/04/2026 11:55:49 INFO [MainThread]   NVD page: got 18 (total 18/18)
06/04/2026 11:55:49 INFO [MainThread]   → 18 new CVEs (range covered up to 2026-06-04T09:55:49.087317+00:00)
06/04/2026 11:55:49 INFO [MainThread] CVE matcher — 0 matches found, 0 new
06/04/2026 11:55:49 INFO [MainThread] CVE matcher: 0 new matches this run, 162 total to date
06/04/2026 11:55:49 INFO [MainThread] === Next run at 2026-06-05T06:00:00+00:00 (in 20.1h) ===
06/05/2026 08:00:00 INFO [MainThread] === Pipeline run started at 2026-06-05T06:00:00.000667+00:00 ===
06/05/2026 08:00:00 INFO [task_0] TASK 1 (official) — fetching NVD CVEs from last 30 days…
06/05/2026 08:00:00 INFO [task_0]   NVD window: 2026-05-06 → 2026-06-05
06/05/2026 08:00:00 INFO [task_1] TASK 2 (hot) — searching security commits since 2026-05-29
06/05/2026 08:00:00 INFO [task_1]   hot: searching commits for "CVE" since 2026-05-29
06/05/2026 08:00:00 INFO [task_2] TASK 3 (talkers) — looking at activity since 2026-05-29
06/05/2026 08:00:00 INFO [task_2]   talkers: counting issues since 2026-05-29
06/05/2026 08:00:07 INFO [task_0]   NVD page: got 2000 (total 2000/7606)
06/05/2026 08:00:10 INFO [task_1]   hot: searching commits for "vulnerability" since 2026-05-29
06/05/2026 08:00:15 INFO [task_0]   NVD page: got 2000 (total 4000/7606)
06/05/2026 08:00:22 INFO [task_0]   NVD page: got 2000 (total 6000/7606)
06/05/2026 08:00:24 INFO [task_1]   hot: searching commits for "exploit" since 2026-05-29
06/05/2026 08:00:32 INFO [task_0]   NVD page: got 1606 (total 7606/7606)
06/05/2026 08:00:32 INFO [task_0]   → got 7606 CVEs from NVD
06/05/2026 08:00:32 INFO [task_0]   → distinct (vendor, product) pairs: 2135
06/05/2026 08:00:33 INFO [task_1]   hot: searching commits for "security" since 2026-05-29
06/05/2026 08:00:36 INFO [task_2]   talkers: counting commits since 2026-05-29
06/05/2026 08:00:37 WARNING [task_1] Rate limit low/hit, sleeping 229s…
06/05/2026 08:00:43 INFO [task_0] TASK 1 (official) — selected 30 repos
06/05/2026 08:04:26 WARNING [task_2] Rate limit low/hit, sleeping 1s…
06/05/2026 08:04:30 WARNING [task_1] Rate limit low/hit, sleeping 262s…
06/05/2026 08:08:52 WARNING [task_2] Rate limit low/hit, sleeping 1s…
06/05/2026 08:08:56 WARNING [task_2] Rate limit low/hit, sleeping 262s…
06/05/2026 08:08:58 INFO [task_1]   hot: searching commits for "injection" since 2026-05-29
06/05/2026 08:13:18 WARNING [task_1] Rate limit low/hit, sleeping 1s…
06/05/2026 08:13:23 WARNING [task_1] Rate limit low/hit, sleeping 261s…
06/05/2026 08:17:44 WARNING [task_2] Rate limit low/hit, sleeping 1s…
06/05/2026 08:17:48 WARNING [task_2] Rate limit low/hit, sleeping 263s…
06/05/2026 08:22:11 WARNING [task_1] Rate limit low/hit, sleeping 1s…
06/05/2026 08:22:17 WARNING [task_2] Rate limit low/hit, sleeping 261s…
06/05/2026 08:22:19 INFO [task_1]   hot: searching commits for "XSS" since 2026-05-29
06/05/2026 08:26:38 WARNING [task_1] Rate limit low/hit, sleeping 1s…
06/05/2026 08:26:43 WARNING [task_1] Rate limit low/hit, sleeping 261s…
06/05/2026 08:26:44 INFO [task_2] TASK 3 (talkers) — selected 30 repos
06/05/2026 08:31:15 INFO [task_1]   hot: searching commits for "CSRF" since 2026-05-29
06/05/2026 08:31:29 INFO [task_1]   hot: searching commits for "overflow" since 2026-05-29
06/05/2026 08:31:40 INFO [task_1]   hot: searching commits for "RCE" since 2026-05-29
06/05/2026 08:31:56 INFO [task_1]   hot: searching commits for "sanitize" since 2026-05-29
06/05/2026 08:32:10 INFO [task_1]   hot: searching commits for "auth bypass" since 2026-05-29
06/05/2026 08:32:26 INFO [task_1]   hot: searching commits for "credential" since 2026-05-29
06/05/2026 08:32:38 INFO [task_1]   hot: searching commits for "patch" since 2026-05-29
06/05/2026 08:32:50 INFO [task_1]   → 1305 repos with at least one security-keyword commit
06/05/2026 08:33:50 INFO [task_1]   hot: enriched 10/60 candidates
06/05/2026 08:35:02 INFO [task_1]   hot: enriched 20/60 candidates
06/05/2026 08:36:07 INFO [task_1]   hot: enriched 30/60 candidates
06/05/2026 08:37:13 INFO [task_1]   hot: enriched 40/60 candidates
06/05/2026 08:38:19 INFO [task_1]   hot: enriched 50/60 candidates
06/05/2026 08:39:31 INFO [task_1]   hot: enriched 60/60 candidates
06/05/2026 08:39:31 INFO [task_1] TASK 2 (hot) — selected 30 repos
06/05/2026 08:39:31 INFO [MainThread] Persisted task=official: 30 selected, 30 new in DB
06/05/2026 08:39:31 INFO [MainThread] Persisted task=hot: 30 selected, 30 new in DB
06/05/2026 08:39:31 INFO [MainThread] Persisted task=talkers: 30 selected, 30 new in DB
06/05/2026 08:39:31 INFO [MainThread] CVE matcher — fetching NVD CVEs since 2026-06-04T09:55:49.087317+00:00
06/05/2026 08:39:31 INFO [MainThread]   NVD window: 2026-06-04 → 2026-06-05
06/05/2026 08:39:32 INFO [MainThread]   NVD page: got 600 (total 600/600)
06/05/2026 08:39:32 INFO [MainThread]   → 600 new CVEs (range covered up to 2026-06-05T06:39:31.976319+00:00)
06/05/2026 08:39:32 INFO [MainThread] CVE matcher — 0 matches found, 0 new
06/05/2026 08:39:32 INFO [MainThread] CVE matcher: 0 new matches this run, 162 total to date
06/05/2026 08:39:32 INFO [MainThread] === Next run at 2026-06-06T06:00:00+00:00 (in 23.3h) ===
06/06/2026 08:00:00 INFO [MainThread] === Pipeline run started at 2026-06-06T06:00:00.000263+00:00 ===
06/06/2026 08:00:00 INFO [task_0] TASK 1 (official) — fetching NVD CVEs from last 30 days…
06/06/2026 08:00:00 INFO [task_0]   NVD window: 2026-05-07 → 2026-06-06
06/06/2026 08:00:00 INFO [task_1] TASK 2 (hot) — searching security commits since 2026-05-30
06/06/2026 08:00:00 INFO [task_1]   hot: searching commits for "CVE" since 2026-05-30
06/06/2026 08:00:00 INFO [task_2] TASK 3 (talkers) — looking at activity since 2026-05-30
06/06/2026 08:00:00 INFO [task_2]   talkers: counting issues since 2026-05-30
06/06/2026 08:00:01 INFO [task_0]   NVD page: got 2000 (total 2000/7274)
06/06/2026 08:00:09 INFO [task_0]   NVD page: got 2000 (total 4000/7274)
06/06/2026 08:00:10 INFO [task_1]   hot: searching commits for "vulnerability" since 2026-05-30
06/06/2026 08:00:16 INFO [task_0]   NVD page: got 2000 (total 6000/7274)
06/06/2026 08:00:22 INFO [task_1]   hot: searching commits for "exploit" since 2026-05-30
06/06/2026 08:00:23 INFO [task_0]   NVD page: got 1274 (total 7274/7274)
06/06/2026 08:00:23 INFO [task_0]   → got 7274 CVEs from NVD
06/06/2026 08:00:24 INFO [task_0]   → distinct (vendor, product) pairs: 2091
06/06/2026 08:00:26 INFO [task_1]   hot: searching commits for "security" since 2026-05-30
06/06/2026 08:00:34 INFO [task_0] TASK 1 (official) — selected 30 repos
06/06/2026 08:00:35 INFO [task_2]   talkers: counting commits since 2026-05-30
06/06/2026 08:00:38 INFO [task_1]   hot: searching commits for "injection" since 2026-05-30
06/06/2026 08:00:41 WARNING [task_2] Rate limit low/hit, sleeping 225s…
06/06/2026 08:04:26 WARNING [task_1] Rate limit low/hit, sleeping 1s…
06/06/2026 08:04:29 WARNING [task_2] Rate limit low/hit, sleeping 264s…
06/06/2026 08:08:53 WARNING [task_1] Rate limit low/hit, sleeping 1s…
06/06/2026 08:08:59 WARNING [task_2] Rate limit low/hit, sleeping 261s…
06/06/2026 08:09:01 INFO [task_1]   hot: searching commits for "XSS" since 2026-05-30
06/06/2026 08:13:20 WARNING [task_1] Rate limit low/hit, sleeping 1s…
06/06/2026 08:13:25 WARNING [task_1] Rate limit low/hit, sleeping 262s…
06/06/2026 08:17:47 WARNING [task_2] Rate limit low/hit, sleeping 1s…
06/06/2026 08:17:54 WARNING [task_2] Rate limit low/hit, sleeping 259s…
06/06/2026 08:17:57 INFO [task_1]   hot: searching commits for "CSRF" since 2026-05-30
06/06/2026 08:22:13 WARNING [task_1] Rate limit low/hit, sleeping 1s…
06/06/2026 08:22:15 INFO [task_2] TASK 3 (talkers) — selected 30 repos
06/06/2026 08:22:28 INFO [task_1]   hot: searching commits for "overflow" since 2026-05-30
06/06/2026 08:22:38 INFO [task_1]   hot: searching commits for "RCE" since 2026-05-30
06/06/2026 08:22:52 INFO [task_1]   hot: searching commits for "sanitize" since 2026-05-30
06/06/2026 08:23:06 INFO [task_1]   hot: searching commits for "auth bypass" since 2026-05-30
06/06/2026 08:23:20 INFO [task_1]   hot: searching commits for "credential" since 2026-05-30
06/06/2026 08:23:32 INFO [task_1]   hot: searching commits for "patch" since 2026-05-30
06/06/2026 08:23:43 INFO [task_1]   → 1276 repos with at least one security-keyword commit
06/06/2026 08:24:43 INFO [task_1]   hot: enriched 10/60 candidates
06/06/2026 08:25:48 INFO [task_1]   hot: enriched 20/60 candidates
06/06/2026 08:26:52 INFO [task_1]   hot: enriched 30/60 candidates
06/06/2026 08:27:57 INFO [task_1]   hot: enriched 40/60 candidates
06/06/2026 08:29:02 INFO [task_1]   hot: enriched 50/60 candidates
06/06/2026 08:30:17 INFO [task_1]   hot: enriched 60/60 candidates
06/06/2026 08:30:17 INFO [task_1] TASK 2 (hot) — selected 30 repos
06/06/2026 08:30:18 INFO [MainThread] Persisted task=official: 30 selected, 30 new in DB
06/06/2026 08:30:18 INFO [MainThread] Persisted task=hot: 30 selected, 30 new in DB
06/06/2026 08:30:18 INFO [MainThread] Persisted task=talkers: 30 selected, 30 new in DB
06/06/2026 08:30:18 INFO [MainThread] CVE matcher — fetching NVD CVEs since 2026-06-05T06:39:31.976319+00:00
06/06/2026 08:30:18 INFO [MainThread]   NVD window: 2026-06-05 → 2026-06-06
06/06/2026 08:30:19 INFO [MainThread]   NVD page: got 187 (total 187/187)
06/06/2026 08:30:19 INFO [MainThread]   → 187 new CVEs (range covered up to 2026-06-06T06:30:18.464527+00:00)
06/06/2026 08:30:19 INFO [MainThread] CVE matcher — 0 matches found, 0 new
06/06/2026 08:30:19 INFO [MainThread] CVE matcher: 0 new matches this run, 162 total to date
06/06/2026 08:30:19 INFO [MainThread] === Next run at 2026-06-07T06:00:00+00:00 (in 23.5h) ===
06/07/2026 08:00:00 INFO [MainThread] === Pipeline run started at 2026-06-07T06:00:00.000368+00:00 ===
06/07/2026 08:00:00 INFO [task_0] TASK 1 (official) — fetching NVD CVEs from last 30 days…
06/07/2026 08:00:00 INFO [task_0]   NVD window: 2026-05-08 → 2026-06-07
06/07/2026 08:00:00 INFO [task_1] TASK 2 (hot) — searching security commits since 2026-05-31
06/07/2026 08:00:00 INFO [task_1]   hot: searching commits for "CVE" since 2026-05-31
06/07/2026 08:00:00 INFO [task_2] TASK 3 (talkers) — looking at activity since 2026-05-31
06/07/2026 08:00:00 INFO [task_2]   talkers: counting issues since 2026-05-31
06/07/2026 08:00:01 INFO [task_0]   NVD page: got 2000 (total 2000/7077)
06/07/2026 08:00:09 INFO [task_0]   NVD page: got 2000 (total 4000/7077)
06/07/2026 08:00:10 INFO [task_1]   hot: searching commits for "vulnerability" since 2026-05-31
06/07/2026 08:00:17 INFO [task_0]   NVD page: got 2000 (total 6000/7077)
06/07/2026 08:00:23 INFO [task_1]   hot: searching commits for "exploit" since 2026-05-31
06/07/2026 08:00:24 INFO [task_0]   NVD page: got 1077 (total 7077/7077)
06/07/2026 08:00:24 INFO [task_0]   → got 7077 CVEs from NVD
06/07/2026 08:00:24 INFO [task_0]   → distinct (vendor, product) pairs: 1925
06/07/2026 08:00:30 INFO [task_0] TASK 1 (official) — selected 30 repos
06/07/2026 08:00:35 INFO [task_2]   talkers: counting commits since 2026-05-31
06/07/2026 08:00:36 INFO [task_1]   hot: searching commits for "security" since 2026-05-31
06/07/2026 08:00:40 WARNING [task_1] Rate limit low/hit, sleeping 226s…
06/07/2026 08:04:26 WARNING [task_2] Rate limit low/hit, sleeping 1s…
06/07/2026 08:04:33 WARNING [task_2] Rate limit low/hit, sleeping 259s…
06/07/2026 08:04:34 INFO [task_1]   hot: searching commits for "injection" since 2026-05-31
06/07/2026 08:08:52 WARNING [task_1] Rate limit low/hit, sleeping 1s…
06/07/2026 08:08:56 WARNING [task_1] Rate limit low/hit, sleeping 262s…
06/07/2026 08:13:18 WARNING [task_2] Rate limit low/hit, sleeping 1s…
06/07/2026 08:13:25 WARNING [task_2] Rate limit low/hit, sleeping 260s…
06/07/2026 08:13:28 INFO [task_1]   hot: searching commits for "XSS" since 2026-05-31
06/07/2026 08:17:45 WARNING [task_1] Rate limit low/hit, sleeping 1s…
06/07/2026 08:17:50 WARNING [task_1] Rate limit low/hit, sleeping 262s…
06/07/2026 08:17:51 INFO [task_2] TASK 3 (talkers) — selected 30 repos
06/07/2026 08:22:22 INFO [task_1]   hot: searching commits for "CSRF" since 2026-05-31
06/07/2026 08:22:36 INFO [task_1]   hot: searching commits for "overflow" since 2026-05-31
06/07/2026 08:22:45 INFO [task_1]   hot: searching commits for "RCE" since 2026-05-31
06/07/2026 08:23:00 INFO [task_1]   hot: searching commits for "sanitize" since 2026-05-31
06/07/2026 08:23:13 INFO [task_1]   hot: searching commits for "auth bypass" since 2026-05-31
06/07/2026 08:23:28 INFO [task_1]   hot: searching commits for "credential" since 2026-05-31
06/07/2026 08:23:40 INFO [task_1]   hot: searching commits for "patch" since 2026-05-31
06/07/2026 08:23:51 INFO [task_1]   → 1340 repos with at least one security-keyword commit
06/07/2026 08:24:50 INFO [task_1]   hot: enriched 10/60 candidates
06/07/2026 08:25:55 INFO [task_1]   hot: enriched 20/60 candidates
06/07/2026 08:27:05 INFO [task_1]   hot: enriched 30/60 candidates
06/07/2026 08:28:25 INFO [task_1]   hot: enriched 40/60 candidates
06/07/2026 08:29:30 INFO [task_1]   hot: enriched 50/60 candidates
06/07/2026 08:31:01 INFO [task_1]   hot: enriched 60/60 candidates
06/07/2026 08:31:01 INFO [task_1] TASK 2 (hot) — selected 30 repos
06/07/2026 08:31:01 INFO [MainThread] Persisted task=official: 30 selected, 30 new in DB
06/07/2026 08:31:02 INFO [MainThread] Persisted task=hot: 30 selected, 30 new in DB
06/07/2026 08:31:02 INFO [MainThread] Persisted task=talkers: 30 selected, 30 new in DB
06/07/2026 08:31:02 INFO [MainThread] CVE matcher — fetching NVD CVEs since 2026-06-06T06:30:18.464527+00:00
06/07/2026 08:31:02 INFO [MainThread]   NVD window: 2026-06-06 → 2026-06-07
06/07/2026 08:31:02 INFO [MainThread]   NVD page: got 23 (total 23/23)
06/07/2026 08:31:02 INFO [MainThread]   → 23 new CVEs (range covered up to 2026-06-07T06:31:02.251744+00:00)
06/07/2026 08:31:02 INFO [MainThread] CVE matcher — 0 matches found, 0 new
06/07/2026 08:31:03 INFO [MainThread] CVE matcher: 0 new matches this run, 162 total to date
06/07/2026 08:31:03 INFO [MainThread] === Next run at 2026-06-08T06:00:00+00:00 (in 23.5h) ===
06/08/2026 08:00:00 INFO [MainThread] === Pipeline run started at 2026-06-08T06:00:00.000228+00:00 ===
06/08/2026 08:00:00 INFO [task_0] TASK 1 (official) — fetching NVD CVEs from last 30 days…
06/08/2026 08:00:00 INFO [task_0]   NVD window: 2026-05-09 → 2026-06-08
06/08/2026 08:00:00 INFO [task_1] TASK 2 (hot) — searching security commits since 2026-06-01
06/08/2026 08:00:00 INFO [task_1]   hot: searching commits for "CVE" since 2026-06-01
06/08/2026 08:00:00 INFO [task_2] TASK 3 (talkers) — looking at activity since 2026-06-01
06/08/2026 08:00:00 INFO [task_2]   talkers: counting issues since 2026-06-01
06/08/2026 08:00:02 INFO [task_0]   NVD page: got 2000 (total 2000/6730)
06/08/2026 08:00:10 INFO [task_0]   NVD page: got 2000 (total 4000/6730)
06/08/2026 08:00:10 INFO [task_1]   hot: searching commits for "vulnerability" since 2026-06-01
06/08/2026 08:00:19 INFO [task_0]   NVD page: got 2000 (total 6000/6730)
06/08/2026 08:00:23 INFO [task_1]   hot: searching commits for "exploit" since 2026-06-01
06/08/2026 08:00:26 INFO [task_0]   NVD page: got 730 (total 6730/6730)
06/08/2026 08:00:26 INFO [task_0]   → got 6730 CVEs from NVD
06/08/2026 08:00:26 INFO [task_0]   → distinct (vendor, product) pairs: 1877
06/08/2026 08:00:30 INFO [task_2]   talkers: counting commits since 2026-06-01
06/08/2026 08:00:32 INFO [task_0] TASK 1 (official) — selected 30 repos
06/08/2026 08:00:36 WARNING [task_2] Rate limit low/hit, sleeping 231s…
06/08/2026 08:00:38 INFO [task_1]   hot: searching commits for "security" since 2026-06-01
06/08/2026 08:04:27 WARNING [task_1] Rate limit low/hit, sleeping 1s…
06/08/2026 08:04:30 WARNING [task_2] Rate limit low/hit, sleeping 264s…
06/08/2026 08:08:54 WARNING [task_1] Rate limit low/hit, sleeping 1s…
06/08/2026 08:08:57 WARNING [task_2] Rate limit low/hit, sleeping 264s…
06/08/2026 08:13:21 WARNING [task_1] Rate limit low/hit, sleeping 1s…
06/08/2026 08:13:24 WARNING [task_2] Rate limit low/hit, sleeping 264s…
06/08/2026 08:13:27 INFO [task_1]   hot: searching commits for "injection" since 2026-06-01
06/08/2026 08:17:48 WARNING [task_1] Rate limit low/hit, sleeping 1s…
06/08/2026 08:17:51 WARNING [task_2] Rate limit low/hit, sleeping 264s…
06/08/2026 08:22:15 WARNING [task_1] Rate limit low/hit, sleeping 1s…
06/08/2026 08:22:18 WARNING [task_2] Rate limit low/hit, sleeping 264s…
06/08/2026 08:26:42 WARNING [task_1] Rate limit low/hit, sleeping 1s…
06/08/2026 08:26:48 WARNING [task_2] Rate limit low/hit, sleeping 261s…
06/08/2026 08:26:50 INFO [task_1]   hot: searching commits for "XSS" since 2026-06-01
06/08/2026 08:31:09 WARNING [task_1] Rate limit low/hit, sleeping 1s…
06/08/2026 08:31:12 INFO [task_2] TASK 3 (talkers) — selected 30 repos
06/08/2026 08:31:24 INFO [task_1]   hot: searching commits for "CSRF" since 2026-06-01
06/08/2026 08:31:39 INFO [task_1]   hot: searching commits for "overflow" since 2026-06-01
06/08/2026 08:31:49 INFO [task_1]   hot: searching commits for "RCE" since 2026-06-01
06/08/2026 08:32:04 INFO [task_1]   hot: searching commits for "sanitize" since 2026-06-01
06/08/2026 08:32:18 INFO [task_1]   hot: searching commits for "auth bypass" since 2026-06-01
06/08/2026 08:32:34 INFO [task_1]   hot: searching commits for "credential" since 2026-06-01
06/08/2026 08:32:46 INFO [task_1]   hot: searching commits for "patch" since 2026-06-01
06/08/2026 08:32:58 INFO [task_1]   → 1385 repos with at least one security-keyword commit
06/08/2026 08:33:57 INFO [task_1]   hot: enriched 10/60 candidates
06/08/2026 08:35:24 INFO [task_1]   hot: enriched 20/60 candidates
06/08/2026 08:36:35 INFO [task_1]   hot: enriched 30/60 candidates
06/08/2026 08:37:51 INFO [task_1]   hot: enriched 40/60 candidates
06/08/2026 08:39:07 INFO [task_1]   hot: enriched 50/60 candidates
06/08/2026 08:40:39 INFO [task_1]   hot: enriched 60/60 candidates
06/08/2026 08:40:40 INFO [task_1] TASK 2 (hot) — selected 30 repos
06/08/2026 08:40:40 INFO [MainThread] Persisted task=official: 30 selected, 30 new in DB
06/08/2026 08:40:40 INFO [MainThread] Persisted task=hot: 30 selected, 30 new in DB
06/08/2026 08:40:40 INFO [MainThread] Persisted task=talkers: 30 selected, 30 new in DB
06/08/2026 08:40:40 INFO [MainThread] CVE matcher — fetching NVD CVEs since 2026-06-07T06:31:02.251744+00:00
06/08/2026 08:40:40 INFO [MainThread]   NVD window: 2026-06-07 → 2026-06-08
06/08/2026 08:40:41 INFO [MainThread]   NVD page: got 45 (total 45/45)
06/08/2026 08:40:41 INFO [MainThread]   → 45 new CVEs (range covered up to 2026-06-08T06:40:40.635204+00:00)
06/08/2026 08:40:41 INFO [MainThread] CVE matcher — 0 matches found, 0 new
06/08/2026 08:40:41 INFO [MainThread] CVE matcher: 0 new matches this run, 162 total to date
06/08/2026 08:40:41 INFO [MainThread] === Next run at 2026-06-09T06:00:00+00:00 (in 23.3h) ===
06/09/2026 08:00:00 INFO [MainThread] === Pipeline run started at 2026-06-09T06:00:00.000341+00:00 ===
06/09/2026 08:00:00 INFO [task_0] TASK 1 (official) — fetching NVD CVEs from last 30 days…
06/09/2026 08:00:00 INFO [task_0]   NVD window: 2026-05-10 → 2026-06-09
06/09/2026 08:00:00 INFO [task_1] TASK 2 (hot) — searching security commits since 2026-06-02
06/09/2026 08:00:00 INFO [task_1]   hot: searching commits for "CVE" since 2026-06-02
06/09/2026 08:00:00 INFO [task_2] TASK 3 (talkers) — looking at activity since 2026-06-02
06/09/2026 08:00:00 INFO [task_2]   talkers: counting issues since 2026-06-02
06/09/2026 08:00:02 INFO [task_0]   NVD page: got 2000 (total 2000/6992)
06/09/2026 08:00:09 INFO [task_0]   NVD page: got 2000 (total 4000/6992)
06/09/2026 08:00:10 INFO [task_1]   hot: searching commits for "vulnerability" since 2026-06-02
06/09/2026 08:00:17 INFO [task_0]   NVD page: got 2000 (total 6000/6992)
06/09/2026 08:00:24 INFO [task_1]   hot: searching commits for "exploit" since 2026-06-02
06/09/2026 08:00:24 INFO [task_0]   NVD page: got 992 (total 6992/6992)
06/09/2026 08:00:24 INFO [task_0]   → got 6992 CVEs from NVD
06/09/2026 08:00:24 INFO [task_0]   → distinct (vendor, product) pairs: 1903
06/09/2026 08:00:35 INFO [task_2]   talkers: counting commits since 2026-06-02
06/09/2026 08:00:39 INFO [task_1]   hot: searching commits for "security" since 2026-06-02
06/09/2026 08:00:42 WARNING [task_1] Rate limit low/hit, sleeping 225s…
06/09/2026 08:01:22 INFO [task_0] TASK 1 (official) — selected 30 repos
06/09/2026 08:04:27 WARNING [task_2] Rate limit low/hit, sleeping 1s…
06/09/2026 08:04:36 INFO [task_1]   hot: searching commits for "injection" since 2026-06-02
06/09/2026 08:04:47 INFO [task_2] TASK 3 (talkers) — selected 30 repos
06/09/2026 08:04:50 INFO [task_1]   hot: searching commits for "XSS" since 2026-06-02
06/09/2026 08:05:04 INFO [task_1]   hot: searching commits for "CSRF" since 2026-06-02
06/09/2026 08:05:18 INFO [task_1]   hot: searching commits for "overflow" since 2026-06-02
06/09/2026 08:05:28 INFO [task_1]   hot: searching commits for "RCE" since 2026-06-02
06/09/2026 08:05:42 INFO [task_1]   hot: searching commits for "sanitize" since 2026-06-02
06/09/2026 08:05:56 INFO [task_1]   hot: searching commits for "auth bypass" since 2026-06-02
06/09/2026 08:06:11 INFO [task_1]   hot: searching commits for "credential" since 2026-06-02
06/09/2026 08:06:24 INFO [task_1]   hot: searching commits for "patch" since 2026-06-02
06/09/2026 08:06:35 INFO [task_1]   → 1327 repos with at least one security-keyword commit
06/09/2026 08:07:46 INFO [task_1]   hot: enriched 10/60 candidates
06/09/2026 08:08:53 INFO [task_1]   hot: enriched 20/60 candidates
06/09/2026 08:10:04 INFO [task_1]   hot: enriched 30/60 candidates
06/09/2026 08:11:05 INFO [task_1]   hot: enriched 40/60 candidates
06/09/2026 08:12:11 INFO [task_1]   hot: enriched 50/60 candidates
06/09/2026 08:13:28 INFO [task_1]   hot: enriched 60/60 candidates
06/09/2026 08:13:28 INFO [task_1] TASK 2 (hot) — selected 30 repos
06/09/2026 08:13:28 INFO [MainThread] Persisted task=official: 30 selected, 30 new in DB
06/09/2026 08:13:28 INFO [MainThread] Persisted task=hot: 30 selected, 30 new in DB
06/09/2026 08:13:28 INFO [MainThread] Persisted task=talkers: 30 selected, 30 new in DB
06/09/2026 08:13:28 INFO [MainThread] CVE matcher — fetching NVD CVEs since 2026-06-08T06:40:40.635204+00:00
06/09/2026 08:13:28 INFO [MainThread]   NVD window: 2026-06-08 → 2026-06-09
06/09/2026 08:13:29 INFO [MainThread]   NVD page: got 333 (total 333/333)
06/09/2026 08:13:29 INFO [MainThread]   → 333 new CVEs (range covered up to 2026-06-09T06:13:28.835396+00:00)
06/09/2026 08:13:29 INFO [MainThread] CVE matcher — 14 matches found, 14 new
06/09/2026 08:13:29 INFO [MainThread] CVE matcher: 14 new matches this run, 176 total to date
06/09/2026 08:13:29 INFO [MainThread] === Next run at 2026-06-10T06:00:00+00:00 (in 23.8h) ===
06/10/2026 08:00:00 INFO [MainThread] === Pipeline run started at 2026-06-10T06:00:00.063293+00:00 ===
06/10/2026 08:00:00 INFO [task_0] TASK 1 (official) — fetching NVD CVEs from last 30 days…
06/10/2026 08:00:00 INFO [task_0]   NVD window: 2026-05-11 → 2026-06-10
06/10/2026 08:00:00 INFO [task_1] TASK 2 (hot) — searching security commits since 2026-06-03
06/10/2026 08:00:00 INFO [task_1]   hot: searching commits for "CVE" since 2026-06-03
06/10/2026 08:00:01 INFO [task_2] TASK 3 (talkers) — looking at activity since 2026-06-03
06/10/2026 08:00:01 INFO [task_2]   talkers: counting issues since 2026-06-03
06/10/2026 08:00:09 INFO [task_0]   NVD page: got 2000 (total 2000/7569)
06/10/2026 08:00:17 INFO [task_1]   hot: searching commits for "vulnerability" since 2026-06-03
06/10/2026 08:00:23 INFO [task_0]   NVD page: got 2000 (total 4000/7569)
06/10/2026 08:00:23 WARNING [task_1] Rate limit low/hit, sleeping 246s…
06/10/2026 08:00:23 INFO [task_2]   talkers: counting commits since 2026-06-03
06/10/2026 08:00:36 INFO [task_0]   NVD page: got 2000 (total 6000/7569)
06/10/2026 08:00:45 INFO [task_0]   NVD page: got 1569 (total 7569/7569)
06/10/2026 08:00:45 INFO [task_0]   → got 7569 CVEs from NVD
06/10/2026 08:00:45 INFO [task_0]   → distinct (vendor, product) pairs: 2026
06/10/2026 08:00:53 INFO [task_0] TASK 1 (official) — selected 30 repos
06/10/2026 08:04:29 WARNING [task_2] Rate limit low/hit, sleeping 1s…
06/10/2026 08:04:33 WARNING [task_2] Rate limit low/hit, sleeping 263s…
06/10/2026 08:08:56 WARNING [task_1] Rate limit low/hit, sleeping 1s…
06/10/2026 08:09:02 WARNING [task_2] Rate limit low/hit, sleeping 262s…
06/10/2026 08:09:03 INFO [task_1]   hot: searching commits for "exploit" since 2026-06-03
06/10/2026 08:13:24 WARNING [task_1] Rate limit low/hit, sleeping 1s…
06/10/2026 08:13:30 WARNING [task_2] Rate limit low/hit, sleeping 262s…
06/10/2026 08:17:52 WARNING [task_1] Rate limit low/hit, sleeping 1s…
06/10/2026 08:17:58 WARNING [task_2] Rate limit low/hit, sleeping 262s…
06/10/2026 08:22:20 WARNING [task_1] Rate limit low/hit, sleeping 1s…
06/10/2026 08:22:26 WARNING [task_2] Rate limit low/hit, sleeping 262s…
06/10/2026 08:22:28 INFO [task_1]   hot: searching commits for "security" since 2026-06-03
06/10/2026 08:26:48 WARNING [task_1] Rate limit low/hit, sleeping 1s…
06/10/2026 08:26:51 INFO [task_2] TASK 3 (talkers) — selected 30 repos
06/10/2026 08:26:53 WARNING [task_1] Rate limit low/hit, sleeping 262s…
06/10/2026 08:31:25 INFO [task_1]   hot: searching commits for "injection" since 2026-06-03
06/10/2026 08:31:39 INFO [task_1]   hot: searching commits for "XSS" since 2026-06-03
06/10/2026 08:31:43 WARNING [task_1] Rate limit low/hit, sleeping 240s…
06/10/2026 08:35:55 INFO [task_1]   hot: searching commits for "CSRF" since 2026-06-03
06/10/2026 08:36:11 INFO [task_1]   hot: searching commits for "overflow" since 2026-06-03
06/10/2026 08:36:14 WARNING [task_1] Rate limit low/hit, sleeping 237s…
06/10/2026 08:40:18 INFO [task_1]   hot: searching commits for "RCE" since 2026-06-03
06/10/2026 08:40:23 WARNING [task_1] Rate limit low/hit, sleeping 255s…
06/10/2026 08:44:49 INFO [task_1]   hot: searching commits for "sanitize" since 2026-06-03
06/10/2026 08:44:58 WARNING [task_1] Rate limit low/hit, sleeping 248s…
06/10/2026 08:49:13 INFO [task_1]   hot: searching commits for "auth bypass" since 2026-06-03
06/10/2026 08:49:29 INFO [task_1]   hot: searching commits for "credential" since 2026-06-03
06/10/2026 08:49:42 INFO [task_1]   hot: searching commits for "patch" since 2026-06-03
06/10/2026 08:49:46 WARNING [task_1] Rate limit low/hit, sleeping 228s…
06/10/2026 08:53:43 INFO [task_1]   → 1397 repos with at least one security-keyword commit
06/10/2026 08:54:43 INFO [task_1]   hot: enriched 10/60 candidates
06/10/2026 08:55:49 INFO [task_1]   hot: enriched 20/60 candidates
06/10/2026 08:57:05 INFO [task_1]   hot: enriched 30/60 candidates
06/10/2026 08:58:12 INFO [task_1]   hot: enriched 40/60 candidates
06/10/2026 08:59:19 INFO [task_1]   hot: enriched 50/60 candidates
06/10/2026 09:00:25 INFO [task_1]   hot: enriched 60/60 candidates
06/10/2026 09:00:25 INFO [task_1] TASK 2 (hot) — selected 30 repos
06/10/2026 09:00:26 INFO [MainThread] Persisted task=official: 30 selected, 30 new in DB
06/10/2026 09:00:26 INFO [MainThread] Persisted task=hot: 30 selected, 30 new in DB
06/10/2026 09:00:26 INFO [MainThread] Persisted task=talkers: 30 selected, 30 new in DB
06/10/2026 09:00:26 INFO [MainThread] CVE matcher — fetching NVD CVEs since 2026-06-09T06:13:28.835396+00:00
06/10/2026 09:00:26 INFO [MainThread]   NVD window: 2026-06-09 → 2026-06-10
06/10/2026 09:00:27 INFO [MainThread]   NVD page: got 676 (total 676/676)
06/10/2026 09:00:27 INFO [MainThread]   → 676 new CVEs (range covered up to 2026-06-10T07:00:26.691868+00:00)
06/10/2026 09:00:28 INFO [MainThread] CVE matcher — 1 matches found, 1 new
06/10/2026 09:00:28 INFO [MainThread] CVE matcher: 1 new matches this run, 177 total to date
06/10/2026 09:00:28 INFO [MainThread] === Next run at 2026-06-11T06:00:00+00:00 (in 23.0h) ===
06/11/2026 08:00:00 INFO [MainThread] === Pipeline run started at 2026-06-11T06:00:00.000703+00:00 ===
06/11/2026 08:00:00 INFO [task_0] TASK 1 (official) — fetching NVD CVEs from last 30 days…
06/11/2026 08:00:00 INFO [task_0]   NVD window: 2026-05-12 → 2026-06-11
06/11/2026 08:00:00 INFO [task_1] TASK 2 (hot) — searching security commits since 2026-06-04
06/11/2026 08:00:00 INFO [task_2] TASK 3 (talkers) — looking at activity since 2026-06-04
06/11/2026 08:00:00 INFO [task_1]   hot: searching commits for "CVE" since 2026-06-04
06/11/2026 08:00:00 INFO [task_2]   talkers: counting issues since 2026-06-04
06/11/2026 08:00:03 INFO [task_0]   NVD page: got 2000 (total 2000/7438)
06/11/2026 08:00:11 INFO [task_0]   NVD page: got 2000 (total 4000/7438)
06/11/2026 08:00:11 INFO [task_1]   hot: searching commits for "vulnerability" since 2026-06-04
06/11/2026 08:00:15 WARNING [task_1] Rate limit low/hit, sleeping 252s…
06/11/2026 08:00:18 INFO [task_0]   NVD page: got 2000 (total 6000/7438)
06/11/2026 08:00:26 INFO [task_0]   NVD page: got 1438 (total 7438/7438)
06/11/2026 08:00:26 INFO [task_0]   → got 7438 CVEs from NVD
06/11/2026 08:00:26 INFO [task_0]   → distinct (vendor, product) pairs: 1809
06/11/2026 08:00:35 INFO [task_2]   talkers: counting commits since 2026-06-04
06/11/2026 08:00:48 INFO [task_0] TASK 1 (official) — selected 30 repos
06/11/2026 08:04:27 WARNING [task_2] Rate limit low/hit, sleeping 1s…
06/11/2026 08:04:36 INFO [task_1]   hot: searching commits for "exploit" since 2026-06-04
06/11/2026 08:04:40 WARNING [task_2] Rate limit low/hit, sleeping 255s…
06/11/2026 08:08:55 WARNING [task_1] Rate limit low/hit, sleeping 1s…
06/11/2026 08:09:06 WARNING [task_2] Rate limit low/hit, sleeping 256s…
06/11/2026 08:09:06 INFO [task_1]   hot: searching commits for "security" since 2026-06-04
06/11/2026 08:13:22 WARNING [task_1] Rate limit low/hit, sleeping 1s…
06/11/2026 08:13:27 INFO [task_2] TASK 3 (talkers) — selected 30 repos
06/11/2026 08:13:36 INFO [task_1]   hot: searching commits for "injection" since 2026-06-04
06/11/2026 08:13:50 INFO [task_1]   hot: searching commits for "XSS" since 2026-06-04
06/11/2026 08:14:04 INFO [task_1]   hot: searching commits for "CSRF" since 2026-06-04
06/11/2026 08:14:19 INFO [task_1]   hot: searching commits for "overflow" since 2026-06-04
06/11/2026 08:14:22 WARNING [task_1] Rate limit low/hit, sleeping 208s…
06/11/2026 08:17:58 INFO [task_1]   hot: searching commits for "RCE" since 2026-06-04
06/11/2026 08:18:14 INFO [task_1]   hot: searching commits for "sanitize" since 2026-06-04
06/11/2026 08:18:28 INFO [task_1]   hot: searching commits for "auth bypass" since 2026-06-04
06/11/2026 08:18:45 INFO [task_1]   hot: searching commits for "credential" since 2026-06-04
06/11/2026 08:18:57 INFO [task_1]   hot: searching commits for "patch" since 2026-06-04
06/11/2026 08:19:09 INFO [task_1]   → 1407 repos with at least one security-keyword commit
06/11/2026 08:20:08 INFO [task_1]   hot: enriched 10/60 candidates
06/11/2026 08:21:14 INFO [task_1]   hot: enriched 20/60 candidates
06/11/2026 08:21:57 INFO [task_1]   hot: enriched 30/60 candidates
06/11/2026 08:22:08 INFO [task_1]   hot: enriched 40/60 candidates
06/11/2026 08:22:17 INFO [task_1]   hot: enriched 50/60 candidates
06/11/2026 08:22:44 INFO [task_1]   hot: enriched 60/60 candidates
06/11/2026 08:22:44 INFO [task_1] TASK 2 (hot) — selected 30 repos
06/11/2026 08:22:45 INFO [MainThread] Persisted task=official: 30 selected, 30 new in DB
06/11/2026 08:22:45 INFO [MainThread] Persisted task=hot: 30 selected, 30 new in DB
06/11/2026 08:22:45 INFO [MainThread] Persisted task=talkers: 30 selected, 30 new in DB
06/11/2026 08:22:45 INFO [MainThread] CVE matcher — fetching NVD CVEs since 2026-06-10T07:00:26.691868+00:00
06/11/2026 08:22:45 INFO [MainThread]   NVD window: 2026-06-10 → 2026-06-11
06/11/2026 08:22:46 INFO [MainThread]   NVD page: got 227 (total 227/227)
06/11/2026 08:22:46 INFO [MainThread]   → 227 new CVEs (range covered up to 2026-06-11T06:22:45.526892+00:00)
06/11/2026 08:22:46 INFO [MainThread] CVE matcher — 28 matches found, 28 new
06/11/2026 08:22:46 INFO [MainThread] CVE matcher: 28 new matches this run, 205 total to date
06/11/2026 08:22:46 INFO [MainThread] === Next run at 2026-06-12T06:00:00+00:00 (in 23.6h) ===
06/12/2026 08:00:00 INFO [MainThread] === Pipeline run started at 2026-06-12T06:00:00.049757+00:00 ===
06/12/2026 08:00:00 INFO [task_0] TASK 1 (official) — fetching NVD CVEs from last 30 days…
06/12/2026 08:00:00 INFO [task_1] TASK 2 (hot) — searching security commits since 2026-06-05
06/12/2026 08:00:00 INFO [task_2] TASK 3 (talkers) — looking at activity since 2026-06-05
06/12/2026 08:00:00 INFO [task_1]   hot: searching commits for "CVE" since 2026-06-05
06/12/2026 08:00:00 INFO [task_0]   NVD window: 2026-05-13 → 2026-06-12
06/12/2026 08:00:01 INFO [task_2]   talkers: counting issues since 2026-06-05
06/12/2026 08:00:10 INFO [task_0]   NVD page: got 2000 (total 2000/7096)
06/12/2026 08:00:14 INFO [task_2]   talkers: counting commits since 2026-06-05
06/12/2026 08:00:15 INFO [task_1]   hot: searching commits for "vulnerability" since 2026-06-05
06/12/2026 08:00:22 INFO [task_0]   NVD page: got 2000 (total 4000/7096)
06/12/2026 08:00:33 INFO [task_1]   hot: searching commits for "exploit" since 2026-06-05
06/12/2026 08:00:40 INFO [task_0]   NVD page: got 2000 (total 6000/7096)
06/12/2026 08:00:47 INFO [task_0]   NVD page: got 1096 (total 7096/7096)
06/12/2026 08:00:47 INFO [task_0]   → got 7096 CVEs from NVD
06/12/2026 08:00:47 INFO [task_0]   → distinct (vendor, product) pairs: 1745
06/12/2026 08:00:51 WARNING [task_0] Rate limit low/hit, sleeping 219s…
06/12/2026 08:00:51 INFO [task_2] TASK 3 (talkers) — selected 30 repos
06/12/2026 08:00:54 INFO [task_1]   hot: searching commits for "security" since 2026-06-05
06/12/2026 08:04:30 WARNING [task_1] Rate limit low/hit, sleeping 1s…
06/12/2026 08:04:43 INFO [task_1]   hot: searching commits for "injection" since 2026-06-05
06/12/2026 08:04:57 INFO [task_1]   hot: searching commits for "XSS" since 2026-06-05
06/12/2026 08:05:11 INFO [task_1]   hot: searching commits for "CSRF" since 2026-06-05
06/12/2026 08:05:12 WARNING [task_1] Rate limit low/hit, sleeping 226s…
06/12/2026 08:08:59 WARNING [task_0] Rate limit low/hit, sleeping 1s…
06/12/2026 08:09:12 INFO [task_1]   hot: searching commits for "overflow" since 2026-06-05
06/12/2026 08:09:22 INFO [task_1]   hot: searching commits for "RCE" since 2026-06-05
06/12/2026 08:09:27 INFO [task_1]   hot: searching commits for "sanitize" since 2026-06-05
06/12/2026 08:09:41 INFO [task_1]   hot: searching commits for "auth bypass" since 2026-06-05
06/12/2026 08:09:41 WARNING [task_1] Rate limit low/hit, sleeping 228s…
06/12/2026 08:13:29 WARNING [task_0] Rate limit low/hit, sleeping 1s…
06/12/2026 08:13:45 INFO [task_1]   hot: searching commits for "credential" since 2026-06-05
06/12/2026 08:13:57 INFO [task_1]   hot: searching commits for "patch" since 2026-06-05
06/12/2026 08:14:08 INFO [task_1]   → 1235 repos with at least one security-keyword commit
06/12/2026 08:14:13 WARNING [task_0] Rate limit low/hit, sleeping 224s…
06/12/2026 08:15:19 INFO [task_1]   hot: enriched 10/60 candidates
06/12/2026 08:16:25 INFO [task_1]   hot: enriched 20/60 candidates
06/12/2026 08:17:30 INFO [task_1]   hot: enriched 30/60 candidates
06/12/2026 08:18:36 INFO [task_1]   hot: enriched 40/60 candidates
06/12/2026 08:19:41 INFO [task_1]   hot: enriched 50/60 candidates
06/12/2026 08:20:46 INFO [task_1]   hot: enriched 60/60 candidates
06/12/2026 08:20:46 INFO [task_1] TASK 2 (hot) — selected 30 repos
06/12/2026 08:20:58 INFO [task_0] TASK 1 (official) — selected 30 repos
06/12/2026 08:20:59 INFO [MainThread] Persisted task=official: 30 selected, 30 new in DB
06/12/2026 08:20:59 INFO [MainThread] Persisted task=hot: 30 selected, 30 new in DB
06/12/2026 08:21:00 INFO [MainThread] Persisted task=talkers: 30 selected, 30 new in DB
06/12/2026 08:21:00 INFO [MainThread] CVE matcher — fetching NVD CVEs since 2026-06-11T06:22:45.526892+00:00
06/12/2026 08:21:00 INFO [MainThread]   NVD window: 2026-06-11 → 2026-06-12
06/12/2026 08:21:01 INFO [MainThread]   NVD page: got 211 (total 211/211)
06/12/2026 08:21:01 INFO [MainThread]   → 211 new CVEs (range covered up to 2026-06-12T06:21:00.060352+00:00)
06/12/2026 08:21:02 INFO [MainThread] CVE matcher — 28 matches found, 28 new
06/12/2026 08:21:02 INFO [MainThread] CVE matcher: 28 new matches this run, 233 total to date
06/12/2026 08:21:02 INFO [MainThread] === Next run at 2026-06-13T06:00:00+00:00 (in 23.6h) ===
06/13/2026 08:00:00 INFO [MainThread] === Pipeline run started at 2026-06-13T06:00:00.022794+00:00 ===
06/13/2026 08:00:00 INFO [task_0] TASK 1 (official) — fetching NVD CVEs from last 30 days…
06/13/2026 08:00:00 INFO [task_0]   NVD window: 2026-05-14 → 2026-06-13
06/13/2026 08:00:00 INFO [task_1] TASK 2 (hot) — searching security commits since 2026-06-06
06/13/2026 08:00:00 INFO [task_1]   hot: searching commits for "CVE" since 2026-06-06
06/13/2026 08:00:00 INFO [task_2] TASK 3 (talkers) — looking at activity since 2026-06-06
06/13/2026 08:00:00 INFO [task_2]   talkers: counting issues since 2026-06-06
06/13/2026 08:00:01 INFO [task_0]   NVD page: got 2000 (total 2000/7034)
06/13/2026 08:00:08 INFO [task_0]   NVD page: got 2000 (total 4000/7034)
06/13/2026 08:00:10 INFO [task_1]   hot: searching commits for "vulnerability" since 2026-06-06
06/13/2026 08:00:16 INFO [task_0]   NVD page: got 2000 (total 6000/7034)
06/13/2026 08:00:23 INFO [task_1]   hot: searching commits for "exploit" since 2026-06-06
06/13/2026 08:00:23 INFO [task_0]   NVD page: got 1034 (total 7034/7034)
06/13/2026 08:00:23 INFO [task_0]   → got 7034 CVEs from NVD
06/13/2026 08:00:23 INFO [task_0]   → distinct (vendor, product) pairs: 1734
06/13/2026 08:00:33 INFO [task_2]   talkers: counting commits since 2026-06-06
06/13/2026 08:00:34 INFO [task_0] TASK 1 (official) — selected 30 repos
06/13/2026 08:00:38 INFO [task_1]   hot: searching commits for "security" since 2026-06-06
06/13/2026 08:00:50 INFO [task_1]   hot: searching commits for "injection" since 2026-06-06
06/13/2026 08:00:50 WARNING [task_1] Rate limit low/hit, sleeping 218s…
06/13/2026 08:04:28 WARNING [task_2] Rate limit low/hit, sleeping 1s…
06/13/2026 08:04:40 INFO [task_2] TASK 3 (talkers) — selected 30 repos
06/13/2026 08:04:42 INFO [task_1]   hot: searching commits for "XSS" since 2026-06-06
06/13/2026 08:04:56 INFO [task_1]   hot: searching commits for "CSRF" since 2026-06-06
06/13/2026 08:05:09 INFO [task_1]   hot: searching commits for "overflow" since 2026-06-06
06/13/2026 08:05:20 INFO [task_1]   hot: searching commits for "RCE" since 2026-06-06
06/13/2026 08:05:35 INFO [task_1]   hot: searching commits for "sanitize" since 2026-06-06
06/13/2026 08:05:49 INFO [task_1]   hot: searching commits for "auth bypass" since 2026-06-06
06/13/2026 08:06:04 INFO [task_1]   hot: searching commits for "credential" since 2026-06-06
06/13/2026 08:06:16 INFO [task_1]   hot: searching commits for "patch" since 2026-06-06
06/13/2026 08:06:28 INFO [task_1]   → 1355 repos with at least one security-keyword commit
06/13/2026 08:07:28 INFO [task_1]   hot: enriched 10/60 candidates
06/13/2026 08:08:39 INFO [task_1]   hot: enriched 20/60 candidates
06/13/2026 08:09:45 INFO [task_1]   hot: enriched 30/60 candidates
06/13/2026 08:10:50 INFO [task_1]   hot: enriched 40/60 candidates
06/13/2026 08:11:55 INFO [task_1]   hot: enriched 50/60 candidates
06/13/2026 08:13:07 INFO [task_1]   hot: enriched 60/60 candidates
06/13/2026 08:13:07 INFO [task_1] TASK 2 (hot) — selected 30 repos
06/13/2026 08:13:07 INFO [MainThread] Persisted task=official: 30 selected, 30 new in DB
06/13/2026 08:13:08 INFO [MainThread] Persisted task=hot: 30 selected, 30 new in DB
06/13/2026 08:13:08 INFO [MainThread] Persisted task=talkers: 30 selected, 30 new in DB
06/13/2026 08:13:08 INFO [MainThread] CVE matcher — fetching NVD CVEs since 2026-06-12T06:21:00.060352+00:00
06/13/2026 08:13:08 INFO [MainThread]   NVD window: 2026-06-12 → 2026-06-13
06/13/2026 08:13:10 INFO [MainThread]   NVD page: got 274 (total 274/274)
06/13/2026 08:13:10 INFO [MainThread]   → 274 new CVEs (range covered up to 2026-06-13T06:13:08.619770+00:00)
06/13/2026 08:13:10 INFO [MainThread] CVE matcher — 50 matches found, 50 new
06/13/2026 08:13:10 INFO [MainThread] CVE matcher: 50 new matches this run, 283 total to date
06/13/2026 08:13:10 INFO [MainThread] === Next run at 2026-06-14T06:00:00+00:00 (in 23.8h) ===
06/14/2026 08:00:00 INFO [MainThread] === Pipeline run started at 2026-06-14T06:00:00.020415+00:00 ===
06/14/2026 08:00:00 INFO [task_0] TASK 1 (official) — fetching NVD CVEs from last 30 days…
06/14/2026 08:00:00 INFO [task_0]   NVD window: 2026-05-15 → 2026-06-14
06/14/2026 08:00:00 INFO [task_1] TASK 2 (hot) — searching security commits since 2026-06-07
06/14/2026 08:00:00 INFO [task_1]   hot: searching commits for "CVE" since 2026-06-07
06/14/2026 08:00:00 INFO [task_2] TASK 3 (talkers) — looking at activity since 2026-06-07
06/14/2026 08:00:00 INFO [task_2]   talkers: counting issues since 2026-06-07
06/14/2026 08:00:01 INFO [task_0]   NVD page: got 2000 (total 2000/6712)
06/14/2026 08:00:09 INFO [task_0]   NVD page: got 2000 (total 4000/6712)
06/14/2026 08:00:10 INFO [task_1]   hot: searching commits for "vulnerability" since 2026-06-07
06/14/2026 08:00:16 INFO [task_0]   NVD page: got 2000 (total 6000/6712)
06/14/2026 08:00:23 INFO [task_1]   hot: searching commits for "exploit" since 2026-06-07
06/14/2026 08:00:23 INFO [task_0]   NVD page: got 712 (total 6712/6712)
06/14/2026 08:00:23 INFO [task_0]   → got 6712 CVEs from NVD
06/14/2026 08:00:23 INFO [task_0]   → distinct (vendor, product) pairs: 1681
06/14/2026 08:00:29 INFO [task_0] TASK 1 (official) — selected 30 repos
06/14/2026 08:00:32 INFO [task_2]   talkers: counting commits since 2026-06-07
06/14/2026 08:00:37 INFO [task_1]   hot: searching commits for "security" since 2026-06-07
06/14/2026 08:00:37 WARNING [task_1] Rate limit low/hit, sleeping 231s…
06/14/2026 08:04:28 WARNING [task_2] Rate limit low/hit, sleeping 1s…
06/14/2026 08:04:35 WARNING [task_2] Rate limit low/hit, sleeping 262s…
06/14/2026 08:08:57 WARNING [task_1] Rate limit low/hit, sleeping 1s…
06/14/2026 08:09:04 INFO [task_1]   hot: searching commits for "injection" since 2026-06-07
06/14/2026 08:09:14 INFO [task_2] TASK 3 (talkers) — selected 30 repos
06/14/2026 08:09:17 INFO [task_1]   hot: searching commits for "XSS" since 2026-06-07
06/14/2026 08:09:31 INFO [task_1]   hot: searching commits for "CSRF" since 2026-06-07
06/14/2026 08:09:45 INFO [task_1]   hot: searching commits for "overflow" since 2026-06-07
06/14/2026 08:09:55 INFO [task_1]   hot: searching commits for "RCE" since 2026-06-07
06/14/2026 08:09:59 WARNING [task_1] Rate limit low/hit, sleeping 269s…
06/14/2026 08:14:39 INFO [task_1]   hot: searching commits for "sanitize" since 2026-06-07
06/14/2026 08:14:53 INFO [task_1]   hot: searching commits for "auth bypass" since 2026-06-07
06/14/2026 08:15:08 INFO [task_1]   hot: searching commits for "credential" since 2026-06-07
06/14/2026 08:15:20 INFO [task_1]   hot: searching commits for "patch" since 2026-06-07
06/14/2026 08:15:31 INFO [task_1]   → 1385 repos with at least one security-keyword commit
06/14/2026 08:16:30 INFO [task_1]   hot: enriched 10/60 candidates
06/14/2026 08:17:35 INFO [task_1]   hot: enriched 20/60 candidates
06/14/2026 08:18:40 INFO [task_1]   hot: enriched 30/60 candidates
06/14/2026 08:19:45 INFO [task_1]   hot: enriched 40/60 candidates
06/14/2026 08:20:51 INFO [task_1]   hot: enriched 50/60 candidates
06/14/2026 08:21:56 INFO [task_1]   hot: enriched 60/60 candidates
06/14/2026 08:21:56 INFO [task_1] TASK 2 (hot) — selected 30 repos
06/14/2026 08:21:56 INFO [MainThread] Persisted task=official: 30 selected, 30 new in DB
06/14/2026 08:21:56 INFO [MainThread] Persisted task=hot: 30 selected, 30 new in DB
06/14/2026 08:21:56 INFO [MainThread] Persisted task=talkers: 30 selected, 30 new in DB
06/14/2026 08:21:56 INFO [MainThread] CVE matcher — fetching NVD CVEs since 2026-06-13T06:13:08.619770+00:00
06/14/2026 08:21:56 INFO [MainThread]   NVD window: 2026-06-13 → 2026-06-14
06/14/2026 08:21:57 INFO [MainThread]   NVD page: got 18 (total 18/18)
06/14/2026 08:21:57 INFO [MainThread]   → 18 new CVEs (range covered up to 2026-06-14T06:21:56.961863+00:00)
06/14/2026 08:21:57 INFO [MainThread] CVE matcher — 0 matches found, 0 new
06/14/2026 08:21:57 INFO [MainThread] CVE matcher: 0 new matches this run, 283 total to date
06/14/2026 08:21:57 INFO [MainThread] === Next run at 2026-06-15T06:00:00+00:00 (in 23.6h) ===
06/15/2026 08:00:00 INFO [MainThread] === Pipeline run started at 2026-06-15T06:00:00.000334+00:00 ===
06/15/2026 08:00:00 INFO [task_0] TASK 1 (official) — fetching NVD CVEs from last 30 days…
06/15/2026 08:00:00 INFO [task_0]   NVD window: 2026-05-16 → 2026-06-15
06/15/2026 08:00:00 INFO [task_1] TASK 2 (hot) — searching security commits since 2026-06-08
06/15/2026 08:00:00 INFO [task_2] TASK 3 (talkers) — looking at activity since 2026-06-08
06/15/2026 08:00:00 INFO [task_1]   hot: searching commits for "CVE" since 2026-06-08
06/15/2026 08:00:00 INFO [task_2]   talkers: counting issues since 2026-06-08
06/15/2026 08:00:04 INFO [task_2]   talkers: counting commits since 2026-06-08
06/15/2026 08:00:04 INFO [task_0]   NVD page: got 2000 (total 2000/6575)
06/15/2026 08:00:06 WARNING [task_1] Rate limit low/hit, sleeping 263s…
06/15/2026 08:00:12 INFO [task_0]   NVD page: got 2000 (total 4000/6575)
06/15/2026 08:00:21 INFO [task_0]   NVD page: got 2000 (total 6000/6575)
06/15/2026 08:00:29 INFO [task_0]   NVD page: got 575 (total 6575/6575)
06/15/2026 08:00:29 INFO [task_0]   → got 6575 CVEs from NVD
06/15/2026 08:00:29 INFO [task_0]   → distinct (vendor, product) pairs: 1670
06/15/2026 08:00:35 INFO [task_0] TASK 1 (official) — selected 30 repos
06/15/2026 08:04:29 WARNING [task_2] Rate limit low/hit, sleeping 1s…
06/15/2026 08:04:34 INFO [task_1]   hot: searching commits for "vulnerability" since 2026-06-08
06/15/2026 08:04:41 WARNING [task_2] Rate limit low/hit, sleeping 257s…
06/15/2026 08:08:58 WARNING [task_1] Rate limit low/hit, sleeping 1s…
06/15/2026 08:09:04 INFO [task_1]   hot: searching commits for "exploit" since 2026-06-08
06/15/2026 08:09:12 INFO [task_2] TASK 3 (talkers) — selected 30 repos
06/15/2026 08:09:21 INFO [task_1]   hot: searching commits for "security" since 2026-06-08
06/15/2026 08:09:33 INFO [task_1]   hot: searching commits for "injection" since 2026-06-08
06/15/2026 08:09:48 INFO [task_1]   hot: searching commits for "XSS" since 2026-06-08
06/15/2026 08:10:02 INFO [task_1]   hot: searching commits for "CSRF" since 2026-06-08
06/15/2026 08:10:17 INFO [task_1]   hot: searching commits for "overflow" since 2026-06-08
06/15/2026 08:10:27 INFO [task_1]   hot: searching commits for "RCE" since 2026-06-08
06/15/2026 08:10:45 INFO [task_1]   hot: searching commits for "sanitize" since 2026-06-08
06/15/2026 08:10:59 INFO [task_1]   hot: searching commits for "auth bypass" since 2026-06-08
06/15/2026 08:11:15 INFO [task_1]   hot: searching commits for "credential" since 2026-06-08
06/15/2026 08:11:28 INFO [task_1]   hot: searching commits for "patch" since 2026-06-08
06/15/2026 08:11:39 INFO [task_1]   → 1373 repos with at least one security-keyword commit
06/15/2026 08:12:39 INFO [task_1]   hot: enriched 10/60 candidates
06/15/2026 08:13:50 INFO [task_1]   hot: enriched 20/60 candidates
06/15/2026 08:14:56 INFO [task_1]   hot: enriched 30/60 candidates
06/15/2026 08:16:06 INFO [task_1]   hot: enriched 40/60 candidates
06/15/2026 08:17:12 INFO [task_1]   hot: enriched 50/60 candidates
06/15/2026 08:18:12 INFO [task_1]   hot: enriched 60/60 candidates
06/15/2026 08:18:12 INFO [task_1] TASK 2 (hot) — selected 30 repos
06/15/2026 08:18:13 INFO [MainThread] Persisted task=official: 30 selected, 30 new in DB
06/15/2026 08:18:13 INFO [MainThread] Persisted task=hot: 30 selected, 30 new in DB
06/15/2026 08:18:13 INFO [MainThread] Persisted task=talkers: 30 selected, 30 new in DB
06/15/2026 08:18:13 INFO [MainThread] CVE matcher — fetching NVD CVEs since 2026-06-14T06:21:56.961863+00:00
06/15/2026 08:18:13 INFO [MainThread]   NVD window: 2026-06-14 → 2026-06-15
06/15/2026 08:18:14 INFO [MainThread]   NVD page: got 39 (total 39/39)
06/15/2026 08:18:14 INFO [MainThread]   → 39 new CVEs (range covered up to 2026-06-15T06:18:13.676923+00:00)
06/15/2026 08:18:14 INFO [MainThread] CVE matcher — 2 matches found, 2 new
06/15/2026 08:18:14 INFO [MainThread] CVE matcher: 2 new matches this run, 285 total to date
06/15/2026 08:18:14 INFO [MainThread] === Next run at 2026-06-16T06:00:00+00:00 (in 23.7h) ===
06/16/2026 08:00:00 INFO [MainThread] === Pipeline run started at 2026-06-16T06:00:00.000338+00:00 ===
06/16/2026 08:00:00 INFO [task_0] TASK 1 (official) — fetching NVD CVEs from last 30 days…
06/16/2026 08:00:00 INFO [task_0]   NVD window: 2026-05-17 → 2026-06-16
06/16/2026 08:00:00 INFO [task_1] TASK 2 (hot) — searching security commits since 2026-06-09
06/16/2026 08:00:00 INFO [task_1]   hot: searching commits for "CVE" since 2026-06-09
06/16/2026 08:00:00 INFO [task_2] TASK 3 (talkers) — looking at activity since 2026-06-09
06/16/2026 08:00:00 INFO [task_2]   talkers: counting issues since 2026-06-09
06/16/2026 08:00:01 INFO [task_0]   NVD page: got 2000 (total 2000/6913)
06/16/2026 08:00:04 INFO [task_2]   talkers: counting commits since 2026-06-09
06/16/2026 08:00:06 WARNING [task_1] Rate limit low/hit, sleeping 263s…
06/16/2026 08:00:08 INFO [task_0]   NVD page: got 2000 (total 4000/6913)
06/16/2026 08:00:16 INFO [task_0]   NVD page: got 2000 (total 6000/6913)
06/16/2026 08:00:23 INFO [task_0]   NVD page: got 913 (total 6913/6913)
06/16/2026 08:00:23 INFO [task_0]   → got 6913 CVEs from NVD
06/16/2026 08:00:23 INFO [task_0]   → distinct (vendor, product) pairs: 1694
06/16/2026 08:00:35 INFO [task_0] TASK 1 (official) — selected 30 repos
06/16/2026 08:04:29 WARNING [task_2] Rate limit low/hit, sleeping 1s…
06/16/2026 08:04:33 WARNING [task_2] Rate limit low/hit, sleeping 266s…
06/16/2026 08:04:35 INFO [task_1]   hot: searching commits for "vulnerability" since 2026-06-09
06/16/2026 08:08:59 WARNING [task_1] Rate limit low/hit, sleeping 1s…
06/16/2026 08:09:03 WARNING [task_2] Rate limit low/hit, sleeping 266s…
06/16/2026 08:13:29 WARNING [task_1] Rate limit low/hit, sleeping 1s…
06/16/2026 08:13:35 WARNING [task_1] Rate limit low/hit, sleeping 263s…
06/16/2026 08:17:58 WARNING [task_2] Rate limit low/hit, sleeping 1s…
06/16/2026 08:18:02 WARNING [task_2] Rate limit low/hit, sleeping 265s…
06/16/2026 08:18:04 INFO [task_1]   hot: searching commits for "exploit" since 2026-06-09
06/16/2026 08:22:27 WARNING [task_1] Rate limit low/hit, sleeping 1s…
06/16/2026 08:22:33 WARNING [task_2] Rate limit low/hit, sleeping 263s…
06/16/2026 08:26:56 WARNING [task_1] Rate limit low/hit, sleeping 1s…
06/16/2026 08:27:02 INFO [task_2] TASK 3 (talkers) — selected 30 repos
06/16/2026 08:27:03 WARNING [task_1] Rate limit low/hit, sleeping 262s…
06/16/2026 08:31:31 INFO [task_1]   hot: searching commits for "security" since 2026-06-09
06/16/2026 08:31:36 WARNING [task_1] Rate limit low/hit, sleeping 258s…
06/16/2026 08:36:03 INFO [task_1]   hot: searching commits for "injection" since 2026-06-09
06/16/2026 08:36:08 WARNING [task_1] Rate limit low/hit, sleeping 255s…
06/16/2026 08:40:35 INFO [task_1]   hot: searching commits for "XSS" since 2026-06-09
06/16/2026 08:40:50 INFO [task_1]   hot: searching commits for "CSRF" since 2026-06-09
06/16/2026 08:41:07 INFO [task_1]   hot: searching commits for "overflow" since 2026-06-09
06/16/2026 08:41:10 WARNING [task_1] Rate limit low/hit, sleeping 222s…
06/16/2026 08:45:01 INFO [task_1]   hot: searching commits for "RCE" since 2026-06-09
06/16/2026 08:45:18 INFO [task_1]   hot: searching commits for "sanitize" since 2026-06-09
06/16/2026 08:45:22 WARNING [task_1] Rate limit low/hit, sleeping 240s…
06/16/2026 08:49:33 INFO [task_1]   hot: searching commits for "auth bypass" since 2026-06-09
06/16/2026 08:49:50 INFO [task_1]   hot: searching commits for "credential" since 2026-06-09
06/16/2026 08:50:05 INFO [task_1]   hot: searching commits for "patch" since 2026-06-09
06/16/2026 08:50:08 WARNING [task_1] Rate limit low/hit, sleeping 224s…
06/16/2026 08:54:01 INFO [task_1]   → 1392 repos with at least one security-keyword commit
06/16/2026 08:55:05 INFO [task_1]   hot: enriched 10/60 candidates
06/16/2026 08:56:16 INFO [task_1]   hot: enriched 20/60 candidates
06/16/2026 08:57:31 INFO [task_1]   hot: enriched 30/60 candidates
06/16/2026 08:58:37 INFO [task_1]   hot: enriched 40/60 candidates
06/16/2026 08:59:42 INFO [task_1]   hot: enriched 50/60 candidates
06/16/2026 09:00:48 INFO [task_1]   hot: enriched 60/60 candidates
06/16/2026 09:00:48 INFO [task_1] TASK 2 (hot) — selected 30 repos
06/16/2026 09:00:48 INFO [MainThread] Persisted task=official: 30 selected, 30 new in DB
06/16/2026 09:00:49 INFO [MainThread] Persisted task=hot: 30 selected, 30 new in DB
06/16/2026 09:00:49 INFO [MainThread] Persisted task=talkers: 30 selected, 30 new in DB
06/16/2026 09:00:49 INFO [MainThread] CVE matcher — fetching NVD CVEs since 2026-06-15T06:18:13.676923+00:00
06/16/2026 09:00:49 INFO [MainThread]   NVD window: 2026-06-15 → 2026-06-16
06/16/2026 09:00:51 INFO [MainThread]   NVD page: got 396 (total 396/396)
06/16/2026 09:00:51 INFO [MainThread]   → 396 new CVEs (range covered up to 2026-06-16T07:00:49.506151+00:00)
06/16/2026 09:00:51 INFO [MainThread] CVE matcher — 1 matches found, 1 new
06/16/2026 09:00:52 INFO [MainThread] CVE matcher: 1 new matches this run, 286 total to date
06/16/2026 09:00:52 INFO [MainThread] === Next run at 2026-06-17T06:00:00+00:00 (in 23.0h) ===
06/17/2026 08:00:00 INFO [MainThread] === Pipeline run started at 2026-06-17T06:00:00.000392+00:00 ===
06/17/2026 08:00:00 INFO [task_0] TASK 1 (official) — fetching NVD CVEs from last 30 days…
06/17/2026 08:00:00 INFO [task_0]   NVD window: 2026-05-18 → 2026-06-17
06/17/2026 08:00:00 INFO [task_1] TASK 2 (hot) — searching security commits since 2026-06-10
06/17/2026 08:00:00 INFO [task_1]   hot: searching commits for "CVE" since 2026-06-10
06/17/2026 08:00:00 INFO [task_2] TASK 3 (talkers) — looking at activity since 2026-06-10
06/17/2026 08:00:00 INFO [task_2]   talkers: counting issues since 2026-06-10
06/17/2026 08:00:02 INFO [task_0]   NVD page: got 2000 (total 2000/7047)
06/17/2026 08:00:12 INFO [task_1]   hot: searching commits for "vulnerability" since 2026-06-10
06/17/2026 08:00:13 INFO [task_0]   NVD page: got 2000 (total 4000/7047)
06/17/2026 08:00:17 INFO [task_2]   talkers: counting commits since 2026-06-10
06/17/2026 08:00:20 INFO [task_0]   NVD page: got 2000 (total 6000/7047)
06/17/2026 08:00:20 WARNING [task_1] Rate limit low/hit, sleeping 249s…
06/17/2026 08:00:29 INFO [task_0]   NVD page: got 1047 (total 7047/7047)
06/17/2026 08:00:29 INFO [task_0]   → got 7047 CVEs from NVD
06/17/2026 08:00:29 INFO [task_0]   → distinct (vendor, product) pairs: 1716
06/17/2026 08:00:35 INFO [task_0] TASK 1 (official) — selected 30 repos
06/17/2026 08:04:29 WARNING [task_2] Rate limit low/hit, sleeping 1s…
06/17/2026 08:04:34 WARNING [task_2] Rate limit low/hit, sleeping 265s…
06/17/2026 08:04:36 INFO [task_1]   hot: searching commits for "exploit" since 2026-06-10
06/17/2026 08:08:59 WARNING [task_1] Rate limit low/hit, sleeping 1s…
06/17/2026 08:09:05 WARNING [task_2] Rate limit low/hit, sleeping 263s…
06/17/2026 08:13:28 WARNING [task_1] Rate limit low/hit, sleeping 1s…
06/17/2026 08:13:35 WARNING [task_1] Rate limit low/hit, sleeping 263s…
06/17/2026 08:17:58 WARNING [task_2] Rate limit low/hit, sleeping 1s…
06/17/2026 08:18:02 WARNING [task_2] Rate limit low/hit, sleeping 266s…
06/17/2026 08:18:05 INFO [task_1]   hot: searching commits for "security" since 2026-06-10
06/17/2026 08:22:28 WARNING [task_1] Rate limit low/hit, sleeping 1s…
06/17/2026 08:22:32 WARNING [task_2] Rate limit low/hit, sleeping 266s…
06/17/2026 08:26:58 WARNING [task_1] Rate limit low/hit, sleeping 1s…
06/17/2026 08:27:02 WARNING [task_2] Rate limit low/hit, sleeping 266s…
06/17/2026 08:31:28 WARNING [task_1] Rate limit low/hit, sleeping 1s…
06/17/2026 08:31:31 INFO [task_2] TASK 3 (talkers) — selected 30 repos
06/17/2026 08:31:35 INFO [task_1]   hot: searching commits for "injection" since 2026-06-10
06/17/2026 08:31:35 WARNING [task_1] Rate limit low/hit, sleeping 262s…
06/17/2026 08:36:07 WARNING [task_1] Rate limit low/hit, sleeping 260s…
06/17/2026 08:40:34 INFO [task_1]   hot: searching commits for "XSS" since 2026-06-10
06/17/2026 08:40:49 INFO [task_1]   hot: searching commits for "CSRF" since 2026-06-10
06/17/2026 08:41:05 INFO [task_1]   hot: searching commits for "overflow" since 2026-06-10
06/17/2026 08:41:09 WARNING [task_1] Rate limit low/hit, sleeping 228s…
06/17/2026 08:45:05 INFO [task_1]   hot: searching commits for "RCE" since 2026-06-10
06/17/2026 08:45:22 INFO [task_1]   hot: searching commits for "sanitize" since 2026-06-10
06/17/2026 08:45:37 INFO [task_1]   hot: searching commits for "auth bypass" since 2026-06-10
06/17/2026 08:45:56 INFO [task_1]   hot: searching commits for "credential" since 2026-06-10
06/17/2026 08:45:56 WARNING [task_1] Rate limit low/hit, sleeping 210s…
06/17/2026 08:49:40 INFO [task_1]   hot: searching commits for "patch" since 2026-06-10
06/17/2026 08:49:44 WARNING [task_1] Rate limit low/hit, sleeping 252s…
06/17/2026 08:54:06 INFO [task_1]   → 1406 repos with at least one security-keyword commit
06/17/2026 08:55:06 INFO [task_1]   hot: enriched 10/60 candidates
06/17/2026 08:56:17 INFO [task_1]   hot: enriched 20/60 candidates
06/17/2026 08:57:28 INFO [task_1]   hot: enriched 30/60 candidates
06/17/2026 08:58:33 INFO [task_1]   hot: enriched 40/60 candidates
06/17/2026 08:59:33 INFO [task_1]   hot: enriched 50/60 candidates
06/17/2026 09:00:38 INFO [task_1]   hot: enriched 60/60 candidates
06/17/2026 09:00:38 INFO [task_1] TASK 2 (hot) — selected 30 repos
06/17/2026 09:00:39 INFO [MainThread] Persisted task=official: 30 selected, 30 new in DB
06/17/2026 09:00:39 INFO [MainThread] Persisted task=hot: 30 selected, 30 new in DB
06/17/2026 09:00:39 INFO [MainThread] Persisted task=talkers: 30 selected, 30 new in DB
06/17/2026 09:00:39 INFO [MainThread] CVE matcher — fetching NVD CVEs since 2026-06-16T07:00:49.506151+00:00
06/17/2026 09:00:39 INFO [MainThread]   NVD window: 2026-06-16 → 2026-06-17
06/17/2026 09:00:40 INFO [MainThread]   NVD page: got 195 (total 195/195)
06/17/2026 09:00:40 INFO [MainThread]   → 195 new CVEs (range covered up to 2026-06-17T07:00:39.516600+00:00)
06/17/2026 09:00:40 INFO [MainThread] CVE matcher — 28 matches found, 28 new
06/17/2026 09:00:40 INFO [MainThread] CVE matcher: 28 new matches this run, 314 total to date
06/17/2026 09:00:40 INFO [MainThread] === Next run at 2026-06-18T06:00:00+00:00 (in 23.0h) ===
06/18/2026 08:00:00 INFO [MainThread] === Pipeline run started at 2026-06-18T06:00:00.000354+00:00 ===
06/18/2026 08:00:00 INFO [task_0] TASK 1 (official) — fetching NVD CVEs from last 30 days…
06/18/2026 08:00:00 INFO [task_0]   NVD window: 2026-05-19 → 2026-06-18
06/18/2026 08:00:00 INFO [task_1] TASK 2 (hot) — searching security commits since 2026-06-11
06/18/2026 08:00:00 INFO [task_1]   hot: searching commits for "CVE" since 2026-06-11
06/18/2026 08:00:00 INFO [task_2] TASK 3 (talkers) — looking at activity since 2026-06-11
06/18/2026 08:00:00 INFO [task_2]   talkers: counting issues since 2026-06-11
06/18/2026 08:00:11 INFO [task_1]   hot: searching commits for "vulnerability" since 2026-06-11
06/18/2026 08:00:16 WARNING [task_1] Rate limit low/hit, sleeping 253s…
06/18/2026 08:00:28 INFO [task_2]   talkers: counting commits since 2026-06-11
06/18/2026 08:00:40 INFO [task_0]   NVD page: got 2000 (total 2000/7677)
06/18/2026 08:00:47 WARNING [task_0] NVD page failed (startIndex=2000): 503 Server Error: Service Unavailable for url: https://services.nvd.nist.gov/rest/json/cves/2.0?pubStartDate=2026-05-19T06%3A00%3A00.000&pubEndDate=2026-06-18T06%3A00%3A00.000&startIndex=2000&resultsPerPage=2000
06/18/2026 08:00:47 WARNING [task_0]   NVD fetch failed in window starting 2026-05-19; last_check will only advance to 2026-05-19T06:00:00.002132+00:00
06/18/2026 08:00:47 INFO [task_0]   → got 2000 CVEs from NVD
06/18/2026 08:00:47 INFO [task_0]   → distinct (vendor, product) pairs: 267
06/18/2026 08:04:29 WARNING [task_2] Rate limit low/hit, sleeping 1s…
06/18/2026 08:04:30 WARNING [task_0] Rate limit low/hit, sleeping 122s…
06/18/2026 08:06:32 WARNING [task_1] Rate limit low/hit, sleeping 147s…
06/18/2026 08:06:48 INFO [task_0] TASK 1 (official) — selected 30 repos
06/18/2026 08:08:59 WARNING [task_2] Rate limit low/hit, sleeping 1s…
06/18/2026 08:09:03 WARNING [task_2] Rate limit low/hit, sleeping 266s…
06/18/2026 08:09:05 INFO [task_1]   hot: searching commits for "exploit" since 2026-06-11
06/18/2026 08:13:29 WARNING [task_1] Rate limit low/hit, sleeping 1s…
06/18/2026 08:13:35 WARNING [task_2] Rate limit low/hit, sleeping 264s…
06/18/2026 08:17:59 WARNING [task_1] Rate limit low/hit, sleeping 1s…
06/18/2026 08:18:06 WARNING [task_2] Rate limit low/hit, sleeping 263s…
06/18/2026 08:22:29 WARNING [task_1] Rate limit low/hit, sleeping 1s…
06/18/2026 08:22:35 WARNING [task_2] Rate limit low/hit, sleeping 264s…
06/18/2026 08:22:37 INFO [task_1]   hot: searching commits for "security" since 2026-06-11
06/18/2026 08:26:59 WARNING [task_1] Rate limit low/hit, sleeping 1s…
06/18/2026 08:27:02 WARNING [task_2] Rate limit low/hit, sleeping 267s…
06/18/2026 08:31:29 WARNING [task_1] Rate limit low/hit, sleeping 1s…
06/18/2026 08:31:33 INFO [task_2] TASK 3 (talkers) — selected 30 repos
06/18/2026 08:31:35 WARNING [task_1] Rate limit low/hit, sleeping 264s…
06/18/2026 08:36:05 INFO [task_1]   hot: searching commits for "injection" since 2026-06-11
06/18/2026 08:36:10 WARNING [task_1] Rate limit low/hit, sleeping 259s…
06/18/2026 08:40:41 INFO [task_1]   hot: searching commits for "XSS" since 2026-06-11
06/18/2026 08:40:55 INFO [task_1]   hot: searching commits for "CSRF" since 2026-06-11
06/18/2026 08:41:09 INFO [task_1]   hot: searching commits for "overflow" since 2026-06-11
06/18/2026 08:41:13 WARNING [task_1] Rate limit low/hit, sleeping 226s…
06/18/2026 08:45:08 INFO [task_1]   hot: searching commits for "RCE" since 2026-06-11
06/18/2026 08:45:08 WARNING [task_1] Rate limit low/hit, sleeping 261s…
06/18/2026 08:49:46 INFO [task_1]   hot: searching commits for "sanitize" since 2026-06-11
06/18/2026 08:50:03 INFO [task_1]   hot: searching commits for "auth bypass" since 2026-06-11
06/18/2026 08:50:03 WARNING [task_1] Rate limit low/hit, sleeping 236s…
06/18/2026 08:54:17 INFO [task_1]   hot: searching commits for "credential" since 2026-06-11
06/18/2026 08:54:32 INFO [task_1]   hot: searching commits for "patch" since 2026-06-11
06/18/2026 08:54:44 INFO [task_1]   → 1380 repos with at least one security-keyword commit
06/18/2026 08:55:43 INFO [task_1]   hot: enriched 10/60 candidates
06/18/2026 08:56:48 INFO [task_1]   hot: enriched 20/60 candidates
06/18/2026 08:57:53 INFO [task_1]   hot: enriched 30/60 candidates
06/18/2026 08:58:58 INFO [task_1]   hot: enriched 40/60 candidates
06/18/2026 08:59:58 INFO [task_1]   hot: enriched 50/60 candidates
06/18/2026 09:01:02 INFO [task_1]   hot: enriched 60/60 candidates
06/18/2026 09:01:03 INFO [task_1] TASK 2 (hot) — selected 30 repos
06/18/2026 09:01:03 INFO [MainThread] Persisted task=official: 30 selected, 30 new in DB
06/18/2026 09:01:04 INFO [MainThread] Persisted task=hot: 30 selected, 30 new in DB
06/18/2026 09:01:04 INFO [MainThread] Persisted task=talkers: 30 selected, 30 new in DB
06/18/2026 09:01:04 INFO [MainThread] CVE matcher — fetching NVD CVEs since 2026-06-17T07:00:39.516600+00:00
06/18/2026 09:01:04 INFO [MainThread]   NVD window: 2026-06-17 → 2026-06-18
06/18/2026 09:01:04 WARNING [MainThread] NVD page failed (startIndex=0): 503 Server Error: Service Unavailable for url: https://services.nvd.nist.gov/rest/json/cves/2.0?pubStartDate=2026-06-17T07%3A00%3A39.000&pubEndDate=2026-06-18T07%3A01%3A04.000&startIndex=0&resultsPerPage=2000
06/18/2026 09:01:04 WARNING [MainThread]   NVD fetch failed in window starting 2026-06-17; last_check will only advance to 2026-06-17T07:00:39.516600+00:00
06/18/2026 09:01:04 INFO [MainThread]   → 0 new CVEs (range covered up to 2026-06-17T07:00:39.516600+00:00)
06/18/2026 09:01:04 INFO [MainThread] CVE matcher — 0 matches found, 0 new
06/18/2026 09:01:04 INFO [MainThread] CVE matcher: 0 new matches this run, 314 total to date
06/18/2026 09:01:04 INFO [MainThread] === Next run at 2026-06-19T06:00:00+00:00 (in 23.0h) ===
06/19/2026 08:00:00 INFO [MainThread] === Pipeline run started at 2026-06-19T06:00:00.000352+00:00 ===
06/19/2026 08:00:00 INFO [task_0] TASK 1 (official) — fetching NVD CVEs from last 30 days…
06/19/2026 08:00:00 INFO [task_0]   NVD window: 2026-05-20 → 2026-06-19
06/19/2026 08:00:00 INFO [task_1] TASK 2 (hot) — searching security commits since 2026-06-12
06/19/2026 08:00:00 INFO [task_1]   hot: searching commits for "CVE" since 2026-06-12
06/19/2026 08:00:00 INFO [task_2] TASK 3 (talkers) — looking at activity since 2026-06-12
06/19/2026 08:00:00 INFO [task_2]   talkers: counting issues since 2026-06-12
06/19/2026 08:00:04 INFO [task_2]   talkers: counting commits since 2026-06-12
06/19/2026 08:00:06 WARNING [task_1] Rate limit low/hit, sleeping 264s…
06/19/2026 08:00:22 INFO [task_0]   NVD page: got 2000 (total 2000/7589)
06/19/2026 08:00:46 INFO [task_0]   NVD page: got 2000 (total 4000/7589)
06/19/2026 08:01:25 INFO [task_0]   NVD page: got 2000 (total 6000/7589)
06/19/2026 08:01:32 WARNING [task_0] NVD page failed (startIndex=6000): 503 Server Error: Service Unavailable for url: https://services.nvd.nist.gov/rest/json/cves/2.0?pubStartDate=2026-05-20T06%3A00%3A00.000&pubEndDate=2026-06-19T06%3A00%3A00.000&startIndex=6000&resultsPerPage=2000
06/19/2026 08:01:32 WARNING [task_0]   NVD fetch failed in window starting 2026-05-20; last_check will only advance to 2026-05-20T06:00:00.002097+00:00
06/19/2026 08:01:32 INFO [task_0]   → got 6000 CVEs from NVD
06/19/2026 08:01:32 INFO [task_0]   → distinct (vendor, product) pairs: 1876
06/19/2026 08:01:44 INFO [task_0] TASK 1 (official) — selected 30 repos
06/19/2026 08:04:30 WARNING [task_2] Rate limit low/hit, sleeping 1s…
06/19/2026 08:04:34 WARNING [task_2] Rate limit low/hit, sleeping 266s…
06/19/2026 08:04:36 INFO [task_1]   hot: searching commits for "vulnerability" since 2026-06-12
06/19/2026 08:09:00 WARNING [task_1] Rate limit low/hit, sleeping 1s…
06/19/2026 08:09:06 WARNING [task_1] Rate limit low/hit, sleeping 265s…
06/19/2026 08:13:31 WARNING [task_2] Rate limit low/hit, sleeping 1s…
06/19/2026 08:13:36 WARNING [task_1] Rate limit low/hit, sleeping 265s…
06/19/2026 08:18:01 WARNING [task_2] Rate limit low/hit, sleeping 1s…
06/19/2026 08:18:05 WARNING [task_2] Rate limit low/hit, sleeping 266s…
06/19/2026 08:18:06 INFO [task_1]   hot: searching commits for "exploit" since 2026-06-12
06/19/2026 08:22:31 WARNING [task_1] Rate limit low/hit, sleeping 1s…
06/19/2026 08:22:37 WARNING [task_1] Rate limit low/hit, sleeping 264s…
06/19/2026 08:27:01 WARNING [task_2] Rate limit low/hit, sleeping 1s…
06/19/2026 08:27:05 WARNING [task_2] Rate limit low/hit, sleeping 266s…
06/19/2026 08:31:31 WARNING [task_1] Rate limit low/hit, sleeping 1s…
06/19/2026 08:31:34 INFO [task_2] TASK 3 (talkers) — selected 30 repos
06/19/2026 08:31:39 INFO [task_1]   hot: searching commits for "security" since 2026-06-12
06/19/2026 08:31:39 WARNING [task_1] Rate limit low/hit, sleeping 263s…
06/19/2026 08:36:15 INFO [task_1]   hot: searching commits for "injection" since 2026-06-12
06/19/2026 08:36:30 INFO [task_1]   hot: searching commits for "XSS" since 2026-06-12
06/19/2026 08:36:45 INFO [task_1]   hot: searching commits for "CSRF" since 2026-06-12
06/19/2026 08:36:59 INFO [task_1]   hot: searching commits for "overflow" since 2026-06-12
06/19/2026 08:37:03 WARNING [task_1] Rate limit low/hit, sleeping 210s…
06/19/2026 08:40:43 INFO [task_1]   hot: searching commits for "RCE" since 2026-06-12
06/19/2026 08:41:00 INFO [task_1]   hot: searching commits for "sanitize" since 2026-06-12
06/19/2026 08:41:14 INFO [task_1]   hot: searching commits for "auth bypass" since 2026-06-12
06/19/2026 08:41:25 WARNING [task_1] Rate limit low/hit, sleeping 218s…
06/19/2026 08:45:10 INFO [task_1]   hot: searching commits for "credential" since 2026-06-12
06/19/2026 08:45:15 WARNING [task_1] Rate limit low/hit, sleeping 258s…
06/19/2026 08:49:43 INFO [task_1]   hot: searching commits for "patch" since 2026-06-12
06/19/2026 08:49:46 WARNING [task_1] Rate limit low/hit, sleeping 257s…
06/19/2026 08:54:12 INFO [task_1]   → 1364 repos with at least one security-keyword commit
06/19/2026 08:55:17 INFO [task_1]   hot: enriched 10/60 candidates
06/19/2026 08:56:06 INFO [task_1]   hot: enriched 20/60 candidates
06/19/2026 08:56:16 INFO [task_1]   hot: enriched 30/60 candidates
06/19/2026 08:57:04 INFO [task_1]   hot: enriched 40/60 candidates
06/19/2026 08:58:09 INFO [task_1]   hot: enriched 50/60 candidates
06/19/2026 08:59:09 INFO [task_1]   hot: enriched 60/60 candidates
06/19/2026 08:59:09 INFO [task_1] TASK 2 (hot) — selected 30 repos
06/19/2026 08:59:09 INFO [MainThread] Persisted task=official: 30 selected, 30 new in DB
06/19/2026 08:59:10 INFO [MainThread] Persisted task=hot: 30 selected, 30 new in DB
06/19/2026 08:59:10 INFO [MainThread] Persisted task=talkers: 30 selected, 30 new in DB
06/19/2026 08:59:10 INFO [MainThread] CVE matcher — fetching NVD CVEs since 2026-06-17T07:00:39.516600+00:00
06/19/2026 08:59:10 INFO [MainThread]   NVD window: 2026-06-17 → 2026-06-19
06/19/2026 08:59:10 WARNING [MainThread] NVD page failed (startIndex=0): 503 Server Error: Service Unavailable for url: https://services.nvd.nist.gov/rest/json/cves/2.0?pubStartDate=2026-06-17T07%3A00%3A39.000&pubEndDate=2026-06-19T06%3A59%3A10.000&startIndex=0&resultsPerPage=2000
06/19/2026 08:59:10 WARNING [MainThread]   NVD fetch failed in window starting 2026-06-17; last_check will only advance to 2026-06-17T07:00:39.516600+00:00
06/19/2026 08:59:10 INFO [MainThread]   → 0 new CVEs (range covered up to 2026-06-17T07:00:39.516600+00:00)
06/19/2026 08:59:10 INFO [MainThread] CVE matcher — 0 matches found, 0 new
06/19/2026 08:59:11 INFO [MainThread] CVE matcher: 0 new matches this run, 314 total to date
06/19/2026 08:59:11 INFO [MainThread] === Next run at 2026-06-20T06:00:00+00:00 (in 23.0h) ===
07/13/2026 12:24:58 WARNING [MainThread] No NVD API key found — NVD calls will sleep 6s/page (vs 0.6s with key).
07/13/2026 12:24:58 INFO [MainThread] Database: Data/vulnRadar.db
07/13/2026 12:24:58 INFO [MainThread] MAX_REPOS_PER_TASK = 30
07/13/2026 12:24:58 INFO [MainThread] Daemon mode: pipeline runs now and then daily at 06:00 UTC. Ctrl+C to stop.
07/13/2026 12:24:58 INFO [MainThread] === Pipeline run started at 2026-07-13T10:24:58.583286+00:00 ===
07/13/2026 12:24:58 INFO [task_0] TASK 1 (official) — fetching NVD CVEs from last 30 days…
07/13/2026 12:24:58 INFO [task_1] TASK 2 (hot) — searching security commits since 2026-07-06
07/13/2026 12:24:58 INFO [task_0]   NVD window: 2026-06-13 → 2026-07-13
07/13/2026 12:24:58 INFO [task_2] TASK 3 (talkers) — looking at activity since 2026-07-06
07/13/2026 12:24:58 INFO [task_1]   hot: searching commits for "CVE" since 2026-07-06
07/13/2026 12:24:58 INFO [task_2]   talkers: counting issues since 2026-07-06
07/13/2026 12:25:09 INFO [task_1]   hot: searching commits for "vulnerability" since 2026-07-06
07/13/2026 12:25:16 INFO [task_2]   talkers: counting commits since 2026-07-06
07/13/2026 12:25:22 INFO [task_1]   hot: searching commits for "exploit" since 2026-07-06
07/13/2026 12:25:37 INFO [task_1]   hot: searching commits for "security" since 2026-07-06
07/13/2026 12:25:37 WARNING [task_1] Rate limit low/hit, sleeping 244s…
07/13/2026 12:25:39 INFO [task_0]   NVD page: got 2000 (total 2000/7332)
07/13/2026 12:26:25 INFO [task_0]   NVD page: got 2000 (total 4000/7332)
07/13/2026 12:27:14 INFO [task_0]   NVD page: got 2000 (total 6000/7332)
07/13/2026 12:27:38 INFO [task_0]   NVD page: got 1332 (total 7332/7332)
07/13/2026 12:27:38 INFO [task_0]   → got 7332 CVEs from NVD
07/13/2026 12:27:38 INFO [task_0]   → distinct (vendor, product) pairs: 1235
07/13/2026 12:29:41 WARNING [task_2] Rate limit low/hit, sleeping 1s…
07/13/2026 12:29:54 INFO [task_1]   hot: searching commits for "injection" since 2026-07-06
07/13/2026 12:29:54 INFO [task_2] TASK 3 (talkers) — selected 30 repos
07/13/2026 12:30:07 INFO [task_1]   hot: searching commits for "XSS" since 2026-07-06
07/13/2026 12:30:16 WARNING [task_0] Rate limit low/hit, sleeping 248s…
07/13/2026 12:30:21 INFO [task_1]   hot: searching commits for "CSRF" since 2026-07-06
07/13/2026 12:34:24 WARNING [task_1] Rate limit low/hit, sleeping 1s…
07/13/2026 12:34:41 INFO [task_1]   hot: searching commits for "overflow" since 2026-07-06
07/13/2026 12:34:51 INFO [task_1]   hot: searching commits for "RCE" since 2026-07-06
07/13/2026 12:35:07 INFO [task_1]   hot: searching commits for "sanitize" since 2026-07-06
07/13/2026 12:35:07 WARNING [task_1] Rate limit low/hit, sleeping 241s…
07/13/2026 12:39:08 WARNING [task_0] Rate limit low/hit, sleeping 1s…
07/13/2026 12:39:22 INFO [task_1]   hot: searching commits for "auth bypass" since 2026-07-06
07/13/2026 12:39:27 INFO [task_1]   hot: searching commits for "credential" since 2026-07-06
07/13/2026 12:39:40 INFO [task_1]   hot: searching commits for "patch" since 2026-07-06
07/13/2026 12:39:45 WARNING [task_0] Rate limit low/hit, sleeping 246s…
07/13/2026 12:43:51 WARNING [task_1] Rate limit low/hit, sleeping 1s…
07/13/2026 12:43:58 INFO [task_1]   → 1273 repos with at least one security-keyword commit
07/13/2026 12:44:15 INFO [task_0] TASK 1 (official) — selected 30 repos
07/13/2026 12:45:03 INFO [task_1]   hot: enriched 10/60 candidates
07/13/2026 12:46:25 INFO [task_1]   hot: enriched 20/60 candidates
07/13/2026 12:47:36 INFO [task_1]   hot: enriched 30/60 candidates
07/13/2026 12:48:53 INFO [task_1]   hot: enriched 40/60 candidates
07/13/2026 12:49:58 INFO [task_1]   hot: enriched 50/60 candidates
07/13/2026 12:51:09 INFO [task_1]   hot: enriched 60/60 candidates
07/13/2026 12:51:09 INFO [task_1] TASK 2 (hot) — selected 30 repos
07/13/2026 12:51:09 INFO [MainThread] Persisted task=official: 30 selected, 30 new in DB
07/13/2026 12:51:10 INFO [MainThread] Persisted task=hot: 30 selected, 30 new in DB
07/13/2026 12:51:10 INFO [MainThread] Persisted task=talkers: 30 selected, 30 new in DB
07/13/2026 12:51:10 INFO [MainThread] CVE matcher — fetching NVD CVEs since 2026-06-17T07:00:39.516600+00:00
07/13/2026 12:51:10 INFO [MainThread]   NVD window: 2026-06-17 → 2026-07-13
07/13/2026 12:52:51 WARNING [MainThread] NVD page failed (startIndex=0): Response ended prematurely
07/13/2026 12:52:51 WARNING [MainThread]   NVD fetch failed in window starting 2026-06-17; last_check will only advance to 2026-06-17T07:00:39.516600+00:00
07/13/2026 12:52:51 INFO [MainThread]   → 0 new CVEs (range covered up to 2026-06-17T07:00:39.516600+00:00)
07/13/2026 12:52:51 INFO [MainThread] CVE matcher — 0 matches found, 0 new
07/13/2026 12:52:51 INFO [MainThread] CVE matcher: 0 new matches this run, 314 total to date
07/13/2026 12:52:51 INFO [MainThread] === Next run at 2026-07-14T06:00:00+00:00 (in 19.1h) ===
07/21/2026 14:50:46 WARNING [MainThread] No NVD API key found — NVD calls will sleep 6s/page (vs 0.6s with key).
07/21/2026 14:50:46 INFO [MainThread] Database: Data/vulnRadar.db
07/21/2026 14:50:46 INFO [MainThread] MAX_REPOS_PER_TASK = 30
07/21/2026 14:50:46 INFO [MainThread] Daemon mode: pipeline runs now and then daily at 06:00 UTC. Ctrl+C to stop.
07/21/2026 14:50:46 INFO [MainThread] === Pipeline run started at 2026-07-21T12:50:46.949909+00:00 ===
07/21/2026 14:50:47 INFO [MainThread] Migrated DB: added column cve_matches.source
07/21/2026 14:50:47 INFO [MainThread] Migrated DB: added column tracked_repos.selected_at
07/21/2026 14:50:47 INFO [task_0] TASK 1 (official) — fetching NVD CVEs from last 30 days…
07/21/2026 14:50:47 INFO [task_0]   NVD window: 2026-06-21 → 2026-07-21
07/21/2026 14:50:47 INFO [task_1] TASK 2 (hot) — searching candidate repos pushed since 2026-07-14
07/21/2026 14:50:47 INFO [task_2] TASK 3 (talkers) — looking at activity since 2026-07-14
07/21/2026 14:50:47 INFO [task_2]   talkers: counting issues since 2026-07-14
07/21/2026 14:50:47 INFO [task_3] TASK (osv) — fetching up to 500 OSV entries from last 30 days…
07/21/2026 14:50:48 INFO [task_3]   → 500 candidate vulnerability IDs
07/21/2026 14:50:54 INFO [task_3]   → 500 vulnerability records fetched
07/21/2026 14:50:54 INFO [task_3]   → distinct (ecosystem, package) pairs: 98
07/21/2026 14:50:55 INFO [task_3] TASK (osv) — selected 1 repos
07/21/2026 14:50:58 INFO [task_1]   → 150 candidates to check
07/21/2026 14:51:09 INFO [task_0]   NVD page: got 2000 (total 2000/8358)
07/21/2026 14:51:20 INFO [task_2]   talkers: counting commits since 2026-07-14
07/21/2026 14:51:36 INFO [task_0]   NVD page: got 2000 (total 4000/8358)
07/21/2026 14:51:47 INFO [task_2] TASK 3 (talkers) — selected 30 repos
07/21/2026 14:51:58 INFO [task_0]   NVD page: got 2000 (total 6000/8358)
07/21/2026 14:52:31 INFO [task_0]   NVD page: got 2000 (total 8000/8358)
07/21/2026 14:52:40 INFO [task_0]   NVD page: got 358 (total 8358/8358)
07/21/2026 14:52:40 INFO [task_0]   → got 8358 CVEs from NVD
07/21/2026 14:52:40 INFO [task_0]   → distinct (vendor, product) pairs: 1327
07/21/2026 14:52:50 INFO [task_1]   hot: checked 20/150 candidates, 1 flagged so far
07/21/2026 14:53:21 INFO [task_0] TASK 1 (official) — selected 30 repos
07/21/2026 14:54:48 INFO [task_1]   hot: checked 40/150 candidates, 1 flagged so far
07/21/2026 14:56:40 INFO [task_1]   hot: checked 60/150 candidates, 1 flagged so far
07/21/2026 14:59:12 INFO [task_1]   hot: checked 80/150 candidates, 1 flagged so far
07/21/2026 15:01:22 INFO [task_1]   hot: checked 100/150 candidates, 1 flagged so far
07/21/2026 15:03:23 INFO [task_1]   hot: checked 120/150 candidates, 1 flagged so far
07/21/2026 15:05:14 INFO [task_1]   hot: checked 140/150 candidates, 1 flagged so far
07/21/2026 15:06:30 INFO [task_1] TASK 2 (hot) — selected 2 repos
07/21/2026 15:06:30 INFO [MainThread] Persisted task=official: 30 selected, 16 new in DB
07/21/2026 15:06:30 INFO [MainThread] Persisted task=hot: 2 selected, 2 new in DB
07/21/2026 15:06:30 INFO [MainThread] Persisted task=talkers: 30 selected, 21 new in DB
07/21/2026 15:06:30 INFO [MainThread] Persisted task=osv: 1 selected, 1 new in DB
07/21/2026 15:06:30 INFO [MainThread] CVE matcher — fetching NVD CVEs since 2026-07-21T06:13:07.586695+00:00
07/21/2026 15:06:30 INFO [MainThread]   NVD window: 2026-07-21 → 2026-07-21
07/21/2026 15:06:31 INFO [MainThread]   NVD page: got 37 (total 37/37)
07/21/2026 15:06:31 INFO [MainThread]   → 37 new CVEs (range covered up to 2026-07-21T13:06:30.938585+00:00)
07/21/2026 15:06:31 INFO [MainThread] CVE matcher — fetching OSV vulnerabilities since 2026-06-21T13:06:31.602211+00:00
07/21/2026 15:10:48 INFO [MainThread]   → 15000/15000 OSV records fetched
07/21/2026 15:10:48 INFO [MainThread]   OSV: skipped 2529 vulnerabilities published before selection date
07/21/2026 15:10:48 INFO [MainThread]   OSV: per-run cap reached before covering the full window — cursor left unchanged, retrying the same window next run
07/21/2026 15:10:49 INFO [MainThread] CVE matcher — 122 matches found (0 nvd, 122 osv), 75 new
07/21/2026 15:10:50 INFO [MainThread] CVE matcher: 75 new matches this run, 697 total to date
07/21/2026 15:10:50 INFO [MainThread] === Next run at 2026-07-22T06:00:00+00:00 (in 16.8h) ===
07/22/2026 08:00:00 INFO [MainThread] === Pipeline run started at 2026-07-22T06:00:00.005038+00:00 ===
07/22/2026 08:00:00 INFO [task_0] TASK 1 (official) — fetching NVD CVEs from last 30 days…
07/22/2026 08:00:01 INFO [task_1] TASK 2 (hot) — searching candidate repos pushed since 2026-07-15
07/22/2026 08:00:01 INFO [task_0]   NVD window: 2026-06-22 → 2026-07-22
07/22/2026 08:00:01 INFO [task_2] TASK 3 (talkers) — looking at activity since 2026-07-15
07/22/2026 08:00:01 INFO [task_2]   talkers: counting issues since 2026-07-15
07/22/2026 08:00:01 INFO [task_3] TASK (osv) — fetching up to 500 OSV entries from last 30 days…
07/22/2026 08:00:04 INFO [task_3]   → 500 candidate vulnerability IDs
07/22/2026 08:00:25 INFO [task_0]   NVD page: got 2000 (total 2000/9732)
07/22/2026 08:00:26 INFO [task_1]   → 150 candidates to check
07/22/2026 08:00:34 INFO [task_3]   → 500 vulnerability records fetched
07/22/2026 08:00:34 INFO [task_3]   → distinct (ecosystem, package) pairs: 1
07/22/2026 08:00:34 INFO [task_3] TASK (osv) — selected 1 repos
07/22/2026 08:00:49 INFO [task_0]   NVD page: got 2000 (total 4000/9732)
07/22/2026 08:00:51 INFO [task_2]   talkers: counting commits since 2026-07-15
07/22/2026 08:01:13 INFO [task_0]   NVD page: got 2000 (total 6000/9732)
07/22/2026 08:01:21 INFO [task_2] TASK 3 (talkers) — selected 30 repos
07/22/2026 08:01:34 INFO [task_0]   NVD page: got 2000 (total 8000/9732)
07/22/2026 08:01:49 INFO [task_0]   NVD page: got 1732 (total 9732/9732)
07/22/2026 08:01:49 INFO [task_0]   → got 9732 CVEs from NVD
07/22/2026 08:01:49 INFO [task_0]   → distinct (vendor, product) pairs: 1340
07/22/2026 08:02:16 INFO [task_0] TASK 1 (official) — selected 30 repos
07/22/2026 08:02:25 INFO [task_1]   hot: checked 20/150 candidates, 4 flagged so far
07/22/2026 08:03:54 INFO [task_1]   hot: checked 40/150 candidates, 5 flagged so far
07/22/2026 08:05:41 INFO [task_1]   hot: checked 60/150 candidates, 5 flagged so far
07/22/2026 08:07:24 INFO [task_1]   hot: checked 80/150 candidates, 5 flagged so far
07/22/2026 08:09:03 INFO [task_1]   hot: checked 100/150 candidates, 5 flagged so far
07/22/2026 08:10:56 INFO [task_1]   hot: checked 120/150 candidates, 6 flagged so far
07/22/2026 08:12:50 INFO [task_1]   hot: checked 140/150 candidates, 6 flagged so far
07/22/2026 08:13:57 INFO [task_1] TASK 2 (hot) — selected 7 repos
07/22/2026 08:13:57 INFO [MainThread] Persisted task=official: 30 selected, 30 new in DB
07/22/2026 08:13:57 INFO [MainThread] Persisted task=hot: 7 selected, 7 new in DB
07/22/2026 08:13:57 INFO [MainThread] Persisted task=talkers: 30 selected, 30 new in DB
07/22/2026 08:13:58 INFO [MainThread] Persisted task=osv: 1 selected, 1 new in DB
07/22/2026 08:13:58 INFO [MainThread] CVE matcher — fetching NVD CVEs since 2026-07-21T13:06:30.938585+00:00
07/22/2026 08:13:58 INFO [MainThread]   NVD window: 2026-07-21 → 2026-07-22
07/22/2026 08:14:02 INFO [MainThread]   NVD page: got 1430 (total 1430/1430)
07/22/2026 08:14:02 INFO [MainThread]   → 1430 new CVEs (range covered up to 2026-07-22T06:13:58.882021+00:00)
07/22/2026 08:14:03 INFO [MainThread] CVE matcher — fetching OSV vulnerabilities since 2026-06-22T06:14:03.033861+00:00
07/22/2026 08:18:13 WARNING [ThreadPoolExecutor-3_7] OSV vuln fetch failed for UBUNTU-CVE-2026-43288: ('Connection aborted.', RemoteDisconnected('Remote end closed connection without response'))
07/22/2026 08:18:13 WARNING [ThreadPoolExecutor-3_15] OSV vuln fetch failed for UBUNTU-CVE-2026-43243: ('Connection aborted.', RemoteDisconnected('Remote end closed connection without response'))
07/22/2026 08:18:13 WARNING [ThreadPoolExecutor-3_3] OSV vuln fetch failed for UBUNTU-CVE-2026-43195: HTTPSConnectionPool(host='api.osv.dev', port=443): Max retries exceeded with url: /v1/vulns/UBUNTU-CVE-2026-43195 (Caused by SSLError(SSLEOFError(8, '[SSL: UNEXPECTED_EOF_WHILE_READING] EOF occurred in violation of protocol (_ssl.c:1033)')))
07/22/2026 08:18:13 WARNING [ThreadPoolExecutor-3_17] OSV vuln fetch failed for UBUNTU-CVE-2026-43250: HTTPSConnectionPool(host='api.osv.dev', port=443): Max retries exceeded with url: /v1/vulns/UBUNTU-CVE-2026-43250 (Caused by SSLError(SSLEOFError(8, '[SSL: UNEXPECTED_EOF_WHILE_READING] EOF occurred in violation of protocol (_ssl.c:1033)')))
07/22/2026 08:22:57 WARNING [ThreadPoolExecutor-3_12] OSV vuln fetch failed for UBUNTU-CVE-2024-53147: HTTPSConnectionPool(host='api.osv.dev', port=443): Max retries exceeded with url: /v1/vulns/UBUNTU-CVE-2024-53147 (Caused by SSLError(SSLEOFError(8, '[SSL: UNEXPECTED_EOF_WHILE_READING] EOF occurred in violation of protocol (_ssl.c:1033)')))
07/22/2026 08:22:57 WARNING [ThreadPoolExecutor-3_8] OSV vuln fetch failed for UBUNTU-CVE-2024-56641: ("Connection broken: ConnectionResetError(104, 'Connection reset by peer')", ConnectionResetError(104, 'Connection reset by peer'))
07/22/2026 09:14:29 WARNING [ThreadPoolExecutor-3_4] OSV vuln fetch failed for UBUNTU-CVE-2025-38615: HTTPSConnectionPool(host='api.osv.dev', port=443): Max retries exceeded with url: /v1/vulns/UBUNTU-CVE-2025-38615 (Caused by SSLError(SSLError(5, '[SSL: UNEXPECTED_EOF_WHILE_READING] unexpected eof while reading (_ssl.c:2658)')))
07/22/2026 09:14:29 WARNING [ThreadPoolExecutor-3_16] OSV vuln fetch failed for UBUNTU-CVE-2025-40353: HTTPSConnectionPool(host='api.osv.dev', port=443): Max retries exceeded with url: /v1/vulns/UBUNTU-CVE-2025-40353 (Caused by SSLError(SSLEOFError(8, '[SSL: UNEXPECTED_EOF_WHILE_READING] EOF occurred in violation of protocol (_ssl.c:1033)')))
07/22/2026 09:14:29 WARNING [ThreadPoolExecutor-3_9] OSV vuln fetch failed for UBUNTU-CVE-2025-23133: HTTPSConnectionPool(host='api.osv.dev', port=443): Max retries exceeded with url: /v1/vulns/UBUNTU-CVE-2025-23133 (Caused by SSLError(SSLError(5, '[SSL: UNEXPECTED_EOF_WHILE_READING] unexpected eof while reading (_ssl.c:2658)')))
07/22/2026 09:14:58 WARNING [ThreadPoolExecutor-3_9] OSV vuln fetch failed for UBUNTU-CVE-2024-49970: HTTPSConnectionPool(host='api.osv.dev', port=443): Max retries exceeded with url: /v1/vulns/UBUNTU-CVE-2024-49970 (Caused by SSLError(SSLEOFError(8, '[SSL: UNEXPECTED_EOF_WHILE_READING] EOF occurred in violation of protocol (_ssl.c:1033)')))
07/22/2026 09:14:58 WARNING [ThreadPoolExecutor-3_15] OSV vuln fetch failed for UBUNTU-CVE-2022-28948: HTTPSConnectionPool(host='api.osv.dev', port=443): Max retries exceeded with url: /v1/vulns/UBUNTU-CVE-2022-28948 (Caused by SSLError(SSLEOFError(8, '[SSL: UNEXPECTED_EOF_WHILE_READING] EOF occurred in violation of protocol (_ssl.c:1033)')))
07/22/2026 09:15:08 WARNING [ThreadPoolExecutor-3_16] OSV vuln fetch failed for UBUNTU-CVE-2025-40311: HTTPSConnectionPool(host='api.osv.dev', port=443): Max retries exceeded with url: /v1/vulns/UBUNTU-CVE-2025-40311 (Caused by SSLError(SSLEOFError(8, '[SSL: UNEXPECTED_EOF_WHILE_READING] EOF occurred in violation of protocol (_ssl.c:1033)')))
07/22/2026 09:15:08 WARNING [ThreadPoolExecutor-3_4] OSV vuln fetch failed for UBUNTU-CVE-2025-40310: HTTPSConnectionPool(host='api.osv.dev', port=443): Max retries exceeded with url: /v1/vulns/UBUNTU-CVE-2025-40310 (Caused by SSLError(SSLEOFError(8, '[SSL: UNEXPECTED_EOF_WHILE_READING] EOF occurred in violation of protocol (_ssl.c:1033)')))
07/22/2026 09:15:09 WARNING [ThreadPoolExecutor-3_12] OSV vuln fetch failed for UBUNTU-CVE-2024-58100: ("Connection broken: ConnectionResetError(104, 'Connection reset by peer')", ConnectionResetError(104, 'Connection reset by peer'))
07/22/2026 09:15:11 WARNING [ThreadPoolExecutor-3_2] OSV vuln fetch failed for UBUNTU-CVE-2024-58238: ("Connection broken: ConnectionResetError(104, 'Connection reset by peer')", ConnectionResetError(104, 'Connection reset by peer'))
07/22/2026 09:15:17 WARNING [ThreadPoolExecutor-3_13] OSV vuln fetch failed for UBUNTU-CVE-2025-40355: HTTPSConnectionPool(host='api.osv.dev', port=443): Max retries exceeded with url: /v1/vulns/UBUNTU-CVE-2025-40355 (Caused by SSLError(SSLEOFError(8, '[SSL: UNEXPECTED_EOF_WHILE_READING] EOF occurred in violation of protocol (_ssl.c:1033)')))
07/22/2026 09:15:37 WARNING [ThreadPoolExecutor-3_15] OSV vuln fetch failed for UBUNTU-CVE-2022-49296: ('Connection aborted.', BrokenPipeError(32, 'Broken pipe'))
07/22/2026 09:15:41 WARNING [ThreadPoolExecutor-3_3] OSV vuln fetch failed for UBUNTU-CVE-2025-40340: ("Connection broken: ConnectionResetError(104, 'Connection reset by peer')", ConnectionResetError(104, 'Connection reset by peer'))
07/22/2026 09:15:41 WARNING [ThreadPoolExecutor-3_13] OSV vuln fetch failed for UBUNTU-CVE-2022-49134: HTTPSConnectionPool(host='api.osv.dev', port=443): Max retries exceeded with url: /v1/vulns/UBUNTU-CVE-2022-49134 (Caused by SSLError(SSLEOFError(8, '[SSL: UNEXPECTED_EOF_WHILE_READING] EOF occurred in violation of protocol (_ssl.c:1033)')))
07/22/2026 09:15:42 WARNING [ThreadPoolExecutor-3_1] OSV vuln fetch failed for UBUNTU-CVE-2024-36914: ("Connection broken: ConnectionResetError(104, 'Connection reset by peer')", ConnectionResetError(104, 'Connection reset by peer'))
07/22/2026 09:15:42 WARNING [ThreadPoolExecutor-3_2] OSV vuln fetch failed for UBUNTU-CVE-2022-49133: HTTPSConnectionPool(host='api.osv.dev', port=443): Max retries exceeded with url: /v1/vulns/UBUNTU-CVE-2022-49133 (Caused by SSLError(SSLEOFError(8, '[SSL: UNEXPECTED_EOF_WHILE_READING] EOF occurred in violation of protocol (_ssl.c:1033)')))
07/22/2026 09:15:42 WARNING [ThreadPoolExecutor-3_17] OSV vuln fetch failed for UBUNTU-CVE-2025-40358: ("Connection broken: ConnectionResetError(104, 'Connection reset by peer')", ConnectionResetError(104, 'Connection reset by peer'))
07/22/2026 09:15:44 WARNING [ThreadPoolExecutor-3_18] OSV vuln fetch failed for UBUNTU-CVE-2025-39744: ("Connection broken: ConnectionResetError(104, 'Connection reset by peer')", ConnectionResetError(104, 'Connection reset by peer'))
07/22/2026 09:15:45 WARNING [ThreadPoolExecutor-3_11] OSV vuln fetch failed for UBUNTU-CVE-2025-40333: ("Connection broken: ConnectionResetError(104, 'Connection reset by peer')", ConnectionResetError(104, 'Connection reset by peer'))
07/22/2026 09:15:57 WARNING [ThreadPoolExecutor-3_10] OSV vuln fetch failed for UBUNTU-CVE-2025-39751: ("Connection broken: ConnectionResetError(104, 'Connection reset by peer')", ConnectionResetError(104, 'Connection reset by peer'))
07/22/2026 09:16:05 WARNING [ThreadPoolExecutor-3_11] OSV vuln fetch failed for UBUNTU-CVE-2024-49855: HTTPSConnectionPool(host='api.osv.dev', port=443): Max retries exceeded with url: /v1/vulns/UBUNTU-CVE-2024-49855 (Caused by SSLError(SSLEOFError(8, '[SSL: UNEXPECTED_EOF_WHILE_READING] EOF occurred in violation of protocol (_ssl.c:1033)')))
07/22/2026 09:16:05 WARNING [ThreadPoolExecutor-3_5] OSV vuln fetch failed for UBUNTU-CVE-2025-40347: ("Connection broken: ConnectionResetError(104, 'Connection reset by peer')", ConnectionResetError(104, 'Connection reset by peer'))
07/22/2026 09:16:05 WARNING [ThreadPoolExecutor-3_1] OSV vuln fetch failed for UBUNTU-CVE-2025-40012: HTTPSConnectionPool(host='api.osv.dev', port=443): Max retries exceeded with url: /v1/vulns/UBUNTU-CVE-2025-40012 (Caused by SSLError(SSLEOFError(8, '[SSL: UNEXPECTED_EOF_WHILE_READING] EOF occurred in violation of protocol (_ssl.c:1033)')))
07/22/2026 09:16:10 WARNING [ThreadPoolExecutor-3_17] OSV vuln fetch failed for UBUNTU-CVE-2025-39992: HTTPSConnectionPool(host='api.osv.dev', port=443): Max retries exceeded with url: /v1/vulns/UBUNTU-CVE-2025-39992 (Caused by SSLError(SSLError(5, '[SSL: UNEXPECTED_EOF_WHILE_READING] unexpected eof while reading (_ssl.c:2658)')))
07/22/2026 09:16:10 WARNING [ThreadPoolExecutor-3_18] OSV vuln fetch failed for UBUNTU-CVE-2022-48998: HTTPSConnectionPool(host='api.osv.dev', port=443): Max retries exceeded with url: /v1/vulns/UBUNTU-CVE-2022-48998 (Caused by SSLError(SSLEOFError(8, '[SSL: UNEXPECTED_EOF_WHILE_READING] EOF occurred in violation of protocol (_ssl.c:1033)')))
07/22/2026 09:16:11 WARNING [ThreadPoolExecutor-3_10] OSV vuln fetch failed for UBUNTU-CVE-2025-39961: HTTPSConnectionPool(host='api.osv.dev', port=443): Max retries exceeded with url: /v1/vulns/UBUNTU-CVE-2025-39961 (Caused by SSLError(SSLEOFError(8, '[SSL: UNEXPECTED_EOF_WHILE_READING] EOF occurred in violation of protocol (_ssl.c:1033)')))
07/22/2026 09:16:23 WARNING [ThreadPoolExecutor-3_5] OSV vuln fetch failed for UBUNTU-CVE-2022-0480: HTTPSConnectionPool(host='api.osv.dev', port=443): Max retries exceeded with url: /v1/vulns/UBUNTU-CVE-2022-0480 (Caused by SSLError(SSLEOFError(8, '[SSL: UNEXPECTED_EOF_WHILE_READING] EOF occurred in violation of protocol (_ssl.c:1033)')))
07/22/2026 09:17:40 WARNING [ThreadPoolExecutor-3_8] OSV vuln fetch failed for UBUNTU-CVE-2025-39908: HTTPSConnectionPool(host='api.osv.dev', port=443): Max retries exceeded with url: /v1/vulns/UBUNTU-CVE-2025-39908 (Caused by SSLError(SSLEOFError(8, '[SSL: UNEXPECTED_EOF_WHILE_READING] EOF occurred in violation of protocol (_ssl.c:1033)')))
07/22/2026 09:32:36 WARNING [ThreadPoolExecutor-3_18] OSV vuln fetch failed for CVE-2026-45700: HTTPSConnectionPool(host='api.osv.dev', port=443): Max retries exceeded with url: /v1/vulns/CVE-2026-45700 (Caused by SSLError(SSLEOFError(8, '[SSL: UNEXPECTED_EOF_WHILE_READING] EOF occurred in violation of protocol (_ssl.c:1033)')))
07/22/2026 09:32:36 WARNING [ThreadPoolExecutor-3_19] OSV vuln fetch failed for CGA-34j3-gpwv-87vj: HTTPSConnectionPool(host='api.osv.dev', port=443): Max retries exceeded with url: /v1/vulns/CGA-34j3-gpwv-87vj (Caused by SSLError(SSLEOFError(8, '[SSL: UNEXPECTED_EOF_WHILE_READING] EOF occurred in violation of protocol (_ssl.c:1033)')))
07/22/2026 09:32:36 WARNING [ThreadPoolExecutor-3_0] OSV vuln fetch failed for CGA-34j3-gpwv-87vj: HTTPSConnectionPool(host='api.osv.dev', port=443): Max retries exceeded with url: /v1/vulns/CGA-34j3-gpwv-87vj (Caused by SSLError(SSLEOFError(8, '[SSL: UNEXPECTED_EOF_WHILE_READING] EOF occurred in violation of protocol (_ssl.c:1033)')))
07/22/2026 09:32:36 WARNING [ThreadPoolExecutor-3_7] OSV vuln fetch failed for MINI-xrw3-pc9c-h8w7: HTTPSConnectionPool(host='api.osv.dev', port=443): Max retries exceeded with url: /v1/vulns/MINI-xrw3-pc9c-h8w7 (Caused by SSLError(SSLEOFError(8, '[SSL: UNEXPECTED_EOF_WHILE_READING] EOF occurred in violation of protocol (_ssl.c:1033)')))
07/22/2026 09:32:36 WARNING [ThreadPoolExecutor-3_14] OSV vuln fetch failed for ALSA-2026:39573: HTTPSConnectionPool(host='api.osv.dev', port=443): Max retries exceeded with url: /v1/vulns/ALSA-2026:39573 (Caused by SSLError(SSLEOFError(8, '[SSL: UNEXPECTED_EOF_WHILE_READING] EOF occurred in violation of protocol (_ssl.c:1033)')))
07/22/2026 09:32:36 WARNING [ThreadPoolExecutor-3_13] OSV vuln fetch failed for MINI-rq88-fwqh-9x93: HTTPSConnectionPool(host='api.osv.dev', port=443): Max retries exceeded with url: /v1/vulns/MINI-rq88-fwqh-9x93 (Caused by SSLError(SSLEOFError(8, '[SSL: UNEXPECTED_EOF_WHILE_READING] EOF occurred in violation of protocol (_ssl.c:1033)')))
07/22/2026 09:32:36 WARNING [ThreadPoolExecutor-3_8] OSV vuln fetch failed for ALSA-2026:39976: HTTPSConnectionPool(host='api.osv.dev', port=443): Max retries exceeded with url: /v1/vulns/ALSA-2026:39976 (Caused by SSLError(SSLEOFError(8, '[SSL: UNEXPECTED_EOF_WHILE_READING] EOF occurred in violation of protocol (_ssl.c:1033)')))
07/22/2026 09:32:36 WARNING [ThreadPoolExecutor-3_9] OSV vuln fetch failed for MINI-j622-wfvx-pvmr: HTTPSConnectionPool(host='api.osv.dev', port=443): Max retries exceeded with url: /v1/vulns/MINI-j622-wfvx-pvmr (Caused by SSLError(SSLEOFError(8, '[SSL: UNEXPECTED_EOF_WHILE_READING] EOF occurred in violation of protocol (_ssl.c:1033)')))
07/22/2026 09:32:36 WARNING [ThreadPoolExecutor-3_12] OSV vuln fetch failed for MINI-fpq9-gm4v-v67f: HTTPSConnectionPool(host='api.osv.dev', port=443): Max retries exceeded with url: /v1/vulns/MINI-fpq9-gm4v-v67f (Caused by SSLError(SSLEOFError(8, '[SSL: UNEXPECTED_EOF_WHILE_READING] EOF occurred in violation of protocol (_ssl.c:1033)')))
07/22/2026 09:32:36 WARNING [ThreadPoolExecutor-3_2] OSV vuln fetch failed for MINI-vr32-m25r-wm6p: HTTPSConnectionPool(host='api.osv.dev', port=443): Max retries exceeded with url: /v1/vulns/MINI-vr32-m25r-wm6p (Caused by SSLError(SSLEOFError(8, '[SSL: UNEXPECTED_EOF_WHILE_READING] EOF occurred in violation of protocol (_ssl.c:1033)')))
07/22/2026 09:32:36 WARNING [ThreadPoolExecutor-3_4] OSV vuln fetch failed for MINI-xc8g-fxjj-5gff: HTTPSConnectionPool(host='api.osv.dev', port=443): Max retries exceeded with url: /v1/vulns/MINI-xc8g-fxjj-5gff (Caused by SSLError(SSLEOFError(8, '[SSL: UNEXPECTED_EOF_WHILE_READING] EOF occurred in violation of protocol (_ssl.c:1033)')))
07/22/2026 09:32:36 WARNING [ThreadPoolExecutor-3_15] OSV vuln fetch failed for CVE-2026-40033: HTTPSConnectionPool(host='api.osv.dev', port=443): Max retries exceeded with url: /v1/vulns/CVE-2026-40033 (Caused by SSLError(SSLEOFError(8, '[SSL: UNEXPECTED_EOF_WHILE_READING] EOF occurred in violation of protocol (_ssl.c:1033)')))
07/22/2026 09:32:37 WARNING [ThreadPoolExecutor-3_16] OSV vuln fetch failed for MINI-q7x3-j9m8-2q8c: HTTPSConnectionPool(host='api.osv.dev', port=443): Max retries exceeded with url: /v1/vulns/MINI-q7x3-j9m8-2q8c (Caused by SSLError(SSLEOFError(8, '[SSL: UNEXPECTED_EOF_WHILE_READING] EOF occurred in violation of protocol (_ssl.c:1033)')))
07/22/2026 09:32:46 WARNING [ThreadPoolExecutor-3_3] OSV vuln fetch failed for CVE-2026-44421: HTTPSConnectionPool(host='api.osv.dev', port=443): Max retries exceeded with url: /v1/vulns/CVE-2026-44421 (Caused by SSLError(SSLEOFError(8, '[SSL: UNEXPECTED_EOF_WHILE_READING] EOF occurred in violation of protocol (_ssl.c:1033)')))
07/22/2026 09:32:49 WARNING [ThreadPoolExecutor-3_6] OSV vuln fetch failed for CVE-2026-44420: HTTPSConnectionPool(host='api.osv.dev', port=443): Max retries exceeded with url: /v1/vulns/CVE-2026-44420 (Caused by SSLError(SSLEOFError(8, '[SSL: UNEXPECTED_EOF_WHILE_READING] EOF occurred in violation of protocol (_ssl.c:1033)')))
07/22/2026 09:32:48 WARNING [ThreadPoolExecutor-3_11] OSV vuln fetch failed for CVE-2026-11610: HTTPSConnectionPool(host='api.osv.dev', port=443): Max retries exceeded with url: /v1/vulns/CVE-2026-11610 (Caused by SSLError(SSLEOFError(8, '[SSL: UNEXPECTED_EOF_WHILE_READING] EOF occurred in violation of protocol (_ssl.c:1033)')))
07/22/2026 09:33:06 WARNING [ThreadPoolExecutor-3_17] OSV vuln fetch failed for CVE-2026-44422: HTTPSConnectionPool(host='api.osv.dev', port=443): Max retries exceeded with url: /v1/vulns/CVE-2026-44422 (Caused by SSLError(SSLEOFError(8, '[SSL: UNEXPECTED_EOF_WHILE_READING] EOF occurred in violation of protocol (_ssl.c:1033)')))
07/22/2026 09:34:55 WARNING [ThreadPoolExecutor-3_11] OSV vuln fetch failed for MINI-52xm-2xhj-6c7h: HTTPSConnectionPool(host='api.osv.dev', port=443): Max retries exceeded with url: /v1/vulns/MINI-52xm-2xhj-6c7h (Caused by SSLError(SSLEOFError(8, '[SSL: UNEXPECTED_EOF_WHILE_READING] EOF occurred in violation of protocol (_ssl.c:1033)')))
07/22/2026 09:35:18 WARNING [ThreadPoolExecutor-3_8] OSV vuln fetch failed for MINI-phvv-84mh-f748: HTTPSConnectionPool(host='api.osv.dev', port=443): Max retries exceeded with url: /v1/vulns/MINI-phvv-84mh-f748 (Caused by SSLError(SSLEOFError(8, '[SSL: UNEXPECTED_EOF_WHILE_READING] EOF occurred in violation of protocol (_ssl.c:1033)')))
07/22/2026 09:35:19 WARNING [ThreadPoolExecutor-3_7] OSV vuln fetch failed for MINI-h3p3-96q2-8g47: HTTPSConnectionPool(host='api.osv.dev', port=443): Max retries exceeded with url: /v1/vulns/MINI-h3p3-96q2-8g47 (Caused by SSLError(SSLEOFError(8, '[SSL: UNEXPECTED_EOF_WHILE_READING] EOF occurred in violation of protocol (_ssl.c:1033)')))
07/22/2026 09:35:19 WARNING [ThreadPoolExecutor-3_2] OSV vuln fetch failed for MINI-cgpg-rh4x-v2qh: HTTPSConnectionPool(host='api.osv.dev', port=443): Max retries exceeded with url: /v1/vulns/MINI-cgpg-rh4x-v2qh (Caused by SSLError(SSLEOFError(8, '[SSL: UNEXPECTED_EOF_WHILE_READING] EOF occurred in violation of protocol (_ssl.c:1033)')))
07/22/2026 09:35:20 WARNING [ThreadPoolExecutor-3_10] OSV vuln fetch failed for ALSA-2026:36203: HTTPSConnectionPool(host='api.osv.dev', port=443): Max retries exceeded with url: /v1/vulns/ALSA-2026:36203 (Caused by SSLError(SSLEOFError(8, '[SSL: UNEXPECTED_EOF_WHILE_READING] EOF occurred in violation of protocol (_ssl.c:1033)')))
07/22/2026 09:35:20 WARNING [ThreadPoolExecutor-3_18] OSV vuln fetch failed for MINI-mfvf-vw4w-jwwq: HTTPSConnectionPool(host='api.osv.dev', port=443): Max retries exceeded with url: /v1/vulns/MINI-mfvf-vw4w-jwwq (Caused by SSLError(SSLEOFError(8, '[SSL: UNEXPECTED_EOF_WHILE_READING] EOF occurred in violation of protocol (_ssl.c:1033)')))
07/22/2026 09:35:20 WARNING [ThreadPoolExecutor-3_9] OSV vuln fetch failed for MINI-vw6j-cg2j-w8r9: HTTPSConnectionPool(host='api.osv.dev', port=443): Max retries exceeded with url: /v1/vulns/MINI-vw6j-cg2j-w8r9 (Caused by SSLError(SSLEOFError(8, '[SSL: UNEXPECTED_EOF_WHILE_READING] EOF occurred in violation of protocol (_ssl.c:1033)')))
07/22/2026 09:35:20 WARNING [ThreadPoolExecutor-3_3] OSV vuln fetch failed for MINI-qj9m-4wv5-p65w: HTTPSConnectionPool(host='api.osv.dev', port=443): Max retries exceeded with url: /v1/vulns/MINI-qj9m-4wv5-p65w (Caused by SSLError(SSLEOFError(8, '[SSL: UNEXPECTED_EOF_WHILE_READING] EOF occurred in violation of protocol (_ssl.c:1033)')))
07/22/2026 09:35:20 WARNING [ThreadPoolExecutor-3_16] OSV vuln fetch failed for MINI-7qwq-2gxf-8262: HTTPSConnectionPool(host='api.osv.dev', port=443): Max retries exceeded with url: /v1/vulns/MINI-7qwq-2gxf-8262 (Caused by SSLError(SSLEOFError(8, '[SSL: UNEXPECTED_EOF_WHILE_READING] EOF occurred in violation of protocol (_ssl.c:1033)')))
07/22/2026 09:35:20 WARNING [ThreadPoolExecutor-3_1] OSV vuln fetch failed for MINI-fg8j-q44r-hjp4: HTTPSConnectionPool(host='api.osv.dev', port=443): Max retries exceeded with url: /v1/vulns/MINI-fg8j-q44r-hjp4 (Caused by SSLError(SSLEOFError(8, '[SSL: UNEXPECTED_EOF_WHILE_READING] EOF occurred in violation of protocol (_ssl.c:1033)')))
07/22/2026 09:35:20 WARNING [ThreadPoolExecutor-3_14] OSV vuln fetch failed for MINI-g9jg-j7xw-rwv9: HTTPSConnectionPool(host='api.osv.dev', port=443): Max retries exceeded with url: /v1/vulns/MINI-g9jg-j7xw-rwv9 (Caused by SSLError(SSLEOFError(8, '[SSL: UNEXPECTED_EOF_WHILE_READING] EOF occurred in violation of protocol (_ssl.c:1033)')))
07/22/2026 09:35:27 WARNING [ThreadPoolExecutor-3_13] OSV vuln fetch failed for MINI-9w67-8qcm-cxw5: HTTPSConnectionPool(host='api.osv.dev', port=443): Max retries exceeded with url: /v1/vulns/MINI-9w67-8qcm-cxw5 (Caused by SSLError(SSLEOFError(8, '[SSL: UNEXPECTED_EOF_WHILE_READING] EOF occurred in violation of protocol (_ssl.c:1033)')))
07/22/2026 09:35:27 WARNING [ThreadPoolExecutor-3_19] OSV vuln fetch failed for MINI-vqjr-65xx-8hj6: HTTPSConnectionPool(host='api.osv.dev', port=443): Max retries exceeded with url: /v1/vulns/MINI-vqjr-65xx-8hj6 (Caused by SSLError(SSLEOFError(8, '[SSL: UNEXPECTED_EOF_WHILE_READING] EOF occurred in violation of protocol (_ssl.c:1033)')))
07/22/2026 09:35:27 WARNING [ThreadPoolExecutor-3_0] OSV vuln fetch failed for MINI-g3vh-h9vm-jmcv: HTTPSConnectionPool(host='api.osv.dev', port=443): Max retries exceeded with url: /v1/vulns/MINI-g3vh-h9vm-jmcv (Caused by SSLError(SSLEOFError(8, '[SSL: UNEXPECTED_EOF_WHILE_READING] EOF occurred in violation of protocol (_ssl.c:1033)')))
07/22/2026 09:35:27 WARNING [ThreadPoolExecutor-3_5] OSV vuln fetch failed for MINI-mg3f-vrvh-hq98: HTTPSConnectionPool(host='api.osv.dev', port=443): Max retries exceeded with url: /v1/vulns/MINI-mg3f-vrvh-hq98 (Caused by SSLError(SSLEOFError(8, '[SSL: UNEXPECTED_EOF_WHILE_READING] EOF occurred in violation of protocol (_ssl.c:1033)')))
07/22/2026 09:37:26 WARNING [ThreadPoolExecutor-3_4] OSV vuln fetch failed for MINI-xr7q-c2pf-6h3m: HTTPSConnectionPool(host='api.osv.dev', port=443): Max retries exceeded with url: /v1/vulns/MINI-xr7q-c2pf-6h3m (Caused by SSLError(SSLEOFError(8, '[SSL: UNEXPECTED_EOF_WHILE_READING] EOF occurred in violation of protocol (_ssl.c:1033)')))
07/22/2026 09:37:39 WARNING [ThreadPoolExecutor-3_18] OSV vuln fetch failed for MINI-35hf-p6xh-f8fg: HTTPSConnectionPool(host='api.osv.dev', port=443): Max retries exceeded with url: /v1/vulns/MINI-35hf-p6xh-f8fg (Caused by SSLError(SSLEOFError(8, '[SSL: UNEXPECTED_EOF_WHILE_READING] EOF occurred in violation of protocol (_ssl.c:1033)')))
07/22/2026 09:37:35 WARNING [ThreadPoolExecutor-3_2] OSV vuln fetch failed for MINI-4m85-99jf-8746: HTTPSConnectionPool(host='api.osv.dev', port=443): Max retries exceeded with url: /v1/vulns/MINI-4m85-99jf-8746 (Caused by SSLError(SSLEOFError(8, '[SSL: UNEXPECTED_EOF_WHILE_READING] EOF occurred in violation of protocol (_ssl.c:1033)')))
07/22/2026 09:37:44 WARNING [ThreadPoolExecutor-3_6] OSV vuln fetch failed for MINI-83xf-pm9r-vmgm: HTTPSConnectionPool(host='api.osv.dev', port=443): Max retries exceeded with url: /v1/vulns/MINI-83xf-pm9r-vmgm (Caused by SSLError(SSLEOFError(8, '[SSL: UNEXPECTED_EOF_WHILE_READING] EOF occurred in violation of protocol (_ssl.c:1033)')))
07/22/2026 09:37:44 WARNING [ThreadPoolExecutor-3_8] OSV vuln fetch failed for MINI-59jr-g9w4-qv94: HTTPSConnectionPool(host='api.osv.dev', port=443): Max retries exceeded with url: /v1/vulns/MINI-59jr-g9w4-qv94 (Caused by SSLError(SSLEOFError(8, '[SSL: UNEXPECTED_EOF_WHILE_READING] EOF occurred in violation of protocol (_ssl.c:1033)')))
07/22/2026 09:37:25 WARNING [ThreadPoolExecutor-3_7] OSV vuln fetch failed for MINI-47pv-ph27-xvxc: HTTPSConnectionPool(host='api.osv.dev', port=443): Max retries exceeded with url: /v1/vulns/MINI-47pv-ph27-xvxc (Caused by SSLError(SSLEOFError(8, '[SSL: UNEXPECTED_EOF_WHILE_READING] EOF occurred in violation of protocol (_ssl.c:1033)')))
07/22/2026 09:37:37 WARNING [ThreadPoolExecutor-3_15] OSV vuln fetch failed for MINI-c332-jrhp-r83f: HTTPSConnectionPool(host='api.osv.dev', port=443): Max retries exceeded with url: /v1/vulns/MINI-c332-jrhp-r83f (Caused by SSLError(SSLEOFError(8, '[SSL: UNEXPECTED_EOF_WHILE_READING] EOF occurred in violation of protocol (_ssl.c:1033)')))
07/22/2026 09:38:17 WARNING [ThreadPoolExecutor-3_17] OSV vuln fetch failed for MINI-jp48-642j-mjx2: HTTPSConnectionPool(host='api.osv.dev', port=443): Max retries exceeded with url: /v1/vulns/MINI-jp48-642j-mjx2 (Caused by SSLError(SSLEOFError(8, '[SSL: UNEXPECTED_EOF_WHILE_READING] EOF occurred in violation of protocol (_ssl.c:1033)')))
07/22/2026 09:37:47 WARNING [ThreadPoolExecutor-3_11] OSV vuln fetch failed for MINI-2x3j-5qpj-r6rq: HTTPSConnectionPool(host='api.osv.dev', port=443): Max retries exceeded with url: /v1/vulns/MINI-2x3j-5qpj-r6rq (Caused by SSLError(SSLEOFError(8, '[SSL: UNEXPECTED_EOF_WHILE_READING] EOF occurred in violation of protocol (_ssl.c:1033)')))
07/22/2026 09:40:15 WARNING [ThreadPoolExecutor-3_9] OSV vuln fetch failed for MINI-8f63-43v9-ph48: HTTPSConnectionPool(host='api.osv.dev', port=443): Max retries exceeded with url: /v1/vulns/MINI-8f63-43v9-ph48 (Caused by SSLError(SSLEOFError(8, '[SSL: UNEXPECTED_EOF_WHILE_READING] EOF occurred in violation of protocol (_ssl.c:1033)')))
07/22/2026 09:42:18 WARNING [ThreadPoolExecutor-3_10] OSV vuln fetch failed for MINI-33p8-x982-5jxx: HTTPSConnectionPool(host='api.osv.dev', port=443): Max retries exceeded with url: /v1/vulns/MINI-33p8-x982-5jxx (Caused by SSLError(SSLEOFError(8, '[SSL: UNEXPECTED_EOF_WHILE_READING] EOF occurred in violation of protocol (_ssl.c:1033)')))
07/22/2026 09:42:39 WARNING [ThreadPoolExecutor-3_1] OSV vuln fetch failed for ALSA-2026:39547: HTTPSConnectionPool(host='api.osv.dev', port=443): Max retries exceeded with url: /v1/vulns/ALSA-2026:39547 (Caused by SSLError(SSLEOFError(8, '[SSL: UNEXPECTED_EOF_WHILE_READING] EOF occurred in violation of protocol (_ssl.c:1033)')))
07/22/2026 09:45:02 WARNING [ThreadPoolExecutor-3_18] OSV vuln fetch failed for MINI-rq85-928g-9w8f: HTTPSConnectionPool(host='api.osv.dev', port=443): Max retries exceeded with url: /v1/vulns/MINI-rq85-928g-9w8f (Caused by NameResolutionError("HTTPSConnection(host='api.osv.dev', port=443): Failed to resolve 'api.osv.dev' ([Errno -3] Temporary failure in name resolution)"))
07/22/2026 09:45:02 WARNING [ThreadPoolExecutor-3_6] OSV vuln fetch failed for MINI-jr9c-qmc5-gcmw: HTTPSConnectionPool(host='api.osv.dev', port=443): Max retries exceeded with url: /v1/vulns/MINI-jr9c-qmc5-gcmw (Caused by NameResolutionError("HTTPSConnection(host='api.osv.dev', port=443): Failed to resolve 'api.osv.dev' ([Errno -3] Temporary failure in name resolution)"))
07/22/2026 09:45:12 WARNING [ThreadPoolExecutor-3_4] OSV vuln fetch failed for MINI-m64c-r7cm-wrc7: HTTPSConnectionPool(host='api.osv.dev', port=443): Max retries exceeded with url: /v1/vulns/MINI-m64c-r7cm-wrc7 (Caused by NameResolutionError("HTTPSConnection(host='api.osv.dev', port=443): Failed to resolve 'api.osv.dev' ([Errno -3] Temporary failure in name resolution)"))
07/22/2026 09:45:11 WARNING [ThreadPoolExecutor-3_5] OSV vuln fetch failed for MINI-pmvw-rwc2-4vp2: HTTPSConnectionPool(host='api.osv.dev', port=443): Max retries exceeded with url: /v1/vulns/MINI-pmvw-rwc2-4vp2 (Caused by SSLError(SSLEOFError(8, '[SSL: UNEXPECTED_EOF_WHILE_READING] EOF occurred in violation of protocol (_ssl.c:1033)')))
07/22/2026 09:45:18 WARNING [ThreadPoolExecutor-3_13] OSV vuln fetch failed for ALSA-2026:36675: HTTPSConnectionPool(host='api.osv.dev', port=443): Max retries exceeded with url: /v1/vulns/ALSA-2026:36675 (Caused by SSLError(SSLEOFError(8, '[SSL: UNEXPECTED_EOF_WHILE_READING] EOF occurred in violation of protocol (_ssl.c:1033)')))
07/22/2026 09:45:18 WARNING [ThreadPoolExecutor-3_3] OSV vuln fetch failed for MINI-jfmw-wx8j-gfh7: HTTPSConnectionPool(host='api.osv.dev', port=443): Max retries exceeded with url: /v1/vulns/MINI-jfmw-wx8j-gfh7 (Caused by SSLError(SSLEOFError(8, '[SSL: UNEXPECTED_EOF_WHILE_READING] EOF occurred in violation of protocol (_ssl.c:1033)')))
07/22/2026 09:45:18 WARNING [ThreadPoolExecutor-3_2] OSV vuln fetch failed for MINI-mw3f-mv9m-v2c9: HTTPSConnectionPool(host='api.osv.dev', port=443): Max retries exceeded with url: /v1/vulns/MINI-mw3f-mv9m-v2c9 (Caused by NameResolutionError("HTTPSConnection(host='api.osv.dev', port=443): Failed to resolve 'api.osv.dev' ([Errno -3] Temporary failure in name resolution)"))
07/22/2026 09:45:18 WARNING [ThreadPoolExecutor-3_14] OSV vuln fetch failed for ALSA-2026:36673: HTTPSConnectionPool(host='api.osv.dev', port=443): Max retries exceeded with url: /v1/vulns/ALSA-2026:36673 (Caused by SSLError(SSLEOFError(8, '[SSL: UNEXPECTED_EOF_WHILE_READING] EOF occurred in violation of protocol (_ssl.c:1033)')))
07/22/2026 09:45:18 WARNING [ThreadPoolExecutor-3_19] OSV vuln fetch failed for ALSA-2026:36196: HTTPSConnectionPool(host='api.osv.dev', port=443): Max retries exceeded with url: /v1/vulns/ALSA-2026:36196 (Caused by SSLError(SSLEOFError(8, '[SSL: UNEXPECTED_EOF_WHILE_READING] EOF occurred in violation of protocol (_ssl.c:1033)')))
07/22/2026 09:45:18 WARNING [ThreadPoolExecutor-3_12] OSV vuln fetch failed for MINI-c3h7-grwp-484v: HTTPSConnectionPool(host='api.osv.dev', port=443): Max retries exceeded with url: /v1/vulns/MINI-c3h7-grwp-484v (Caused by SSLError(SSLEOFError(8, '[SSL: UNEXPECTED_EOF_WHILE_READING] EOF occurred in violation of protocol (_ssl.c:1033)')))
07/22/2026 09:45:18 WARNING [ThreadPoolExecutor-3_0] OSV vuln fetch failed for MINI-m45w-pw8c-wwm5: HTTPSConnectionPool(host='api.osv.dev', port=443): Max retries exceeded with url: /v1/vulns/MINI-m45w-pw8c-wwm5 (Caused by SSLError(SSLEOFError(8, '[SSL: UNEXPECTED_EOF_WHILE_READING] EOF occurred in violation of protocol (_ssl.c:1033)')))
07/22/2026 09:47:21 WARNING [ThreadPoolExecutor-3_16] OSV vuln fetch failed for MINI-c2c5-9hmx-9g9q: HTTPSConnectionPool(host='api.osv.dev', port=443): Max retries exceeded with url: /v1/vulns/MINI-c2c5-9hmx-9g9q (Caused by SSLError(SSLEOFError(8, '[SSL: UNEXPECTED_EOF_WHILE_READING] EOF occurred in violation of protocol (_ssl.c:1033)')))
07/22/2026 10:15:22 WARNING [ThreadPoolExecutor-3_18] OSV vuln fetch failed for MINI-xqvq-hgw3-p32r: HTTPSConnectionPool(host='api.osv.dev', port=443): Max retries exceeded with url: /v1/vulns/MINI-xqvq-hgw3-p32r (Caused by SSLError(SSLEOFError(8, '[SSL: UNEXPECTED_EOF_WHILE_READING] EOF occurred in violation of protocol (_ssl.c:1033)')))
07/22/2026 10:15:25 WARNING [ThreadPoolExecutor-3_4] OSV vuln fetch failed for MINI-cq5g-g8p8-r42h: HTTPSConnectionPool(host='api.osv.dev', port=443): Max retries exceeded with url: /v1/vulns/MINI-cq5g-g8p8-r42h (Caused by SSLError(SSLEOFError(8, '[SSL: UNEXPECTED_EOF_WHILE_READING] EOF occurred in violation of protocol (_ssl.c:1033)')))
07/22/2026 10:15:25 WARNING [ThreadPoolExecutor-3_14] OSV vuln fetch failed for MINI-whrw-fm5q-rwm8: HTTPSConnectionPool(host='api.osv.dev', port=443): Max retries exceeded with url: /v1/vulns/MINI-whrw-fm5q-rwm8 (Caused by SSLError(SSLEOFError(8, '[SSL: UNEXPECTED_EOF_WHILE_READING] EOF occurred in violation of protocol (_ssl.c:1033)')))
07/22/2026 10:15:25 WARNING [ThreadPoolExecutor-3_19] OSV vuln fetch failed for GHSA-cf98-j28v-49v6: HTTPSConnectionPool(host='api.osv.dev', port=443): Max retries exceeded with url: /v1/vulns/GHSA-cf98-j28v-49v6 (Caused by SSLError(SSLEOFError(8, '[SSL: UNEXPECTED_EOF_WHILE_READING] EOF occurred in violation of protocol (_ssl.c:1033)')))
07/22/2026 10:15:30 WARNING [ThreadPoolExecutor-3_10] OSV vuln fetch failed for MINI-f7pp-9rv3-pwv2: HTTPSConnectionPool(host='api.osv.dev', port=443): Max retries exceeded with url: /v1/vulns/MINI-f7pp-9rv3-pwv2 (Caused by SSLError(SSLEOFError(8, '[SSL: UNEXPECTED_EOF_WHILE_READING] EOF occurred in violation of protocol (_ssl.c:1033)')))
07/22/2026 10:15:30 WARNING [ThreadPoolExecutor-3_12] OSV vuln fetch failed for MINI-vwgh-jp36-wx4q: HTTPSConnectionPool(host='api.osv.dev', port=443): Max retries exceeded with url: /v1/vulns/MINI-vwgh-jp36-wx4q (Caused by SSLError(SSLEOFError(8, '[SSL: UNEXPECTED_EOF_WHILE_READING] EOF occurred in violation of protocol (_ssl.c:1033)')))
07/22/2026 10:15:29 WARNING [ThreadPoolExecutor-3_1] OSV vuln fetch failed for MINI-f55p-wmhg-3jg7: HTTPSConnectionPool(host='api.osv.dev', port=443): Max retries exceeded with url: /v1/vulns/MINI-f55p-wmhg-3jg7 (Caused by SSLError(SSLEOFError(8, '[SSL: UNEXPECTED_EOF_WHILE_READING] EOF occurred in violation of protocol (_ssl.c:1033)')))
07/22/2026 10:15:30 WARNING [ThreadPoolExecutor-3_11] OSV vuln fetch failed for MINI-xj6f-23q8-6wf8: HTTPSConnectionPool(host='api.osv.dev', port=443): Max retries exceeded with url: /v1/vulns/MINI-xj6f-23q8-6wf8 (Caused by SSLError(SSLEOFError(8, '[SSL: UNEXPECTED_EOF_WHILE_READING] EOF occurred in violation of protocol (_ssl.c:1033)')))
07/22/2026 10:15:30 WARNING [ThreadPoolExecutor-3_17] OSV vuln fetch failed for MINI-fwp5-vxv6-2f4j: HTTPSConnectionPool(host='api.osv.dev', port=443): Max retries exceeded with url: /v1/vulns/MINI-fwp5-vxv6-2f4j (Caused by SSLError(SSLEOFError(8, '[SSL: UNEXPECTED_EOF_WHILE_READING] EOF occurred in violation of protocol (_ssl.c:1033)')))
07/22/2026 10:15:30 WARNING [ThreadPoolExecutor-3_15] OSV vuln fetch failed for MINI-gmv4-r4vv-c93p: HTTPSConnectionPool(host='api.osv.dev', port=443): Max retries exceeded with url: /v1/vulns/MINI-gmv4-r4vv-c93p (Caused by SSLError(SSLEOFError(8, '[SSL: UNEXPECTED_EOF_WHILE_READING] EOF occurred in violation of protocol (_ssl.c:1033)')))
07/22/2026 10:15:30 WARNING [ThreadPoolExecutor-3_9] OSV vuln fetch failed for MINI-c22h-cfhv-mcw8: HTTPSConnectionPool(host='api.osv.dev', port=443): Max retries exceeded with url: /v1/vulns/MINI-c22h-cfhv-mcw8 (Caused by SSLError(SSLEOFError(8, '[SSL: UNEXPECTED_EOF_WHILE_READING] EOF occurred in violation of protocol (_ssl.c:1033)')))
07/22/2026 10:16:03 WARNING [ThreadPoolExecutor-3_8] OSV vuln fetch failed for MINI-gvm6-6f9w-rx33: HTTPSConnectionPool(host='api.osv.dev', port=443): Max retries exceeded with url: /v1/vulns/MINI-gvm6-6f9w-rx33 (Caused by SSLError(SSLEOFError(8, '[SSL: UNEXPECTED_EOF_WHILE_READING] EOF occurred in violation of protocol (_ssl.c:1033)')))
07/22/2026 10:16:03 WARNING [ThreadPoolExecutor-3_3] OSV vuln fetch failed for MINI-9gmg-6hhc-w428: HTTPSConnectionPool(host='api.osv.dev', port=443): Max retries exceeded with url: /v1/vulns/MINI-9gmg-6hhc-w428 (Caused by SSLError(SSLEOFError(8, '[SSL: UNEXPECTED_EOF_WHILE_READING] EOF occurred in violation of protocol (_ssl.c:1033)')))
07/22/2026 10:16:03 WARNING [ThreadPoolExecutor-3_7] OSV vuln fetch failed for MINI-f9vf-jp3j-jh23: HTTPSConnectionPool(host='api.osv.dev', port=443): Max retries exceeded with url: /v1/vulns/MINI-f9vf-jp3j-jh23 (Caused by SSLError(SSLEOFError(8, '[SSL: UNEXPECTED_EOF_WHILE_READING] EOF occurred in violation of protocol (_ssl.c:1033)')))
07/22/2026 10:16:03 WARNING [ThreadPoolExecutor-3_5] OSV vuln fetch failed for MINI-x7q8-vmj7-c77r: HTTPSConnectionPool(host='api.osv.dev', port=443): Max retries exceeded with url: /v1/vulns/MINI-x7q8-vmj7-c77r (Caused by SSLError(SSLEOFError(8, '[SSL: UNEXPECTED_EOF_WHILE_READING] EOF occurred in violation of protocol (_ssl.c:1033)')))
07/22/2026 10:16:03 WARNING [ThreadPoolExecutor-3_6] OSV vuln fetch failed for MINI-xrf8-vgvc-5pc9: HTTPSConnectionPool(host='api.osv.dev', port=443): Max retries exceeded with url: /v1/vulns/MINI-xrf8-vgvc-5pc9 (Caused by SSLError(SSLEOFError(8, '[SSL: UNEXPECTED_EOF_WHILE_READING] EOF occurred in violation of protocol (_ssl.c:1033)')))
07/22/2026 10:19:15 WARNING [ThreadPoolExecutor-3_16] OSV vuln fetch failed for MINI-wv72-3mq4-j34x: HTTPSConnectionPool(host='api.osv.dev', port=443): Max retries exceeded with url: /v1/vulns/MINI-wv72-3mq4-j34x (Caused by SSLError(SSLEOFError(8, '[SSL: UNEXPECTED_EOF_WHILE_READING] EOF occurred in violation of protocol (_ssl.c:1033)')))
07/22/2026 10:21:42 WARNING [ThreadPoolExecutor-3_0] OSV vuln fetch failed for MINI-xg55-h39q-9532: HTTPSConnectionPool(host='api.osv.dev', port=443): Max retries exceeded with url: /v1/vulns/MINI-xg55-h39q-9532 (Caused by SSLError(SSLEOFError(8, '[SSL: UNEXPECTED_EOF_WHILE_READING] EOF occurred in violation of protocol (_ssl.c:1033)')))
07/22/2026 10:21:49 WARNING [ThreadPoolExecutor-3_6] OSV vuln fetch failed for MINI-v7j2-6wmf-f2w3: HTTPSConnectionPool(host='api.osv.dev', port=443): Max retries exceeded with url: /v1/vulns/MINI-v7j2-6wmf-f2w3 (Caused by SSLError(SSLEOFError(8, '[SSL: UNEXPECTED_EOF_WHILE_READING] EOF occurred in violation of protocol (_ssl.c:1033)')))
07/22/2026 10:21:51 WARNING [ThreadPoolExecutor-3_18] OSV vuln fetch failed for MINI-x4j2-j4q5-q7x8: HTTPSConnectionPool(host='api.osv.dev', port=443): Max retries exceeded with url: /v1/vulns/MINI-x4j2-j4q5-q7x8 (Caused by SSLError(SSLEOFError(8, '[SSL: UNEXPECTED_EOF_WHILE_READING] EOF occurred in violation of protocol (_ssl.c:1033)')))
07/22/2026 10:21:47 WARNING [ThreadPoolExecutor-3_2] OSV vuln fetch failed for MINI-wmj7-g333-rw67: HTTPSConnectionPool(host='api.osv.dev', port=443): Max retries exceeded with url: /v1/vulns/MINI-wmj7-g333-rw67 (Caused by SSLError(SSLEOFError(8, '[SSL: UNEXPECTED_EOF_WHILE_READING] EOF occurred in violation of protocol (_ssl.c:1033)')))
07/22/2026 10:22:44 WARNING [ThreadPoolExecutor-3_4] OSV vuln fetch failed for MINI-vwmv-7hgv-g45g: HTTPSConnectionPool(host='api.osv.dev', port=443): Max retries exceeded with url: /v1/vulns/MINI-vwmv-7hgv-g45g (Caused by SSLError(SSLEOFError(8, '[SSL: UNEXPECTED_EOF_WHILE_READING] EOF occurred in violation of protocol (_ssl.c:1033)')))
07/22/2026 10:22:44 WARNING [ThreadPoolExecutor-3_1] OSV vuln fetch failed for MINI-vxfj-9j2r-cq5v: HTTPSConnectionPool(host='api.osv.dev', port=443): Max retries exceeded with url: /v1/vulns/MINI-vxfj-9j2r-cq5v (Caused by SSLError(SSLEOFError(8, '[SSL: UNEXPECTED_EOF_WHILE_READING] EOF occurred in violation of protocol (_ssl.c:1033)')))
07/22/2026 10:22:42 WARNING [ThreadPoolExecutor-3_11] OSV vuln fetch failed for MINI-w2mm-8xch-r8f8: HTTPSConnectionPool(host='api.osv.dev', port=443): Max retries exceeded with url: /v1/vulns/MINI-w2mm-8xch-r8f8 (Caused by SSLError(SSLEOFError(8, '[SSL: UNEXPECTED_EOF_WHILE_READING] EOF occurred in violation of protocol (_ssl.c:1033)')))
07/22/2026 10:22:22 WARNING [ThreadPoolExecutor-3_13] OSV vuln fetch failed for MINI-c5xp-2732-69mv: HTTPSConnectionPool(host='api.osv.dev', port=443): Max retries exceeded with url: /v1/vulns/MINI-c5xp-2732-69mv (Caused by SSLError(SSLEOFError(8, '[SSL: UNEXPECTED_EOF_WHILE_READING] EOF occurred in violation of protocol (_ssl.c:1033)')))
07/22/2026 10:22:44 WARNING [ThreadPoolExecutor-3_14] OSV vuln fetch failed for MINI-wmqv-78fm-gxq5: HTTPSConnectionPool(host='api.osv.dev', port=443): Max retries exceeded with url: /v1/vulns/MINI-wmqv-78fm-gxq5 (Caused by SSLError(SSLEOFError(8, '[SSL: UNEXPECTED_EOF_WHILE_READING] EOF occurred in violation of protocol (_ssl.c:1033)')))
07/22/2026 10:22:44 WARNING [ThreadPoolExecutor-3_19] OSV vuln fetch failed for MINI-xg63-wqm5-qcw5: HTTPSConnectionPool(host='api.osv.dev', port=443): Max retries exceeded with url: /v1/vulns/MINI-xg63-wqm5-qcw5 (Caused by SSLError(SSLEOFError(8, '[SSL: UNEXPECTED_EOF_WHILE_READING] EOF occurred in violation of protocol (_ssl.c:1033)')))
07/22/2026 10:22:48 WARNING [ThreadPoolExecutor-3_12] OSV vuln fetch failed for MINI-x836-h5p9-8wpf: HTTPSConnectionPool(host='api.osv.dev', port=443): Max retries exceeded with url: /v1/vulns/MINI-x836-h5p9-8wpf (Caused by SSLError(SSLEOFError(8, '[SSL: UNEXPECTED_EOF_WHILE_READING] EOF occurred in violation of protocol (_ssl.c:1033)')))
07/22/2026 10:22:48 WARNING [ThreadPoolExecutor-3_17] OSV vuln fetch failed for MINI-w785-6prw-wph5: HTTPSConnectionPool(host='api.osv.dev', port=443): Max retries exceeded with url: /v1/vulns/MINI-w785-6prw-wph5 (Caused by SSLError(SSLEOFError(8, '[SSL: UNEXPECTED_EOF_WHILE_READING] EOF occurred in violation of protocol (_ssl.c:1033)')))
07/22/2026 10:22:48 WARNING [ThreadPoolExecutor-3_10] OSV vuln fetch failed for MINI-w3cx-c6g5-x756: HTTPSConnectionPool(host='api.osv.dev', port=443): Max retries exceeded with url: /v1/vulns/MINI-w3cx-c6g5-x756 (Caused by SSLError(SSLEOFError(8, '[SSL: UNEXPECTED_EOF_WHILE_READING] EOF occurred in violation of protocol (_ssl.c:1033)')))
07/22/2026 10:22:48 WARNING [ThreadPoolExecutor-3_8] OSV vuln fetch failed for MINI-v349-6gf7-hf5m: HTTPSConnectionPool(host='api.osv.dev', port=443): Max retries exceeded with url: /v1/vulns/MINI-v349-6gf7-hf5m (Caused by SSLError(SSLEOFError(8, '[SSL: UNEXPECTED_EOF_WHILE_READING] EOF occurred in violation of protocol (_ssl.c:1033)')))
07/22/2026 10:22:48 WARNING [ThreadPoolExecutor-3_5] OSV vuln fetch failed for MINI-w4qp-5mrh-qr79: HTTPSConnectionPool(host='api.osv.dev', port=443): Max retries exceeded with url: /v1/vulns/MINI-w4qp-5mrh-qr79 (Caused by SSLError(SSLEOFError(8, '[SSL: UNEXPECTED_EOF_WHILE_READING] EOF occurred in violation of protocol (_ssl.c:1033)')))
07/22/2026 10:22:48 WARNING [ThreadPoolExecutor-3_15] OSV vuln fetch failed for MINI-vwcp-5p79-fq4f: HTTPSConnectionPool(host='api.osv.dev', port=443): Max retries exceeded with url: /v1/vulns/MINI-vwcp-5p79-fq4f (Caused by SSLError(SSLEOFError(8, '[SSL: UNEXPECTED_EOF_WHILE_READING] EOF occurred in violation of protocol (_ssl.c:1033)')))
07/22/2026 10:22:48 WARNING [ThreadPoolExecutor-3_9] OSV vuln fetch failed for MINI-8qvp-9gx7-fp2p: HTTPSConnectionPool(host='api.osv.dev', port=443): Max retries exceeded with url: /v1/vulns/MINI-8qvp-9gx7-fp2p (Caused by SSLError(SSLEOFError(8, '[SSL: UNEXPECTED_EOF_WHILE_READING] EOF occurred in violation of protocol (_ssl.c:1033)')))
07/22/2026 10:22:48 WARNING [ThreadPoolExecutor-3_3] OSV vuln fetch failed for MINI-rmg8-6j5q-6vmm: HTTPSConnectionPool(host='api.osv.dev', port=443): Max retries exceeded with url: /v1/vulns/MINI-rmg8-6j5q-6vmm (Caused by SSLError(SSLEOFError(8, '[SSL: UNEXPECTED_EOF_WHILE_READING] EOF occurred in violation of protocol (_ssl.c:1033)')))
07/22/2026 10:24:31 WARNING [ThreadPoolExecutor-3_4] OSV vuln fetch failed for MINI-qwj5-79w9-8r6p: HTTPSConnectionPool(host='api.osv.dev', port=443): Max retries exceeded with url: /v1/vulns/MINI-qwj5-79w9-8r6p (Caused by SSLError(SSLEOFError(8, '[SSL: UNEXPECTED_EOF_WHILE_READING] EOF occurred in violation of protocol (_ssl.c:1033)')))
07/22/2026 10:24:29 WARNING [ThreadPoolExecutor-3_2] OSV vuln fetch failed for MINI-v9j2-p36h-9f4h: HTTPSConnectionPool(host='api.osv.dev', port=443): Max retries exceeded with url: /v1/vulns/MINI-v9j2-p36h-9f4h (Caused by SSLError(SSLEOFError(8, '[SSL: UNEXPECTED_EOF_WHILE_READING] EOF occurred in violation of protocol (_ssl.c:1033)')))
07/22/2026 10:24:31 WARNING [ThreadPoolExecutor-3_1] OSV vuln fetch failed for MINI-v3fg-6263-qh2c: HTTPSConnectionPool(host='api.osv.dev', port=443): Max retries exceeded with url: /v1/vulns/MINI-v3fg-6263-qh2c (Caused by SSLError(SSLEOFError(8, '[SSL: UNEXPECTED_EOF_WHILE_READING] EOF occurred in violation of protocol (_ssl.c:1033)')))
07/22/2026 10:24:31 WARNING [ThreadPoolExecutor-3_0] OSV vuln fetch failed for MINI-rr6p-ghj5-qp8g: HTTPSConnectionPool(host='api.osv.dev', port=443): Max retries exceeded with url: /v1/vulns/MINI-rr6p-ghj5-qp8g (Caused by SSLError(SSLEOFError(8, '[SSL: UNEXPECTED_EOF_WHILE_READING] EOF occurred in violation of protocol (_ssl.c:1033)')))
07/22/2026 10:24:31 WARNING [ThreadPoolExecutor-3_12] OSV vuln fetch failed for MINI-vfpr-qm2f-9hgf: HTTPSConnectionPool(host='api.osv.dev', port=443): Max retries exceeded with url: /v1/vulns/MINI-vfpr-qm2f-9hgf (Caused by SSLError(SSLEOFError(8, '[SSL: UNEXPECTED_EOF_WHILE_READING] EOF occurred in violation of protocol (_ssl.c:1033)')))
07/22/2026 10:24:31 WARNING [ThreadPoolExecutor-3_6] OSV vuln fetch failed for MINI-r6g7-pvq2-r3ph: HTTPSConnectionPool(host='api.osv.dev', port=443): Max retries exceeded with url: /v1/vulns/MINI-r6g7-pvq2-r3ph (Caused by SSLError(SSLEOFError(8, '[SSL: UNEXPECTED_EOF_WHILE_READING] EOF occurred in violation of protocol (_ssl.c:1033)')))
07/22/2026 10:24:31 WARNING [ThreadPoolExecutor-3_16] OSV vuln fetch failed for MINI-r7hf-4w6x-7cr4: HTTPSConnectionPool(host='api.osv.dev', port=443): Max retries exceeded with url: /v1/vulns/MINI-r7hf-4w6x-7cr4 (Caused by SSLError(SSLEOFError(8, '[SSL: UNEXPECTED_EOF_WHILE_READING] EOF occurred in violation of protocol (_ssl.c:1033)')))
07/22/2026 10:24:31 WARNING [ThreadPoolExecutor-3_18] OSV vuln fetch failed for MINI-vf2m-2xmf-2f9p: HTTPSConnectionPool(host='api.osv.dev', port=443): Max retries exceeded with url: /v1/vulns/MINI-vf2m-2xmf-2f9p (Caused by SSLError(SSLEOFError(8, '[SSL: UNEXPECTED_EOF_WHILE_READING] EOF occurred in violation of protocol (_ssl.c:1033)')))
07/22/2026 10:24:31 WARNING [ThreadPoolExecutor-3_8] OSV vuln fetch failed for MINI-q4j5-87vh-65pc: HTTPSConnectionPool(host='api.osv.dev', port=443): Max retries exceeded with url: /v1/vulns/MINI-q4j5-87vh-65pc (Caused by SSLError(SSLEOFError(8, '[SSL: UNEXPECTED_EOF_WHILE_READING] EOF occurred in violation of protocol (_ssl.c:1033)')))
07/22/2026 10:24:31 WARNING [ThreadPoolExecutor-3_11] OSV vuln fetch failed for MINI-8hm4-vf33-642c: HTTPSConnectionPool(host='api.osv.dev', port=443): Max retries exceeded with url: /v1/vulns/MINI-8hm4-vf33-642c (Caused by SSLError(SSLEOFError(8, '[SSL: UNEXPECTED_EOF_WHILE_READING] EOF occurred in violation of protocol (_ssl.c:1033)')))
07/22/2026 10:24:31 WARNING [ThreadPoolExecutor-3_5] OSV vuln fetch failed for MINI-rmhm-48w4-c2c6: HTTPSConnectionPool(host='api.osv.dev', port=443): Max retries exceeded with url: /v1/vulns/MINI-rmhm-48w4-c2c6 (Caused by SSLError(SSLEOFError(8, '[SSL: UNEXPECTED_EOF_WHILE_READING] EOF occurred in violation of protocol (_ssl.c:1033)')))
07/22/2026 10:24:31 WARNING [ThreadPoolExecutor-3_9] OSV vuln fetch failed for MINI-p9rw-r72g-p2m8: HTTPSConnectionPool(host='api.osv.dev', port=443): Max retries exceeded with url: /v1/vulns/MINI-p9rw-r72g-p2m8 (Caused by SSLError(SSLEOFError(8, '[SSL: UNEXPECTED_EOF_WHILE_READING] EOF occurred in violation of protocol (_ssl.c:1033)')))
07/22/2026 10:24:31 WARNING [ThreadPoolExecutor-3_7] OSV vuln fetch failed for MINI-vrpm-vq8p-c7rh: HTTPSConnectionPool(host='api.osv.dev', port=443): Max retries exceeded with url: /v1/vulns/MINI-vrpm-vq8p-c7rh (Caused by SSLError(SSLEOFError(8, '[SSL: UNEXPECTED_EOF_WHILE_READING] EOF occurred in violation of protocol (_ssl.c:1033)')))
07/22/2026 10:24:31 WARNING [ThreadPoolExecutor-3_14] OSV vuln fetch failed for MINI-rvpj-7759-6x26: HTTPSConnectionPool(host='api.osv.dev', port=443): Max retries exceeded with url: /v1/vulns/MINI-rvpj-7759-6x26 (Caused by SSLError(SSLEOFError(8, '[SSL: UNEXPECTED_EOF_WHILE_READING] EOF occurred in violation of protocol (_ssl.c:1033)')))
07/22/2026 10:24:31 WARNING [ThreadPoolExecutor-3_15] OSV vuln fetch failed for MINI-8qc5-7mpg-384w: HTTPSConnectionPool(host='api.osv.dev', port=443): Max retries exceeded with url: /v1/vulns/MINI-8qc5-7mpg-384w (Caused by SSLError(SSLEOFError(8, '[SSL: UNEXPECTED_EOF_WHILE_READING] EOF occurred in violation of protocol (_ssl.c:1033)')))
07/22/2026 10:24:31 WARNING [ThreadPoolExecutor-3_19] OSV vuln fetch failed for MINI-8qcg-5m2g-8qc4: HTTPSConnectionPool(host='api.osv.dev', port=443): Max retries exceeded with url: /v1/vulns/MINI-8qcg-5m2g-8qc4 (Caused by SSLError(SSLEOFError(8, '[SSL: UNEXPECTED_EOF_WHILE_READING] EOF occurred in violation of protocol (_ssl.c:1033)')))
07/22/2026 10:24:31 WARNING [ThreadPoolExecutor-3_17] OSV vuln fetch failed for MINI-q4xr-rgh7-3qx8: HTTPSConnectionPool(host='api.osv.dev', port=443): Max retries exceeded with url: /v1/vulns/MINI-q4xr-rgh7-3qx8 (Caused by SSLError(SSLEOFError(8, '[SSL: UNEXPECTED_EOF_WHILE_READING] EOF occurred in violation of protocol (_ssl.c:1033)')))
07/22/2026 10:24:31 WARNING [ThreadPoolExecutor-3_10] OSV vuln fetch failed for MINI-qpvf-52q8-w4ff: HTTPSConnectionPool(host='api.osv.dev', port=443): Max retries exceeded with url: /v1/vulns/MINI-qpvf-52q8-w4ff (Caused by SSLError(SSLEOFError(8, '[SSL: UNEXPECTED_EOF_WHILE_READING] EOF occurred in violation of protocol (_ssl.c:1033)')))
07/22/2026 10:24:44 WARNING [ThreadPoolExecutor-3_3] OSV vuln fetch failed for MINI-jgc6-rgj2-wfmq: HTTPSConnectionPool(host='api.osv.dev', port=443): Max retries exceeded with url: /v1/vulns/MINI-jgc6-rgj2-wfmq (Caused by SSLError(SSLEOFError(8, '[SSL: UNEXPECTED_EOF_WHILE_READING] EOF occurred in violation of protocol (_ssl.c:1033)')))
07/22/2026 10:24:49 WARNING [ThreadPoolExecutor-3_13] OSV vuln fetch failed for MINI-r2xx-45w2-m8w5: HTTPSConnectionPool(host='api.osv.dev', port=443): Max retries exceeded with url: /v1/vulns/MINI-r2xx-45w2-m8w5 (Caused by SSLError(SSLEOFError(8, '[SSL: UNEXPECTED_EOF_WHILE_READING] EOF occurred in violation of protocol (_ssl.c:1033)')))
07/22/2026 10:28:19 WARNING [ThreadPoolExecutor-3_9] OSV vuln fetch failed for MINI-pxhp-jw3f-7pfp: HTTPSConnectionPool(host='api.osv.dev', port=443): Max retries exceeded with url: /v1/vulns/MINI-pxhp-jw3f-7pfp (Caused by SSLError(SSLEOFError(8, '[SSL: UNEXPECTED_EOF_WHILE_READING] EOF occurred in violation of protocol (_ssl.c:1033)')))
07/22/2026 10:28:19 WARNING [ThreadPoolExecutor-3_14] OSV vuln fetch failed for MINI-r8vx-f8gp-4v4v: HTTPSConnectionPool(host='api.osv.dev', port=443): Max retries exceeded with url: /v1/vulns/MINI-r8vx-f8gp-4v4v (Caused by SSLError(SSLEOFError(8, '[SSL: UNEXPECTED_EOF_WHILE_READING] EOF occurred in violation of protocol (_ssl.c:1033)')))
07/22/2026 10:28:20 WARNING [ThreadPoolExecutor-3_0] OSV vuln fetch failed for MINI-p5hh-9xpw-j67h: HTTPSConnectionPool(host='api.osv.dev', port=443): Max retries exceeded with url: /v1/vulns/MINI-p5hh-9xpw-j67h (Caused by SSLError(SSLEOFError(8, '[SSL: UNEXPECTED_EOF_WHILE_READING] EOF occurred in violation of protocol (_ssl.c:1033)')))
07/22/2026 10:28:20 WARNING [ThreadPoolExecutor-3_18] OSV vuln fetch failed for MINI-xwgv-fv9w-45q9: HTTPSConnectionPool(host='api.osv.dev', port=443): Max retries exceeded with url: /v1/vulns/MINI-xwgv-fv9w-45q9 (Caused by SSLError(SSLEOFError(8, '[SSL: UNEXPECTED_EOF_WHILE_READING] EOF occurred in violation of protocol (_ssl.c:1033)')))
07/22/2026 10:28:19 WARNING [ThreadPoolExecutor-3_13] OSV vuln fetch failed for MINI-r9g9-qqh4-5ff5: HTTPSConnectionPool(host='api.osv.dev', port=443): Max retries exceeded with url: /v1/vulns/MINI-r9g9-qqh4-5ff5 (Caused by SSLError(SSLEOFError(8, '[SSL: UNEXPECTED_EOF_WHILE_READING] EOF occurred in violation of protocol (_ssl.c:1033)')))
07/22/2026 10:28:19 WARNING [ThreadPoolExecutor-3_4] OSV vuln fetch failed for MINI-j3cf-jr77-qfhm: HTTPSConnectionPool(host='api.osv.dev', port=443): Max retries exceeded with url: /v1/vulns/MINI-j3cf-jr77-qfhm (Caused by SSLError(SSLEOFError(8, '[SSL: UNEXPECTED_EOF_WHILE_READING] EOF occurred in violation of protocol (_ssl.c:1033)')))
07/22/2026 10:28:19 WARNING [ThreadPoolExecutor-3_19] OSV vuln fetch failed for MINI-rj8q-8xgh-99c6: HTTPSConnectionPool(host='api.osv.dev', port=443): Max retries exceeded with url: /v1/vulns/MINI-rj8q-8xgh-99c6 (Caused by SSLError(SSLEOFError(8, '[SSL: UNEXPECTED_EOF_WHILE_READING] EOF occurred in violation of protocol (_ssl.c:1033)')))
07/22/2026 10:28:19 WARNING [ThreadPoolExecutor-3_2] OSV vuln fetch failed for MINI-m4j3-6qcf-hmmh: HTTPSConnectionPool(host='api.osv.dev', port=443): Max retries exceeded with url: /v1/vulns/MINI-m4j3-6qcf-hmmh (Caused by SSLError(SSLEOFError(8, '[SSL: UNEXPECTED_EOF_WHILE_READING] EOF occurred in violation of protocol (_ssl.c:1033)')))
07/22/2026 10:28:19 WARNING [ThreadPoolExecutor-3_3] OSV vuln fetch failed for MINI-q74j-5qg5-vhcw: HTTPSConnectionPool(host='api.osv.dev', port=443): Max retries exceeded with url: /v1/vulns/MINI-q74j-5qg5-vhcw (Caused by SSLError(SSLEOFError(8, '[SSL: UNEXPECTED_EOF_WHILE_READING] EOF occurred in violation of protocol (_ssl.c:1033)')))
07/22/2026 10:28:20 WARNING [ThreadPoolExecutor-3_11] OSV vuln fetch failed for MINI-c28f-2w97-56pq: HTTPSConnectionPool(host='api.osv.dev', port=443): Max retries exceeded with url: /v1/vulns/MINI-c28f-2w97-56pq (Caused by SSLError(SSLEOFError(8, '[SSL: UNEXPECTED_EOF_WHILE_READING] EOF occurred in violation of protocol (_ssl.c:1033)')))
07/22/2026 10:28:20 WARNING [ThreadPoolExecutor-3_5] OSV vuln fetch failed for MINI-p3fw-g334-jf4c: HTTPSConnectionPool(host='api.osv.dev', port=443): Max retries exceeded with url: /v1/vulns/MINI-p3fw-g334-jf4c (Caused by SSLError(SSLEOFError(8, '[SSL: UNEXPECTED_EOF_WHILE_READING] EOF occurred in violation of protocol (_ssl.c:1033)')))
07/22/2026 10:28:20 WARNING [ThreadPoolExecutor-3_10] OSV vuln fetch failed for MINI-q7m6-99vm-6f46: HTTPSConnectionPool(host='api.osv.dev', port=443): Max retries exceeded with url: /v1/vulns/MINI-q7m6-99vm-6f46 (Caused by SSLError(SSLEOFError(8, '[SSL: UNEXPECTED_EOF_WHILE_READING] EOF occurred in violation of protocol (_ssl.c:1033)')))
07/22/2026 10:28:19 WARNING [ThreadPoolExecutor-3_15] OSV vuln fetch failed for MINI-p8vw-vhwj-4x78: HTTPSConnectionPool(host='api.osv.dev', port=443): Max retries exceeded with url: /v1/vulns/MINI-p8vw-vhwj-4x78 (Caused by SSLError(SSLEOFError(8, '[SSL: UNEXPECTED_EOF_WHILE_READING] EOF occurred in violation of protocol (_ssl.c:1033)')))
07/22/2026 10:28:20 WARNING [ThreadPoolExecutor-3_17] OSV vuln fetch failed for MINI-qvfp-qghc-8gq4: HTTPSConnectionPool(host='api.osv.dev', port=443): Max retries exceeded with url: /v1/vulns/MINI-qvfp-qghc-8gq4 (Caused by SSLError(SSLEOFError(8, '[SSL: UNEXPECTED_EOF_WHILE_READING] EOF occurred in violation of protocol (_ssl.c:1033)')))
07/22/2026 10:28:19 WARNING [ThreadPoolExecutor-3_12] OSV vuln fetch failed for MINI-jg9m-x3c3-jv85: HTTPSConnectionPool(host='api.osv.dev', port=443): Max retries exceeded with url: /v1/vulns/MINI-jg9m-x3c3-jv85 (Caused by SSLError(SSLEOFError(8, '[SSL: UNEXPECTED_EOF_WHILE_READING] EOF occurred in violation of protocol (_ssl.c:1033)')))
07/22/2026 10:28:19 WARNING [ThreadPoolExecutor-3_6] OSV vuln fetch failed for GHSA-ffqx-q65f-36jf: HTTPSConnectionPool(host='api.osv.dev', port=443): Max retries exceeded with url: /v1/vulns/GHSA-ffqx-q65f-36jf (Caused by SSLError(SSLEOFError(8, '[SSL: UNEXPECTED_EOF_WHILE_READING] EOF occurred in violation of protocol (_ssl.c:1033)')))
07/22/2026 10:28:21 WARNING [ThreadPoolExecutor-3_16] OSV vuln fetch failed for MINI-xj42-qc6g-g92c: HTTPSConnectionPool(host='api.osv.dev', port=443): Max retries exceeded with url: /v1/vulns/MINI-xj42-qc6g-g92c (Caused by SSLError(SSLEOFError(8, '[SSL: UNEXPECTED_EOF_WHILE_READING] EOF occurred in violation of protocol (_ssl.c:1033)')))
07/22/2026 10:28:22 WARNING [ThreadPoolExecutor-3_7] OSV vuln fetch failed for MINI-8xg3-mv56-6jq3: HTTPSConnectionPool(host='api.osv.dev', port=443): Max retries exceeded with url: /v1/vulns/MINI-8xg3-mv56-6jq3 (Caused by SSLError(SSLEOFError(8, '[SSL: UNEXPECTED_EOF_WHILE_READING] EOF occurred in violation of protocol (_ssl.c:1033)')))
07/22/2026 10:28:48 WARNING [ThreadPoolExecutor-3_1] OSV vuln fetch failed for MINI-pm63-vcpp-wcv7: HTTPSConnectionPool(host='api.osv.dev', port=443): Max retries exceeded with url: /v1/vulns/MINI-pm63-vcpp-wcv7 (Caused by SSLError(SSLEOFError(8, '[SSL: UNEXPECTED_EOF_WHILE_READING] EOF occurred in violation of protocol (_ssl.c:1033)')))
07/22/2026 10:29:09 WARNING [ThreadPoolExecutor-3_8] OSV vuln fetch failed for MINI-xfv3-fw2v-h8qc: HTTPSConnectionPool(host='api.osv.dev', port=443): Max retries exceeded with url: /v1/vulns/MINI-xfv3-fw2v-h8qc (Caused by SSLError(SSLEOFError(8, '[SSL: UNEXPECTED_EOF_WHILE_READING] EOF occurred in violation of protocol (_ssl.c:1033)')))
07/22/2026 10:29:27 WARNING [ThreadPoolExecutor-3_10] OSV vuln fetch failed for MINI-grrw-wj5p-m3cr: HTTPSConnectionPool(host='api.osv.dev', port=443): Max retries exceeded with url: /v1/vulns/MINI-grrw-wj5p-m3cr (Caused by SSLError(SSLEOFError(8, '[SSL: UNEXPECTED_EOF_WHILE_READING] EOF occurred in violation of protocol (_ssl.c:1033)')))
07/22/2026 10:29:37 WARNING [ThreadPoolExecutor-3_7] OSV vuln fetch failed for MINI-8q5m-hpj3-cfqj: HTTPSConnectionPool(host='api.osv.dev', port=443): Max retries exceeded with url: /v1/vulns/MINI-8q5m-hpj3-cfqj (Caused by SSLError(SSLEOFError(8, '[SSL: UNEXPECTED_EOF_WHILE_READING] EOF occurred in violation of protocol (_ssl.c:1033)')))
07/22/2026 10:29:37 WARNING [ThreadPoolExecutor-3_1] OSV vuln fetch failed for MINI-9mm4-fxhf-gpx4: HTTPSConnectionPool(host='api.osv.dev', port=443): Max retries exceeded with url: /v1/vulns/MINI-9mm4-fxhf-gpx4 (Caused by SSLError(SSLEOFError(8, '[SSL: UNEXPECTED_EOF_WHILE_READING] EOF occurred in violation of protocol (_ssl.c:1033)')))
07/22/2026 10:29:37 WARNING [ThreadPoolExecutor-3_0] OSV vuln fetch failed for MINI-q45r-gmp7-425r: HTTPSConnectionPool(host='api.osv.dev', port=443): Max retries exceeded with url: /v1/vulns/MINI-q45r-gmp7-425r (Caused by SSLError(SSLEOFError(8, '[SSL: UNEXPECTED_EOF_WHILE_READING] EOF occurred in violation of protocol (_ssl.c:1033)')))
07/22/2026 10:29:37 WARNING [ThreadPoolExecutor-3_11] OSV vuln fetch failed for MINI-jf3r-23g7-5rpj: HTTPSConnectionPool(host='api.osv.dev', port=443): Max retries exceeded with url: /v1/vulns/MINI-jf3r-23g7-5rpj (Caused by SSLError(SSLEOFError(8, '[SSL: UNEXPECTED_EOF_WHILE_READING] EOF occurred in violation of protocol (_ssl.c:1033)')))
07/22/2026 10:29:37 WARNING [ThreadPoolExecutor-3_9] OSV vuln fetch failed for MINI-p8j7-qfxq-q6jc: HTTPSConnectionPool(host='api.osv.dev', port=443): Max retries exceeded with url: /v1/vulns/MINI-p8j7-qfxq-q6jc (Caused by SSLError(SSLEOFError(8, '[SSL: UNEXPECTED_EOF_WHILE_READING] EOF occurred in violation of protocol (_ssl.c:1033)')))
07/22/2026 10:29:37 WARNING [ThreadPoolExecutor-3_15] OSV vuln fetch failed for MINI-gxpr-937m-6vfv: HTTPSConnectionPool(host='api.osv.dev', port=443): Max retries exceeded with url: /v1/vulns/MINI-gxpr-937m-6vfv (Caused by SSLError(SSLEOFError(8, '[SSL: UNEXPECTED_EOF_WHILE_READING] EOF occurred in violation of protocol (_ssl.c:1033)')))
07/22/2026 10:29:37 WARNING [ThreadPoolExecutor-3_17] OSV vuln fetch failed for MINI-fjrc-288f-5m59: HTTPSConnectionPool(host='api.osv.dev', port=443): Max retries exceeded with url: /v1/vulns/MINI-fjrc-288f-5m59 (Caused by SSLError(SSLEOFError(8, '[SSL: UNEXPECTED_EOF_WHILE_READING] EOF occurred in violation of protocol (_ssl.c:1033)')))
07/22/2026 10:29:37 WARNING [ThreadPoolExecutor-3_4] OSV vuln fetch failed for MINI-p73c-p982-pq7p: HTTPSConnectionPool(host='api.osv.dev', port=443): Max retries exceeded with url: /v1/vulns/MINI-p73c-p982-pq7p (Caused by SSLError(SSLEOFError(8, '[SSL: UNEXPECTED_EOF_WHILE_READING] EOF occurred in violation of protocol (_ssl.c:1033)')))
07/22/2026 10:29:37 WARNING [ThreadPoolExecutor-3_18] OSV vuln fetch failed for MINI-m8p7-mxg3-rwg2: HTTPSConnectionPool(host='api.osv.dev', port=443): Max retries exceeded with url: /v1/vulns/MINI-m8p7-mxg3-rwg2 (Caused by SSLError(SSLEOFError(8, '[SSL: UNEXPECTED_EOF_WHILE_READING] EOF occurred in violation of protocol (_ssl.c:1033)')))
07/22/2026 10:29:37 WARNING [ThreadPoolExecutor-3_14] OSV vuln fetch failed for MINI-m6qv-wg58-rrhv: HTTPSConnectionPool(host='api.osv.dev', port=443): Max retries exceeded with url: /v1/vulns/MINI-m6qv-wg58-rrhv (Caused by SSLError(SSLEOFError(8, '[SSL: UNEXPECTED_EOF_WHILE_READING] EOF occurred in violation of protocol (_ssl.c:1033)')))
07/22/2026 10:29:37 WARNING [ThreadPoolExecutor-3_16] OSV vuln fetch failed for MINI-f65v-v6rq-3r2f: HTTPSConnectionPool(host='api.osv.dev', port=443): Max retries exceeded with url: /v1/vulns/MINI-f65v-v6rq-3r2f (Caused by SSLError(SSLEOFError(8, '[SSL: UNEXPECTED_EOF_WHILE_READING] EOF occurred in violation of protocol (_ssl.c:1033)')))
07/22/2026 10:29:37 WARNING [ThreadPoolExecutor-3_3] OSV vuln fetch failed for MINI-7m97-pqmc-5m43: HTTPSConnectionPool(host='api.osv.dev', port=443): Max retries exceeded with url: /v1/vulns/MINI-7m97-pqmc-5m43 (Caused by SSLError(SSLEOFError(8, '[SSL: UNEXPECTED_EOF_WHILE_READING] EOF occurred in violation of protocol (_ssl.c:1033)')))
07/22/2026 10:29:37 WARNING [ThreadPoolExecutor-3_6] OSV vuln fetch failed for MINI-f2p2-gf63-phgv: HTTPSConnectionPool(host='api.osv.dev', port=443): Max retries exceeded with url: /v1/vulns/MINI-f2p2-gf63-phgv (Caused by SSLError(SSLEOFError(8, '[SSL: UNEXPECTED_EOF_WHILE_READING] EOF occurred in violation of protocol (_ssl.c:1033)')))
07/22/2026 10:29:37 WARNING [ThreadPoolExecutor-3_12] OSV vuln fetch failed for MINI-f785-p92w-68rm: HTTPSConnectionPool(host='api.osv.dev', port=443): Max retries exceeded with url: /v1/vulns/MINI-f785-p92w-68rm (Caused by SSLError(SSLEOFError(8, '[SSL: UNEXPECTED_EOF_WHILE_READING] EOF occurred in violation of protocol (_ssl.c:1033)')))
07/22/2026 10:29:37 WARNING [ThreadPoolExecutor-3_13] OSV vuln fetch failed for MINI-pq23-8p27-v29j: HTTPSConnectionPool(host='api.osv.dev', port=443): Max retries exceeded with url: /v1/vulns/MINI-pq23-8p27-v29j (Caused by SSLError(SSLEOFError(8, '[SSL: UNEXPECTED_EOF_WHILE_READING] EOF occurred in violation of protocol (_ssl.c:1033)')))
07/22/2026 10:29:37 WARNING [ThreadPoolExecutor-3_5] OSV vuln fetch failed for MINI-7978-mmj8-hc5r: HTTPSConnectionPool(host='api.osv.dev', port=443): Max retries exceeded with url: /v1/vulns/MINI-7978-mmj8-hc5r (Caused by SSLError(SSLEOFError(8, '[SSL: UNEXPECTED_EOF_WHILE_READING] EOF occurred in violation of protocol (_ssl.c:1033)')))
07/22/2026 10:29:40 WARNING [ThreadPoolExecutor-3_8] OSV vuln fetch failed for MINI-9f29-x7c2-mf6m: HTTPSConnectionPool(host='api.osv.dev', port=443): Max retries exceeded with url: /v1/vulns/MINI-9f29-x7c2-mf6m (Caused by SSLError(SSLEOFError(8, '[SSL: UNEXPECTED_EOF_WHILE_READING] EOF occurred in violation of protocol (_ssl.c:1033)')))
07/22/2026 10:29:40 WARNING [ThreadPoolExecutor-3_2] OSV vuln fetch failed for MINI-m2vw-w9qm-6v57: HTTPSConnectionPool(host='api.osv.dev', port=443): Max retries exceeded with url: /v1/vulns/MINI-m2vw-w9qm-6v57 (Caused by SSLError(SSLEOFError(8, '[SSL: UNEXPECTED_EOF_WHILE_READING] EOF occurred in violation of protocol (_ssl.c:1033)')))
07/22/2026 10:29:40 WARNING [ThreadPoolExecutor-3_19] OSV vuln fetch failed for MINI-mgvq-gx35-phfh: HTTPSConnectionPool(host='api.osv.dev', port=443): Max retries exceeded with url: /v1/vulns/MINI-mgvq-gx35-phfh (Caused by SSLError(SSLEOFError(8, '[SSL: UNEXPECTED_EOF_WHILE_READING] EOF occurred in violation of protocol (_ssl.c:1033)')))
07/22/2026 10:31:52 WARNING [ThreadPoolExecutor-3_16] OSV vuln fetch failed for MINI-5h4q-8vrp-w85g: HTTPSConnectionPool(host='api.osv.dev', port=443): Max retries exceeded with url: /v1/vulns/MINI-5h4q-8vrp-w85g (Caused by SSLError(SSLEOFError(8, '[SSL: UNEXPECTED_EOF_WHILE_READING] EOF occurred in violation of protocol (_ssl.c:1033)')))
07/22/2026 10:32:02 WARNING [ThreadPoolExecutor-3_17] OSV vuln fetch failed for MINI-rcqg-jv3q-c9rj: HTTPSConnectionPool(host='api.osv.dev', port=443): Max retries exceeded with url: /v1/vulns/MINI-rcqg-jv3q-c9rj (Caused by SSLError(SSLEOFError(8, '[SSL: UNEXPECTED_EOF_WHILE_READING] EOF occurred in violation of protocol (_ssl.c:1033)')))
07/22/2026 10:32:02 WARNING [ThreadPoolExecutor-3_6] OSV vuln fetch failed for MINI-prvc-vgv8-63w2: HTTPSConnectionPool(host='api.osv.dev', port=443): Max retries exceeded with url: /v1/vulns/MINI-prvc-vgv8-63w2 (Caused by SSLError(SSLEOFError(8, '[SSL: UNEXPECTED_EOF_WHILE_READING] EOF occurred in violation of protocol (_ssl.c:1033)')))
07/22/2026 10:32:02 WARNING [ThreadPoolExecutor-3_3] OSV vuln fetch failed for MINI-4rvf-8852-9vcm: HTTPSConnectionPool(host='api.osv.dev', port=443): Max retries exceeded with url: /v1/vulns/MINI-4rvf-8852-9vcm (Caused by SSLError(SSLEOFError(8, '[SSL: UNEXPECTED_EOF_WHILE_READING] EOF occurred in violation of protocol (_ssl.c:1033)')))
07/22/2026 10:32:02 WARNING [ThreadPoolExecutor-3_2] OSV vuln fetch failed for MINI-5hxx-pr38-qr6j: HTTPSConnectionPool(host='api.osv.dev', port=443): Max retries exceeded with url: /v1/vulns/MINI-5hxx-pr38-qr6j (Caused by SSLError(SSLEOFError(8, '[SSL: UNEXPECTED_EOF_WHILE_READING] EOF occurred in violation of protocol (_ssl.c:1033)')))
07/22/2026 10:32:02 WARNING [ThreadPoolExecutor-3_9] OSV vuln fetch failed for MINI-5426-2r77-x552: HTTPSConnectionPool(host='api.osv.dev', port=443): Max retries exceeded with url: /v1/vulns/MINI-5426-2r77-x552 (Caused by SSLError(SSLEOFError(8, '[SSL: UNEXPECTED_EOF_WHILE_READING] EOF occurred in violation of protocol (_ssl.c:1033)')))
07/22/2026 10:32:02 WARNING [ThreadPoolExecutor-3_7] OSV vuln fetch failed for MINI-5cvf-gjqf-h92h: HTTPSConnectionPool(host='api.osv.dev', port=443): Max retries exceeded with url: /v1/vulns/MINI-5cvf-gjqf-h92h (Caused by SSLError(SSLEOFError(8, '[SSL: UNEXPECTED_EOF_WHILE_READING] EOF occurred in violation of protocol (_ssl.c:1033)')))
07/22/2026 10:32:02 WARNING [ThreadPoolExecutor-3_13] OSV vuln fetch failed for MINI-mqmp-wmfm-gr7v: HTTPSConnectionPool(host='api.osv.dev', port=443): Max retries exceeded with url: /v1/vulns/MINI-mqmp-wmfm-gr7v (Caused by SSLError(SSLEOFError(8, '[SSL: UNEXPECTED_EOF_WHILE_READING] EOF occurred in violation of protocol (_ssl.c:1033)')))
07/22/2026 10:32:02 WARNING [ThreadPoolExecutor-3_0] OSV vuln fetch failed for MINI-4v87-ppqg-8f77: HTTPSConnectionPool(host='api.osv.dev', port=443): Max retries exceeded with url: /v1/vulns/MINI-4v87-ppqg-8f77 (Caused by SSLError(SSLEOFError(8, '[SSL: UNEXPECTED_EOF_WHILE_READING] EOF occurred in violation of protocol (_ssl.c:1033)')))
07/22/2026 10:32:02 WARNING [ThreadPoolExecutor-3_4] OSV vuln fetch failed for MINI-69gf-q949-9w54: HTTPSConnectionPool(host='api.osv.dev', port=443): Max retries exceeded with url: /v1/vulns/MINI-69gf-q949-9w54 (Caused by SSLError(SSLEOFError(8, '[SSL: UNEXPECTED_EOF_WHILE_READING] EOF occurred in violation of protocol (_ssl.c:1033)')))
07/22/2026 10:32:02 WARNING [ThreadPoolExecutor-3_1] OSV vuln fetch failed for MINI-jw5q-6x7v-3pv7: HTTPSConnectionPool(host='api.osv.dev', port=443): Max retries exceeded with url: /v1/vulns/MINI-jw5q-6x7v-3pv7 (Caused by SSLError(SSLEOFError(8, '[SSL: UNEXPECTED_EOF_WHILE_READING] EOF occurred in violation of protocol (_ssl.c:1033)')))
07/22/2026 10:32:02 WARNING [ThreadPoolExecutor-3_12] OSV vuln fetch failed for MINI-jm8c-v29p-5f25: HTTPSConnectionPool(host='api.osv.dev', port=443): Max retries exceeded with url: /v1/vulns/MINI-jm8c-v29p-5f25 (Caused by SSLError(SSLEOFError(8, '[SSL: UNEXPECTED_EOF_WHILE_READING] EOF occurred in violation of protocol (_ssl.c:1033)')))
07/22/2026 10:32:02 WARNING [ThreadPoolExecutor-3_14] OSV vuln fetch failed for MINI-668g-gmhr-g3c2: HTTPSConnectionPool(host='api.osv.dev', port=443): Max retries exceeded with url: /v1/vulns/MINI-668g-gmhr-g3c2 (Caused by SSLError(SSLEOFError(8, '[SSL: UNEXPECTED_EOF_WHILE_READING] EOF occurred in violation of protocol (_ssl.c:1033)')))
07/22/2026 10:32:02 WARNING [ThreadPoolExecutor-3_15] OSV vuln fetch failed for MINI-725p-7c3q-95wf: HTTPSConnectionPool(host='api.osv.dev', port=443): Max retries exceeded with url: /v1/vulns/MINI-725p-7c3q-95wf (Caused by SSLError(SSLEOFError(8, '[SSL: UNEXPECTED_EOF_WHILE_READING] EOF occurred in violation of protocol (_ssl.c:1033)')))
07/22/2026 10:32:03 WARNING [ThreadPoolExecutor-3_18] OSV vuln fetch failed for MINI-jch7-wjr2-mpw3: HTTPSConnectionPool(host='api.osv.dev', port=443): Max retries exceeded with url: /v1/vulns/MINI-jch7-wjr2-mpw3 (Caused by SSLError(SSLEOFError(8, '[SSL: UNEXPECTED_EOF_WHILE_READING] EOF occurred in violation of protocol (_ssl.c:1033)')))
07/22/2026 10:32:03 WARNING [ThreadPoolExecutor-3_5] OSV vuln fetch failed for MINI-5fwj-qmq5-v8v2: HTTPSConnectionPool(host='api.osv.dev', port=443): Max retries exceeded with url: /v1/vulns/MINI-5fwj-qmq5-v8v2 (Caused by SSLError(SSLEOFError(8, '[SSL: UNEXPECTED_EOF_WHILE_READING] EOF occurred in violation of protocol (_ssl.c:1033)')))
07/22/2026 10:32:03 WARNING [ThreadPoolExecutor-3_19] OSV vuln fetch failed for MINI-5qx9-pr85-w3wx: HTTPSConnectionPool(host='api.osv.dev', port=443): Max retries exceeded with url: /v1/vulns/MINI-5qx9-pr85-w3wx (Caused by SSLError(SSLEOFError(8, '[SSL: UNEXPECTED_EOF_WHILE_READING] EOF occurred in violation of protocol (_ssl.c:1033)')))
07/22/2026 10:32:03 WARNING [ThreadPoolExecutor-3_10] OSV vuln fetch failed for MINI-pf4q-4j7w-x57g: HTTPSConnectionPool(host='api.osv.dev', port=443): Max retries exceeded with url: /v1/vulns/MINI-pf4q-4j7w-x57g (Caused by SSLError(SSLEOFError(8, '[SSL: UNEXPECTED_EOF_WHILE_READING] EOF occurred in violation of protocol (_ssl.c:1033)')))
07/22/2026 10:32:03 WARNING [ThreadPoolExecutor-3_8] OSV vuln fetch failed for MINI-rgfv-947c-j7h2: HTTPSConnectionPool(host='api.osv.dev', port=443): Max retries exceeded with url: /v1/vulns/MINI-rgfv-947c-j7h2 (Caused by SSLError(SSLEOFError(8, '[SSL: UNEXPECTED_EOF_WHILE_READING] EOF occurred in violation of protocol (_ssl.c:1033)')))
07/22/2026 10:32:03 WARNING [ThreadPoolExecutor-3_11] OSV vuln fetch failed for MINI-4x76-pxqc-jh76: HTTPSConnectionPool(host='api.osv.dev', port=443): Max retries exceeded with url: /v1/vulns/MINI-4x76-pxqc-jh76 (Caused by SSLError(SSLEOFError(8, '[SSL: UNEXPECTED_EOF_WHILE_READING] EOF occurred in violation of protocol (_ssl.c:1033)')))
07/22/2026 10:32:43 WARNING [ThreadPoolExecutor-3_0] OSV vuln fetch failed for MINI-gg6q-99jq-fjr5: HTTPSConnectionPool(host='api.osv.dev', port=443): Max retries exceeded with url: /v1/vulns/MINI-gg6q-99jq-fjr5 (Caused by SSLError(SSLEOFError(8, '[SSL: UNEXPECTED_EOF_WHILE_READING] EOF occurred in violation of protocol (_ssl.c:1033)')))
07/22/2026 10:32:43 WARNING [ThreadPoolExecutor-3_14] OSV vuln fetch failed for MINI-fpfx-qqpr-7mrh: HTTPSConnectionPool(host='api.osv.dev', port=443): Max retries exceeded with url: /v1/vulns/MINI-fpfx-qqpr-7mrh (Caused by SSLError(SSLEOFError(8, '[SSL: UNEXPECTED_EOF_WHILE_READING] EOF occurred in violation of protocol (_ssl.c:1033)')))
07/22/2026 10:32:43 WARNING [ThreadPoolExecutor-3_11] OSV vuln fetch failed for MINI-f7vr-qggw-mw6c: HTTPSConnectionPool(host='api.osv.dev', port=443): Max retries exceeded with url: /v1/vulns/MINI-f7vr-qggw-mw6c (Caused by SSLError(SSLEOFError(8, '[SSL: UNEXPECTED_EOF_WHILE_READING] EOF occurred in violation of protocol (_ssl.c:1033)')))
07/22/2026 10:32:43 WARNING [ThreadPoolExecutor-3_9] OSV vuln fetch failed for MINI-h2ww-h5qf-q378: HTTPSConnectionPool(host='api.osv.dev', port=443): Max retries exceeded with url: /v1/vulns/MINI-h2ww-h5qf-q378 (Caused by SSLError(SSLEOFError(8, '[SSL: UNEXPECTED_EOF_WHILE_READING] EOF occurred in violation of protocol (_ssl.c:1033)')))
07/22/2026 10:32:43 WARNING [ThreadPoolExecutor-3_8] OSV vuln fetch failed for MINI-fmjx-jgh9-cjg2: HTTPSConnectionPool(host='api.osv.dev', port=443): Max retries exceeded with url: /v1/vulns/MINI-fmjx-jgh9-cjg2 (Caused by SSLError(SSLEOFError(8, '[SSL: UNEXPECTED_EOF_WHILE_READING] EOF occurred in violation of protocol (_ssl.c:1033)')))
07/22/2026 10:32:43 WARNING [ThreadPoolExecutor-3_19] OSV vuln fetch failed for MINI-gr9r-rj26-w2f4: HTTPSConnectionPool(host='api.osv.dev', port=443): Max retries exceeded with url: /v1/vulns/MINI-gr9r-rj26-w2f4 (Caused by SSLError(SSLEOFError(8, '[SSL: UNEXPECTED_EOF_WHILE_READING] EOF occurred in violation of protocol (_ssl.c:1033)')))
07/22/2026 10:32:43 WARNING [ThreadPoolExecutor-3_16] OSV vuln fetch failed for MINI-pv2f-5wqc-9pwv: HTTPSConnectionPool(host='api.osv.dev', port=443): Max retries exceeded with url: /v1/vulns/MINI-pv2f-5wqc-9pwv (Caused by SSLError(SSLEOFError(8, '[SSL: UNEXPECTED_EOF_WHILE_READING] EOF occurred in violation of protocol (_ssl.c:1033)')))
07/22/2026 10:32:43 WARNING [ThreadPoolExecutor-3_6] OSV vuln fetch failed for MINI-gxwq-543h-39cf: HTTPSConnectionPool(host='api.osv.dev', port=443): Max retries exceeded with url: /v1/vulns/MINI-gxwq-543h-39cf (Caused by SSLError(SSLEOFError(8, '[SSL: UNEXPECTED_EOF_WHILE_READING] EOF occurred in violation of protocol (_ssl.c:1033)')))
07/22/2026 10:32:43 WARNING [ThreadPoolExecutor-3_2] OSV vuln fetch failed for MINI-hhvq-m4f8-gjc5: HTTPSConnectionPool(host='api.osv.dev', port=443): Max retries exceeded with url: /v1/vulns/MINI-hhvq-m4f8-gjc5 (Caused by SSLError(SSLEOFError(8, '[SSL: UNEXPECTED_EOF_WHILE_READING] EOF occurred in violation of protocol (_ssl.c:1033)')))
07/22/2026 10:32:43 WARNING [ThreadPoolExecutor-3_13] OSV vuln fetch failed for MINI-g27r-c53v-2c4p: HTTPSConnectionPool(host='api.osv.dev', port=443): Max retries exceeded with url: /v1/vulns/MINI-g27r-c53v-2c4p (Caused by SSLError(SSLEOFError(8, '[SSL: UNEXPECTED_EOF_WHILE_READING] EOF occurred in violation of protocol (_ssl.c:1033)')))
07/22/2026 10:32:43 WARNING [ThreadPoolExecutor-3_18] OSV vuln fetch failed for MINI-fff3-hq44-cxj7: HTTPSConnectionPool(host='api.osv.dev', port=443): Max retries exceeded with url: /v1/vulns/MINI-fff3-hq44-cxj7 (Caused by SSLError(SSLEOFError(8, '[SSL: UNEXPECTED_EOF_WHILE_READING] EOF occurred in violation of protocol (_ssl.c:1033)')))
07/22/2026 10:32:43 WARNING [ThreadPoolExecutor-3_15] OSV vuln fetch failed for MINI-fpf3-hcff-xf72: HTTPSConnectionPool(host='api.osv.dev', port=443): Max retries exceeded with url: /v1/vulns/MINI-fpf3-hcff-xf72 (Caused by SSLError(SSLEOFError(8, '[SSL: UNEXPECTED_EOF_WHILE_READING] EOF occurred in violation of protocol (_ssl.c:1033)')))
07/22/2026 10:32:43 WARNING [ThreadPoolExecutor-3_1] OSV vuln fetch failed for MINI-h465-x7xv-rv2x: HTTPSConnectionPool(host='api.osv.dev', port=443): Max retries exceeded with url: /v1/vulns/MINI-h465-x7xv-rv2x (Caused by SSLError(SSLEOFError(8, '[SSL: UNEXPECTED_EOF_WHILE_READING] EOF occurred in violation of protocol (_ssl.c:1033)')))
07/22/2026 10:32:43 WARNING [ThreadPoolExecutor-3_3] OSV vuln fetch failed for MINI-j3gh-fxq4-2grr: HTTPSConnectionPool(host='api.osv.dev', port=443): Max retries exceeded with url: /v1/vulns/MINI-j3gh-fxq4-2grr (Caused by SSLError(SSLEOFError(8, '[SSL: UNEXPECTED_EOF_WHILE_READING] EOF occurred in violation of protocol (_ssl.c:1033)')))
07/22/2026 10:32:43 WARNING [ThreadPoolExecutor-3_10] OSV vuln fetch failed for MINI-c24v-fp49-r9hj: HTTPSConnectionPool(host='api.osv.dev', port=443): Max retries exceeded with url: /v1/vulns/MINI-c24v-fp49-r9hj (Caused by SSLError(SSLEOFError(8, '[SSL: UNEXPECTED_EOF_WHILE_READING] EOF occurred in violation of protocol (_ssl.c:1033)')))
07/22/2026 10:32:43 WARNING [ThreadPoolExecutor-3_12] OSV vuln fetch failed for MINI-h82v-82w7-qr3p: HTTPSConnectionPool(host='api.osv.dev', port=443): Max retries exceeded with url: /v1/vulns/MINI-h82v-82w7-qr3p (Caused by SSLError(SSLEOFError(8, '[SSL: UNEXPECTED_EOF_WHILE_READING] EOF occurred in violation of protocol (_ssl.c:1033)')))
07/22/2026 10:32:43 WARNING [ThreadPoolExecutor-3_4] OSV vuln fetch failed for MINI-gc5x-xgj8-vc9q: HTTPSConnectionPool(host='api.osv.dev', port=443): Max retries exceeded with url: /v1/vulns/MINI-gc5x-xgj8-vc9q (Caused by SSLError(SSLEOFError(8, '[SSL: UNEXPECTED_EOF_WHILE_READING] EOF occurred in violation of protocol (_ssl.c:1033)')))
07/22/2026 10:32:52 WARNING [ThreadPoolExecutor-3_17] OSV vuln fetch failed for MINI-7f8m-9gfj-4v4m: HTTPSConnectionPool(host='api.osv.dev', port=443): Max retries exceeded with url: /v1/vulns/MINI-7f8m-9gfj-4v4m (Caused by SSLError(SSLEOFError(8, '[SSL: UNEXPECTED_EOF_WHILE_READING] EOF occurred in violation of protocol (_ssl.c:1033)')))
07/22/2026 10:32:52 WARNING [ThreadPoolExecutor-3_5] OSV vuln fetch failed for MINI-fq8p-fgjf-f7vx: HTTPSConnectionPool(host='api.osv.dev', port=443): Max retries exceeded with url: /v1/vulns/MINI-fq8p-fgjf-f7vx (Caused by SSLError(SSLEOFError(8, '[SSL: UNEXPECTED_EOF_WHILE_READING] EOF occurred in violation of protocol (_ssl.c:1033)')))
07/22/2026 10:35:22 WARNING [ThreadPoolExecutor-3_19] OSV vuln fetch failed for MINI-5g5h-3ccc-6rvq: HTTPSConnectionPool(host='api.osv.dev', port=443): Max retries exceeded with url: /v1/vulns/MINI-5g5h-3ccc-6rvq (Caused by SSLError(SSLEOFError(8, '[SSL: UNEXPECTED_EOF_WHILE_READING] EOF occurred in violation of protocol (_ssl.c:1033)')))
07/22/2026 10:35:22 WARNING [ThreadPoolExecutor-3_2] OSV vuln fetch failed for MINI-6qjx-v54j-3x6j: HTTPSConnectionPool(host='api.osv.dev', port=443): Max retries exceeded with url: /v1/vulns/MINI-6qjx-v54j-3x6j (Caused by SSLError(SSLEOFError(8, '[SSL: UNEXPECTED_EOF_WHILE_READING] EOF occurred in violation of protocol (_ssl.c:1033)')))
07/22/2026 10:35:22 WARNING [ThreadPoolExecutor-3_16] OSV vuln fetch failed for MINI-7q2v-3hf9-p3g7: HTTPSConnectionPool(host='api.osv.dev', port=443): Max retries exceeded with url: /v1/vulns/MINI-7q2v-3hf9-p3g7 (Caused by SSLError(SSLEOFError(8, '[SSL: UNEXPECTED_EOF_WHILE_READING] EOF occurred in violation of protocol (_ssl.c:1033)')))
07/22/2026 10:35:22 WARNING [ThreadPoolExecutor-3_12] OSV vuln fetch failed for MINI-wgcp-wq5g-vgg3: HTTPSConnectionPool(host='api.osv.dev', port=443): Max retries exceeded with url: /v1/vulns/MINI-wgcp-wq5g-vgg3 (Caused by SSLError(SSLEOFError(8, '[SSL: UNEXPECTED_EOF_WHILE_READING] EOF occurred in violation of protocol (_ssl.c:1033)')))
07/22/2026 10:35:22 WARNING [ThreadPoolExecutor-3_15] OSV vuln fetch failed for MINI-4xx2-m7v9-m4fg: HTTPSConnectionPool(host='api.osv.dev', port=443): Max retries exceeded with url: /v1/vulns/MINI-4xx2-m7v9-m4fg (Caused by SSLError(SSLEOFError(8, '[SSL: UNEXPECTED_EOF_WHILE_READING] EOF occurred in violation of protocol (_ssl.c:1033)')))
07/22/2026 10:35:22 WARNING [ThreadPoolExecutor-3_17] OSV vuln fetch failed for MINI-q4j7-rpfj-9p9r: HTTPSConnectionPool(host='api.osv.dev', port=443): Max retries exceeded with url: /v1/vulns/MINI-q4j7-rpfj-9p9r (Caused by SSLError(SSLEOFError(8, '[SSL: UNEXPECTED_EOF_WHILE_READING] EOF occurred in violation of protocol (_ssl.c:1033)')))
07/22/2026 10:35:22 WARNING [ThreadPoolExecutor-3_8] OSV vuln fetch failed for MINI-9mpq-pj96-2f7r: HTTPSConnectionPool(host='api.osv.dev', port=443): Max retries exceeded with url: /v1/vulns/MINI-9mpq-pj96-2f7r (Caused by SSLError(SSLEOFError(8, '[SSL: UNEXPECTED_EOF_WHILE_READING] EOF occurred in violation of protocol (_ssl.c:1033)')))
07/22/2026 10:35:22 WARNING [ThreadPoolExecutor-3_5] OSV vuln fetch failed for MINI-m2fp-rw3g-v654: HTTPSConnectionPool(host='api.osv.dev', port=443): Max retries exceeded with url: /v1/vulns/MINI-m2fp-rw3g-v654 (Caused by SSLError(SSLEOFError(8, '[SSL: UNEXPECTED_EOF_WHILE_READING] EOF occurred in violation of protocol (_ssl.c:1033)')))
07/22/2026 10:35:22 WARNING [ThreadPoolExecutor-3_1] OSV vuln fetch failed for MINI-4q5r-66p4-ppr3: HTTPSConnectionPool(host='api.osv.dev', port=443): Max retries exceeded with url: /v1/vulns/MINI-4q5r-66p4-ppr3 (Caused by SSLError(SSLEOFError(8, '[SSL: UNEXPECTED_EOF_WHILE_READING] EOF occurred in violation of protocol (_ssl.c:1033)')))
07/22/2026 10:35:22 WARNING [ThreadPoolExecutor-3_7] OSV vuln fetch failed for MINI-g634-63qq-36w5: HTTPSConnectionPool(host='api.osv.dev', port=443): Max retries exceeded with url: /v1/vulns/MINI-g634-63qq-36w5 (Caused by SSLError(SSLEOFError(8, '[SSL: UNEXPECTED_EOF_WHILE_READING] EOF occurred in violation of protocol (_ssl.c:1033)')))
07/22/2026 10:35:22 WARNING [ThreadPoolExecutor-3_3] OSV vuln fetch failed for MINI-w4r6-4p63-8cg8: HTTPSConnectionPool(host='api.osv.dev', port=443): Max retries exceeded with url: /v1/vulns/MINI-w4r6-4p63-8cg8 (Caused by SSLError(SSLEOFError(8, '[SSL: UNEXPECTED_EOF_WHILE_READING] EOF occurred in violation of protocol (_ssl.c:1033)')))
07/22/2026 10:35:22 WARNING [ThreadPoolExecutor-3_10] OSV vuln fetch failed for MINI-x787-x96m-j655: HTTPSConnectionPool(host='api.osv.dev', port=443): Max retries exceeded with url: /v1/vulns/MINI-x787-x96m-j655 (Caused by SSLError(SSLEOFError(8, '[SSL: UNEXPECTED_EOF_WHILE_READING] EOF occurred in violation of protocol (_ssl.c:1033)')))
07/22/2026 10:35:22 WARNING [ThreadPoolExecutor-3_13] OSV vuln fetch failed for MINI-4r84-m755-cx8j: HTTPSConnectionPool(host='api.osv.dev', port=443): Max retries exceeded with url: /v1/vulns/MINI-4r84-m755-cx8j (Caused by SSLError(SSLEOFError(8, '[SSL: UNEXPECTED_EOF_WHILE_READING] EOF occurred in violation of protocol (_ssl.c:1033)')))
07/22/2026 10:35:22 WARNING [ThreadPoolExecutor-3_0] OSV vuln fetch failed for MINI-cw53-ww98-g9rp: HTTPSConnectionPool(host='api.osv.dev', port=443): Max retries exceeded with url: /v1/vulns/MINI-cw53-ww98-g9rp (Caused by SSLError(SSLEOFError(8, '[SSL: UNEXPECTED_EOF_WHILE_READING] EOF occurred in violation of protocol (_ssl.c:1033)')))
07/22/2026 10:35:22 WARNING [ThreadPoolExecutor-3_4] OSV vuln fetch failed for MINI-w2x4-f3h9-2gpw: HTTPSConnectionPool(host='api.osv.dev', port=443): Max retries exceeded with url: /v1/vulns/MINI-w2x4-f3h9-2gpw (Caused by SSLError(SSLEOFError(8, '[SSL: UNEXPECTED_EOF_WHILE_READING] EOF occurred in violation of protocol (_ssl.c:1033)')))
07/22/2026 10:35:22 WARNING [ThreadPoolExecutor-3_11] OSV vuln fetch failed for MINI-ch6v-r8jg-6hpj: HTTPSConnectionPool(host='api.osv.dev', port=443): Max retries exceeded with url: /v1/vulns/MINI-ch6v-r8jg-6hpj (Caused by SSLError(SSLEOFError(8, '[SSL: UNEXPECTED_EOF_WHILE_READING] EOF occurred in violation of protocol (_ssl.c:1033)')))
07/22/2026 10:35:22 WARNING [ThreadPoolExecutor-3_14] OSV vuln fetch failed for MINI-85cq-x37g-jc56: HTTPSConnectionPool(host='api.osv.dev', port=443): Max retries exceeded with url: /v1/vulns/MINI-85cq-x37g-jc56 (Caused by SSLError(SSLEOFError(8, '[SSL: UNEXPECTED_EOF_WHILE_READING] EOF occurred in violation of protocol (_ssl.c:1033)')))
07/22/2026 10:35:23 WARNING [ThreadPoolExecutor-3_9] OSV vuln fetch failed for MINI-8493-rcvc-m77h: HTTPSConnectionPool(host='api.osv.dev', port=443): Max retries exceeded with url: /v1/vulns/MINI-8493-rcvc-m77h (Caused by SSLError(SSLEOFError(8, '[SSL: UNEXPECTED_EOF_WHILE_READING] EOF occurred in violation of protocol (_ssl.c:1033)')))
07/22/2026 10:35:23 WARNING [ThreadPoolExecutor-3_18] OSV vuln fetch failed for MINI-76m8-3g6v-jr6x: HTTPSConnectionPool(host='api.osv.dev', port=443): Max retries exceeded with url: /v1/vulns/MINI-76m8-3g6v-jr6x (Caused by SSLError(SSLEOFError(8, '[SSL: UNEXPECTED_EOF_WHILE_READING] EOF occurred in violation of protocol (_ssl.c:1033)')))
07/22/2026 10:37:21 WARNING [ThreadPoolExecutor-3_3] OSV vuln fetch failed for MINI-qwf3-528r-5rg3: HTTPSConnectionPool(host='api.osv.dev', port=443): Max retries exceeded with url: /v1/vulns/MINI-qwf3-528r-5rg3 (Caused by SSLError(SSLEOFError(8, '[SSL: UNEXPECTED_EOF_WHILE_READING] EOF occurred in violation of protocol (_ssl.c:1033)')))
07/22/2026 10:37:21 WARNING [ThreadPoolExecutor-3_1] OSV vuln fetch failed for MINI-qvj8-ww4h-g9w2: HTTPSConnectionPool(host='api.osv.dev', port=443): Max retries exceeded with url: /v1/vulns/MINI-qvj8-ww4h-g9w2 (Caused by SSLError(SSLEOFError(8, '[SSL: UNEXPECTED_EOF_WHILE_READING] EOF occurred in violation of protocol (_ssl.c:1033)')))
07/22/2026 10:37:21 WARNING [ThreadPoolExecutor-3_7] OSV vuln fetch failed for MINI-pmv7-gwg5-2f9f: HTTPSConnectionPool(host='api.osv.dev', port=443): Max retries exceeded with url: /v1/vulns/MINI-pmv7-gwg5-2f9f (Caused by SSLError(SSLEOFError(8, '[SSL: UNEXPECTED_EOF_WHILE_READING] EOF occurred in violation of protocol (_ssl.c:1033)')))
07/22/2026 10:36:50 WARNING [ThreadPoolExecutor-3_14] OSV vuln fetch failed for MINI-7hm6-j2cm-fxx6: HTTPSConnectionPool(host='api.osv.dev', port=443): Max retries exceeded with url: /v1/vulns/MINI-7hm6-j2cm-fxx6 (Caused by NameResolutionError("HTTPSConnection(host='api.osv.dev', port=443): Failed to resolve 'api.osv.dev' ([Errno -3] Temporary failure in name resolution)"))
07/22/2026 10:37:21 WARNING [ThreadPoolExecutor-3_10] OSV vuln fetch failed for MINI-pmg9-v6pv-h82p: HTTPSConnectionPool(host='api.osv.dev', port=443): Max retries exceeded with url: /v1/vulns/MINI-pmg9-v6pv-h82p (Caused by SSLError(SSLEOFError(8, '[SSL: UNEXPECTED_EOF_WHILE_READING] EOF occurred in violation of protocol (_ssl.c:1033)')))
07/22/2026 10:37:21 WARNING [ThreadPoolExecutor-3_11] OSV vuln fetch failed for MINI-j4p8-748v-7qvw: HTTPSConnectionPool(host='api.osv.dev', port=443): Max retries exceeded with url: /v1/vulns/MINI-j4p8-748v-7qvw (Caused by SSLError(SSLEOFError(8, '[SSL: UNEXPECTED_EOF_WHILE_READING] EOF occurred in violation of protocol (_ssl.c:1033)')))
07/22/2026 10:37:21 WARNING [ThreadPoolExecutor-3_6] OSV vuln fetch failed for MINI-72m8-9q5m-xjw8: HTTPSConnectionPool(host='api.osv.dev', port=443): Max retries exceeded with url: /v1/vulns/MINI-72m8-9q5m-xjw8 (Caused by SSLError(SSLEOFError(8, '[SSL: UNEXPECTED_EOF_WHILE_READING] EOF occurred in violation of protocol (_ssl.c:1033)')))
07/22/2026 10:37:21 WARNING [ThreadPoolExecutor-3_19] OSV vuln fetch failed for MINI-pjr9-7wxm-c67j: HTTPSConnectionPool(host='api.osv.dev', port=443): Max retries exceeded with url: /v1/vulns/MINI-pjr9-7wxm-c67j (Caused by SSLError(SSLEOFError(8, '[SSL: UNEXPECTED_EOF_WHILE_READING] EOF occurred in violation of protocol (_ssl.c:1033)')))
07/22/2026 10:37:21 WARNING [ThreadPoolExecutor-3_15] OSV vuln fetch failed for MINI-q83w-cvjh-g5cc: HTTPSConnectionPool(host='api.osv.dev', port=443): Max retries exceeded with url: /v1/vulns/MINI-q83w-cvjh-g5cc (Caused by SSLError(SSLEOFError(8, '[SSL: UNEXPECTED_EOF_WHILE_READING] EOF occurred in violation of protocol (_ssl.c:1033)')))
07/22/2026 10:37:21 WARNING [ThreadPoolExecutor-3_8] OSV vuln fetch failed for MINI-8262-x24p-fgp5: HTTPSConnectionPool(host='api.osv.dev', port=443): Max retries exceeded with url: /v1/vulns/MINI-8262-x24p-fgp5 (Caused by SSLError(SSLEOFError(8, '[SSL: UNEXPECTED_EOF_WHILE_READING] EOF occurred in violation of protocol (_ssl.c:1033)')))
07/22/2026 10:37:21 WARNING [ThreadPoolExecutor-3_12] OSV vuln fetch failed for MINI-wm8p-794c-6v6f: HTTPSConnectionPool(host='api.osv.dev', port=443): Max retries exceeded with url: /v1/vulns/MINI-wm8p-794c-6v6f (Caused by SSLError(SSLEOFError(8, '[SSL: UNEXPECTED_EOF_WHILE_READING] EOF occurred in violation of protocol (_ssl.c:1033)')))
07/22/2026 10:37:21 WARNING [ThreadPoolExecutor-3_5] OSV vuln fetch failed for MINI-8gg8-92wq-w6g9: HTTPSConnectionPool(host='api.osv.dev', port=443): Max retries exceeded with url: /v1/vulns/MINI-8gg8-92wq-w6g9 (Caused by SSLError(SSLEOFError(8, '[SSL: UNEXPECTED_EOF_WHILE_READING] EOF occurred in violation of protocol (_ssl.c:1033)')))
07/22/2026 10:37:21 WARNING [ThreadPoolExecutor-3_18] OSV vuln fetch failed for MINI-hx28-f59m-q9c8: HTTPSConnectionPool(host='api.osv.dev', port=443): Max retries exceeded with url: /v1/vulns/MINI-hx28-f59m-q9c8 (Caused by SSLError(SSLEOFError(8, '[SSL: UNEXPECTED_EOF_WHILE_READING] EOF occurred in violation of protocol (_ssl.c:1033)')))
07/22/2026 10:37:21 WARNING [ThreadPoolExecutor-3_13] OSV vuln fetch failed for MINI-pjm5-hg4r-cvg6: HTTPSConnectionPool(host='api.osv.dev', port=443): Max retries exceeded with url: /v1/vulns/MINI-pjm5-hg4r-cvg6 (Caused by SSLError(SSLEOFError(8, '[SSL: UNEXPECTED_EOF_WHILE_READING] EOF occurred in violation of protocol (_ssl.c:1033)')))
07/22/2026 10:37:21 WARNING [ThreadPoolExecutor-3_2] OSV vuln fetch failed for MINI-xf82-4wxr-pcvr: HTTPSConnectionPool(host='api.osv.dev', port=443): Max retries exceeded with url: /v1/vulns/MINI-xf82-4wxr-pcvr (Caused by SSLError(SSLEOFError(8, '[SSL: UNEXPECTED_EOF_WHILE_READING] EOF occurred in violation of protocol (_ssl.c:1033)')))
07/22/2026 10:37:21 WARNING [ThreadPoolExecutor-3_0] OSV vuln fetch failed for MINI-mwhv-9mpc-mvm2: HTTPSConnectionPool(host='api.osv.dev', port=443): Max retries exceeded with url: /v1/vulns/MINI-mwhv-9mpc-mvm2 (Caused by SSLError(SSLEOFError(8, '[SSL: UNEXPECTED_EOF_WHILE_READING] EOF occurred in violation of protocol (_ssl.c:1033)')))
07/22/2026 10:37:54 WARNING [ThreadPoolExecutor-3_9] OSV vuln fetch failed for MINI-mwcw-5qqv-6vxh: HTTPSConnectionPool(host='api.osv.dev', port=443): Max retries exceeded with url: /v1/vulns/MINI-mwcw-5qqv-6vxh (Caused by SSLError(SSLEOFError(8, '[SSL: UNEXPECTED_EOF_WHILE_READING] EOF occurred in violation of protocol (_ssl.c:1033)')))
07/22/2026 10:37:56 WARNING [ThreadPoolExecutor-3_4] OSV vuln fetch failed for MINI-j8x9-w4m9-cw8m: HTTPSConnectionPool(host='api.osv.dev', port=443): Max retries exceeded with url: /v1/vulns/MINI-j8x9-w4m9-cw8m (Caused by SSLError(SSLEOFError(8, '[SSL: UNEXPECTED_EOF_WHILE_READING] EOF occurred in violation of protocol (_ssl.c:1033)')))
07/22/2026 10:37:56 WARNING [ThreadPoolExecutor-3_12] OSV vuln fetch failed for MINI-g5pc-r32w-ffwj: HTTPSConnectionPool(host='api.osv.dev', port=443): Max retries exceeded with url: /v1/vulns/MINI-g5pc-r32w-ffwj (Caused by SSLError(SSLError(5, '[SSL: UNEXPECTED_EOF_WHILE_READING] unexpected eof while reading (_ssl.c:2658)')))
07/22/2026 10:37:58 WARNING [ThreadPoolExecutor-3_7] OSV vuln fetch failed for MINI-hp63-5f8f-g6xx: HTTPSConnectionPool(host='api.osv.dev', port=443): Max retries exceeded with url: /v1/vulns/MINI-hp63-5f8f-g6xx (Caused by SSLError(SSLError(5, '[SSL: UNEXPECTED_EOF_WHILE_READING] unexpected eof while reading (_ssl.c:2658)')))
07/22/2026 10:37:58 WARNING [ThreadPoolExecutor-3_13] OSV vuln fetch failed for MINI-8xc8-5gjw-hjx4: HTTPSConnectionPool(host='api.osv.dev', port=443): Max retries exceeded with url: /v1/vulns/MINI-8xc8-5gjw-hjx4 (Caused by SSLError(SSLError(5, '[SSL: UNEXPECTED_EOF_WHILE_READING] unexpected eof while reading (_ssl.c:2658)')))
07/22/2026 10:37:58 WARNING [ThreadPoolExecutor-3_17] OSV vuln fetch failed for MINI-pj3w-3jgw-v44w: HTTPSConnectionPool(host='api.osv.dev', port=443): Max retries exceeded with url: /v1/vulns/MINI-pj3w-3jgw-v44w (Caused by SSLError(SSLEOFError(8, '[SSL: UNEXPECTED_EOF_WHILE_READING] EOF occurred in violation of protocol (_ssl.c:1033)')))
07/22/2026 10:37:58 WARNING [ThreadPoolExecutor-3_0] OSV vuln fetch failed for MINI-89rx-q53r-5mgh: HTTPSConnectionPool(host='api.osv.dev', port=443): Max retries exceeded with url: /v1/vulns/MINI-89rx-q53r-5mgh (Caused by SSLError(SSLError(5, '[SSL: UNEXPECTED_EOF_WHILE_READING] unexpected eof while reading (_ssl.c:2658)')))
07/22/2026 10:37:58 WARNING [ThreadPoolExecutor-3_2] OSV vuln fetch failed for MINI-8h99-rmfx-4jvg: HTTPSConnectionPool(host='api.osv.dev', port=443): Max retries exceeded with url: /v1/vulns/MINI-8h99-rmfx-4jvg (Caused by SSLError(SSLError(5, '[SSL: UNEXPECTED_EOF_WHILE_READING] unexpected eof while reading (_ssl.c:2658)')))
07/22/2026 10:37:58 WARNING [ThreadPoolExecutor-3_10] OSV vuln fetch failed for MINI-j8f4-p7gx-jph8: HTTPSConnectionPool(host='api.osv.dev', port=443): Max retries exceeded with url: /v1/vulns/MINI-j8f4-p7gx-jph8 (Caused by SSLError(SSLError(5, '[SSL: UNEXPECTED_EOF_WHILE_READING] unexpected eof while reading (_ssl.c:2658)')))
07/22/2026 10:37:58 WARNING [ThreadPoolExecutor-3_5] OSV vuln fetch failed for MINI-fghc-hmxg-cmjj: HTTPSConnectionPool(host='api.osv.dev', port=443): Max retries exceeded with url: /v1/vulns/MINI-fghc-hmxg-cmjj (Caused by SSLError(SSLError(5, '[SSL: UNEXPECTED_EOF_WHILE_READING] unexpected eof while reading (_ssl.c:2658)')))
07/22/2026 10:37:58 WARNING [ThreadPoolExecutor-3_18] OSV vuln fetch failed for MINI-9f48-hx76-x6rf: HTTPSConnectionPool(host='api.osv.dev', port=443): Max retries exceeded with url: /v1/vulns/MINI-9f48-hx76-x6rf (Caused by SSLError(SSLError(5, '[SSL: UNEXPECTED_EOF_WHILE_READING] unexpected eof while reading (_ssl.c:2658)')))
07/22/2026 10:37:58 WARNING [ThreadPoolExecutor-3_1] OSV vuln fetch failed for MINI-hv35-f2x7-6x6g: HTTPSConnectionPool(host='api.osv.dev', port=443): Max retries exceeded with url: /v1/vulns/MINI-hv35-f2x7-6x6g (Caused by SSLError(SSLError(5, '[SSL: UNEXPECTED_EOF_WHILE_READING] unexpected eof while reading (_ssl.c:2658)')))
07/22/2026 10:37:58 WARNING [ThreadPoolExecutor-3_11] OSV vuln fetch failed for MINI-5x49-vpqj-qg8x: ('Connection aborted.', BrokenPipeError(32, 'Broken pipe'))
07/22/2026 10:37:58 WARNING [ThreadPoolExecutor-3_3] OSV vuln fetch failed for MINI-j523-c33w-8c46: HTTPSConnectionPool(host='api.osv.dev', port=443): Max retries exceeded with url: /v1/vulns/MINI-j523-c33w-8c46 (Caused by SSLError(SSLError(5, '[SSL: UNEXPECTED_EOF_WHILE_READING] unexpected eof while reading (_ssl.c:2658)')))
07/22/2026 10:37:58 WARNING [ThreadPoolExecutor-3_14] OSV vuln fetch failed for MINI-m286-w958-86pc: HTTPSConnectionPool(host='api.osv.dev', port=443): Max retries exceeded with url: /v1/vulns/MINI-m286-w958-86pc (Caused by SSLError(SSLError(5, '[SSL: UNEXPECTED_EOF_WHILE_READING] unexpected eof while reading (_ssl.c:2658)')))
07/22/2026 10:37:58 WARNING [ThreadPoolExecutor-3_15] OSV vuln fetch failed for MINI-c6wj-xvh7-pc2v: HTTPSConnectionPool(host='api.osv.dev', port=443): Max retries exceeded with url: /v1/vulns/MINI-c6wj-xvh7-pc2v (Caused by SSLError(SSLError(5, '[SSL: UNEXPECTED_EOF_WHILE_READING] unexpected eof while reading (_ssl.c:2658)')))
07/22/2026 10:37:58 WARNING [ThreadPoolExecutor-3_8] OSV vuln fetch failed for MINI-f2xx-cp5m-5hjw: HTTPSConnectionPool(host='api.osv.dev', port=443): Max retries exceeded with url: /v1/vulns/MINI-f2xx-cp5m-5hjw (Caused by SSLError(SSLError(5, '[SSL: UNEXPECTED_EOF_WHILE_READING] unexpected eof while reading (_ssl.c:2658)')))
07/22/2026 10:38:06 WARNING [ThreadPoolExecutor-3_16] OSV vuln fetch failed for MINI-x333-gf5x-9wj3: HTTPSConnectionPool(host='api.osv.dev', port=443): Max retries exceeded with url: /v1/vulns/MINI-x333-gf5x-9wj3 (Caused by SSLError(SSLEOFError(8, '[SSL: UNEXPECTED_EOF_WHILE_READING] EOF occurred in violation of protocol (_ssl.c:1033)')))
07/22/2026 10:38:45 WARNING [ThreadPoolExecutor-3_3] OSV vuln fetch failed for MINI-4qcp-w53f-qphf: HTTPSConnectionPool(host='api.osv.dev', port=443): Max retries exceeded with url: /v1/vulns/MINI-4qcp-w53f-qphf (Caused by SSLError(SSLEOFError(8, '[SSL: UNEXPECTED_EOF_WHILE_READING] EOF occurred in violation of protocol (_ssl.c:1033)')))
07/22/2026 10:38:45 WARNING [ThreadPoolExecutor-3_6] OSV vuln fetch failed for MINI-75w5-m3qp-wv3r: HTTPSConnectionPool(host='api.osv.dev', port=443): Max retries exceeded with url: /v1/vulns/MINI-75w5-m3qp-wv3r (Caused by SSLError(SSLEOFError(8, '[SSL: UNEXPECTED_EOF_WHILE_READING] EOF occurred in violation of protocol (_ssl.c:1033)')))
07/22/2026 10:38:48 WARNING [ThreadPoolExecutor-3_18] OSV vuln fetch failed for MINI-57h8-hpwv-gx2q: HTTPSConnectionPool(host='api.osv.dev', port=443): Max retries exceeded with url: /v1/vulns/MINI-57h8-hpwv-gx2q (Caused by SSLError(SSLEOFError(8, '[SSL: UNEXPECTED_EOF_WHILE_READING] EOF occurred in violation of protocol (_ssl.c:1033)')))
07/22/2026 10:38:48 WARNING [ThreadPoolExecutor-3_13] OSV vuln fetch failed for MINI-6ccp-79fh-q9q6: HTTPSConnectionPool(host='api.osv.dev', port=443): Max retries exceeded with url: /v1/vulns/MINI-6ccp-79fh-q9q6 (Caused by SSLError(SSLEOFError(8, '[SSL: UNEXPECTED_EOF_WHILE_READING] EOF occurred in violation of protocol (_ssl.c:1033)')))
07/22/2026 10:38:48 WARNING [ThreadPoolExecutor-3_2] OSV vuln fetch failed for MINI-5wq5-w9gh-6639: HTTPSConnectionPool(host='api.osv.dev', port=443): Max retries exceeded with url: /v1/vulns/MINI-5wq5-w9gh-6639 (Caused by SSLError(SSLEOFError(8, '[SSL: UNEXPECTED_EOF_WHILE_READING] EOF occurred in violation of protocol (_ssl.c:1033)')))
07/22/2026 10:38:48 WARNING [ThreadPoolExecutor-3_4] OSV vuln fetch failed for MINI-7qvv-wgxm-5r5g: HTTPSConnectionPool(host='api.osv.dev', port=443): Max retries exceeded with url: /v1/vulns/MINI-7qvv-wgxm-5r5g (Caused by SSLError(SSLEOFError(8, '[SSL: UNEXPECTED_EOF_WHILE_READING] EOF occurred in violation of protocol (_ssl.c:1033)')))
07/22/2026 10:38:51 WARNING [ThreadPoolExecutor-3_15] OSV vuln fetch failed for MINI-47c6-j53g-g9rq: HTTPSConnectionPool(host='api.osv.dev', port=443): Max retries exceeded with url: /v1/vulns/MINI-47c6-j53g-g9rq (Caused by SSLError(SSLEOFError(8, '[SSL: UNEXPECTED_EOF_WHILE_READING] EOF occurred in violation of protocol (_ssl.c:1033)')))
07/22/2026 10:38:51 WARNING [ThreadPoolExecutor-3_10] OSV vuln fetch failed for MINI-5597-j859-7rcw: HTTPSConnectionPool(host='api.osv.dev', port=443): Max retries exceeded with url: /v1/vulns/MINI-5597-j859-7rcw (Caused by SSLError(SSLEOFError(8, '[SSL: UNEXPECTED_EOF_WHILE_READING] EOF occurred in violation of protocol (_ssl.c:1033)')))
07/22/2026 10:38:48 WARNING [ThreadPoolExecutor-3_5] OSV vuln fetch failed for MINI-496g-v3w4-4j96: HTTPSConnectionPool(host='api.osv.dev', port=443): Max retries exceeded with url: /v1/vulns/MINI-496g-v3w4-4j96 (Caused by SSLError(SSLEOFError(8, '[SSL: UNEXPECTED_EOF_WHILE_READING] EOF occurred in violation of protocol (_ssl.c:1033)')))
07/22/2026 10:38:55 WARNING [ThreadPoolExecutor-3_19] OSV vuln fetch failed for MINI-6fj3-65f4-59xh: HTTPSConnectionPool(host='api.osv.dev', port=443): Max retries exceeded with url: /v1/vulns/MINI-6fj3-65f4-59xh (Caused by SSLError(SSLEOFError(8, '[SSL: UNEXPECTED_EOF_WHILE_READING] EOF occurred in violation of protocol (_ssl.c:1033)')))
07/22/2026 10:39:00 WARNING [ThreadPoolExecutor-3_12] OSV vuln fetch failed for MINI-6996-wxf8-m5mx: HTTPSConnectionPool(host='api.osv.dev', port=443): Max retries exceeded with url: /v1/vulns/MINI-6996-wxf8-m5mx (Caused by SSLError(SSLEOFError(8, '[SSL: UNEXPECTED_EOF_WHILE_READING] EOF occurred in violation of protocol (_ssl.c:1033)')))
07/22/2026 10:39:09 WARNING [ThreadPoolExecutor-3_17] OSV vuln fetch failed for MINI-7fh2-23h4-rx2x: HTTPSConnectionPool(host='api.osv.dev', port=443): Max retries exceeded with url: /v1/vulns/MINI-7fh2-23h4-rx2x (Caused by SSLError(SSLEOFError(8, '[SSL: UNEXPECTED_EOF_WHILE_READING] EOF occurred in violation of protocol (_ssl.c:1033)')))
07/22/2026 10:39:09 WARNING [ThreadPoolExecutor-3_14] OSV vuln fetch failed for MINI-4qj2-hcxx-rq28: HTTPSConnectionPool(host='api.osv.dev', port=443): Max retries exceeded with url: /v1/vulns/MINI-4qj2-hcxx-rq28 (Caused by SSLError(SSLEOFError(8, '[SSL: UNEXPECTED_EOF_WHILE_READING] EOF occurred in violation of protocol (_ssl.c:1033)')))
07/22/2026 10:39:04 WARNING [ThreadPoolExecutor-3_8] OSV vuln fetch failed for MINI-4f6w-vqrj-f9v7: HTTPSConnectionPool(host='api.osv.dev', port=443): Max retries exceeded with url: /v1/vulns/MINI-4f6w-vqrj-f9v7 (Caused by SSLError(SSLEOFError(8, '[SSL: UNEXPECTED_EOF_WHILE_READING] EOF occurred in violation of protocol (_ssl.c:1033)')))
07/22/2026 10:39:08 WARNING [ThreadPoolExecutor-3_11] OSV vuln fetch failed for MINI-48cg-j895-qp2w: HTTPSConnectionPool(host='api.osv.dev', port=443): Max retries exceeded with url: /v1/vulns/MINI-48cg-j895-qp2w (Caused by SSLError(SSLEOFError(8, '[SSL: UNEXPECTED_EOF_WHILE_READING] EOF occurred in violation of protocol (_ssl.c:1033)')))
07/22/2026 10:39:02 WARNING [ThreadPoolExecutor-3_9] OSV vuln fetch failed for MINI-6hg9-35cp-2mww: HTTPSConnectionPool(host='api.osv.dev', port=443): Max retries exceeded with url: /v1/vulns/MINI-6hg9-35cp-2mww (Caused by SSLError(SSLEOFError(8, '[SSL: UNEXPECTED_EOF_WHILE_READING] EOF occurred in violation of protocol (_ssl.c:1033)')))
07/22/2026 10:39:13 WARNING [ThreadPoolExecutor-3_0] OSV vuln fetch failed for MINI-7q63-cj62-2344: HTTPSConnectionPool(host='api.osv.dev', port=443): Max retries exceeded with url: /v1/vulns/MINI-7q63-cj62-2344 (Caused by SSLError(SSLEOFError(8, '[SSL: UNEXPECTED_EOF_WHILE_READING] EOF occurred in violation of protocol (_ssl.c:1033)')))
07/22/2026 10:39:18 WARNING [ThreadPoolExecutor-3_1] OSV vuln fetch failed for MINI-532c-4x6r-ccmf: HTTPSConnectionPool(host='api.osv.dev', port=443): Max retries exceeded with url: /v1/vulns/MINI-532c-4x6r-ccmf (Caused by SSLError(SSLEOFError(8, '[SSL: UNEXPECTED_EOF_WHILE_READING] EOF occurred in violation of protocol (_ssl.c:1033)')))
07/22/2026 10:39:24 WARNING [ThreadPoolExecutor-3_7] OSV vuln fetch failed for MINI-6g27-9jqw-g4mg: HTTPSConnectionPool(host='api.osv.dev', port=443): Max retries exceeded with url: /v1/vulns/MINI-6g27-9jqw-g4mg (Caused by SSLError(SSLEOFError(8, '[SSL: UNEXPECTED_EOF_WHILE_READING] EOF occurred in violation of protocol (_ssl.c:1033)')))
07/22/2026 10:39:41 WARNING [ThreadPoolExecutor-3_6] OSV vuln fetch failed for MINI-4284-wcr9-h9gm: HTTPSConnectionPool(host='api.osv.dev', port=443): Max retries exceeded with url: /v1/vulns/MINI-4284-wcr9-h9gm (Caused by SSLError(SSLEOFError(8, '[SSL: UNEXPECTED_EOF_WHILE_READING] EOF occurred in violation of protocol (_ssl.c:1033)')))
07/22/2026 10:40:03 WARNING [ThreadPoolExecutor-3_14] OSV vuln fetch failed for MINI-2q5f-j8pj-rgwr: HTTPSConnectionPool(host='api.osv.dev', port=443): Max retries exceeded with url: /v1/vulns/MINI-2q5f-j8pj-rgwr (Caused by SSLError(SSLEOFError(8, '[SSL: UNEXPECTED_EOF_WHILE_READING] EOF occurred in violation of protocol (_ssl.c:1033)')))
07/22/2026 10:40:03 WARNING [ThreadPoolExecutor-3_5] OSV vuln fetch failed for MINI-3884-4g6c-qv3g: HTTPSConnectionPool(host='api.osv.dev', port=443): Max retries exceeded with url: /v1/vulns/MINI-3884-4g6c-qv3g (Caused by SSLError(SSLEOFError(8, '[SSL: UNEXPECTED_EOF_WHILE_READING] EOF occurred in violation of protocol (_ssl.c:1033)')))
07/22/2026 10:40:03 WARNING [ThreadPoolExecutor-3_9] OSV vuln fetch failed for MINI-374c-2mg4-gh6c: HTTPSConnectionPool(host='api.osv.dev', port=443): Max retries exceeded with url: /v1/vulns/MINI-374c-2mg4-gh6c (Caused by SSLError(SSLEOFError(8, '[SSL: UNEXPECTED_EOF_WHILE_READING] EOF occurred in violation of protocol (_ssl.c:1033)')))
07/22/2026 10:40:03 WARNING [ThreadPoolExecutor-3_12] OSV vuln fetch failed for MINI-36r3-jwmq-9cj2: HTTPSConnectionPool(host='api.osv.dev', port=443): Max retries exceeded with url: /v1/vulns/MINI-36r3-jwmq-9cj2 (Caused by SSLError(SSLEOFError(8, '[SSL: UNEXPECTED_EOF_WHILE_READING] EOF occurred in violation of protocol (_ssl.c:1033)')))
07/22/2026 10:40:03 WARNING [ThreadPoolExecutor-3_8] OSV vuln fetch failed for MINI-3m6j-x6q5-p866: HTTPSConnectionPool(host='api.osv.dev', port=443): Max retries exceeded with url: /v1/vulns/MINI-3m6j-x6q5-p866 (Caused by SSLError(SSLEOFError(8, '[SSL: UNEXPECTED_EOF_WHILE_READING] EOF occurred in violation of protocol (_ssl.c:1033)')))
07/22/2026 10:40:03 WARNING [ThreadPoolExecutor-3_10] OSV vuln fetch failed for MINI-3wqm-c8v8-528q: HTTPSConnectionPool(host='api.osv.dev', port=443): Max retries exceeded with url: /v1/vulns/MINI-3wqm-c8v8-528q (Caused by SSLError(SSLEOFError(8, '[SSL: UNEXPECTED_EOF_WHILE_READING] EOF occurred in violation of protocol (_ssl.c:1033)')))
07/22/2026 10:40:03 WARNING [ThreadPoolExecutor-3_3] OSV vuln fetch failed for MINI-46g5-q74p-99w2: HTTPSConnectionPool(host='api.osv.dev', port=443): Max retries exceeded with url: /v1/vulns/MINI-46g5-q74p-99w2 (Caused by SSLError(SSLEOFError(8, '[SSL: UNEXPECTED_EOF_WHILE_READING] EOF occurred in violation of protocol (_ssl.c:1033)')))
07/22/2026 10:40:03 WARNING [ThreadPoolExecutor-3_1] OSV vuln fetch failed for MINI-27jj-4gw2-gg59: HTTPSConnectionPool(host='api.osv.dev', port=443): Max retries exceeded with url: /v1/vulns/MINI-27jj-4gw2-gg59 (Caused by SSLError(SSLEOFError(8, '[SSL: UNEXPECTED_EOF_WHILE_READING] EOF occurred in violation of protocol (_ssl.c:1033)')))
07/22/2026 10:40:03 WARNING [ThreadPoolExecutor-3_17] OSV vuln fetch failed for MINI-3qrc-hh2c-6324: HTTPSConnectionPool(host='api.osv.dev', port=443): Max retries exceeded with url: /v1/vulns/MINI-3qrc-hh2c-6324 (Caused by SSLError(SSLEOFError(8, '[SSL: UNEXPECTED_EOF_WHILE_READING] EOF occurred in violation of protocol (_ssl.c:1033)')))
07/22/2026 10:40:03 WARNING [ThreadPoolExecutor-3_16] OSV vuln fetch failed for MINI-43g3-m8hg-xcfj: HTTPSConnectionPool(host='api.osv.dev', port=443): Max retries exceeded with url: /v1/vulns/MINI-43g3-m8hg-xcfj (Caused by SSLError(SSLEOFError(8, '[SSL: UNEXPECTED_EOF_WHILE_READING] EOF occurred in violation of protocol (_ssl.c:1033)')))
07/22/2026 10:40:03 WARNING [ThreadPoolExecutor-3_7] OSV vuln fetch failed for MINI-2gv9-9pjx-cxqh: HTTPSConnectionPool(host='api.osv.dev', port=443): Max retries exceeded with url: /v1/vulns/MINI-2gv9-9pjx-cxqh (Caused by SSLError(SSLEOFError(8, '[SSL: UNEXPECTED_EOF_WHILE_READING] EOF occurred in violation of protocol (_ssl.c:1033)')))
07/22/2026 10:40:03 WARNING [ThreadPoolExecutor-3_15] OSV vuln fetch failed for MINI-3fh6-rp2q-vvp9: HTTPSConnectionPool(host='api.osv.dev', port=443): Max retries exceeded with url: /v1/vulns/MINI-3fh6-rp2q-vvp9 (Caused by SSLError(SSLEOFError(8, '[SSL: UNEXPECTED_EOF_WHILE_READING] EOF occurred in violation of protocol (_ssl.c:1033)')))
07/22/2026 10:40:03 WARNING [ThreadPoolExecutor-3_2] OSV vuln fetch failed for MINI-3v3f-38v7-2656: HTTPSConnectionPool(host='api.osv.dev', port=443): Max retries exceeded with url: /v1/vulns/MINI-3v3f-38v7-2656 (Caused by SSLError(SSLEOFError(8, '[SSL: UNEXPECTED_EOF_WHILE_READING] EOF occurred in violation of protocol (_ssl.c:1033)')))
07/22/2026 10:40:03 WARNING [ThreadPoolExecutor-3_0] OSV vuln fetch failed for MINI-2x57-mf9f-89v4: HTTPSConnectionPool(host='api.osv.dev', port=443): Max retries exceeded with url: /v1/vulns/MINI-2x57-mf9f-89v4 (Caused by SSLError(SSLEOFError(8, '[SSL: UNEXPECTED_EOF_WHILE_READING] EOF occurred in violation of protocol (_ssl.c:1033)')))
07/22/2026 10:40:03 WARNING [ThreadPoolExecutor-3_13] OSV vuln fetch failed for MINI-4mwf-fq5p-fq82: HTTPSConnectionPool(host='api.osv.dev', port=443): Max retries exceeded with url: /v1/vulns/MINI-4mwf-fq5p-fq82 (Caused by SSLError(SSLEOFError(8, '[SSL: UNEXPECTED_EOF_WHILE_READING] EOF occurred in violation of protocol (_ssl.c:1033)')))
07/22/2026 10:40:03 WARNING [ThreadPoolExecutor-3_11] OSV vuln fetch failed for MINI-37f4-cw5j-p2pv: HTTPSConnectionPool(host='api.osv.dev', port=443): Max retries exceeded with url: /v1/vulns/MINI-37f4-cw5j-p2pv (Caused by SSLError(SSLEOFError(8, '[SSL: UNEXPECTED_EOF_WHILE_READING] EOF occurred in violation of protocol (_ssl.c:1033)')))
07/22/2026 10:41:07 WARNING [ThreadPoolExecutor-3_9] OSV vuln fetch failed for MINI-248w-ccvp-jr85: HTTPSConnectionPool(host='api.osv.dev', port=443): Max retries exceeded with url: /v1/vulns/MINI-248w-ccvp-jr85 (Caused by SSLError(SSLEOFError(8, '[SSL: UNEXPECTED_EOF_WHILE_READING] EOF occurred in violation of protocol (_ssl.c:1033)')))
07/22/2026 10:41:07 WARNING [ThreadPoolExecutor-3_8] OSV vuln fetch failed for MINI-25x8-9qpg-r4xw: HTTPSConnectionPool(host='api.osv.dev', port=443): Max retries exceeded with url: /v1/vulns/MINI-25x8-9qpg-r4xw (Caused by SSLError(SSLEOFError(8, '[SSL: UNEXPECTED_EOF_WHILE_READING] EOF occurred in violation of protocol (_ssl.c:1033)')))
07/22/2026 10:41:07 WARNING [ThreadPoolExecutor-3_4] OSV vuln fetch failed for MINI-3wrm-6f95-xmc5: HTTPSConnectionPool(host='api.osv.dev', port=443): Max retries exceeded with url: /v1/vulns/MINI-3wrm-6f95-xmc5 (Caused by SSLError(SSLEOFError(8, '[SSL: UNEXPECTED_EOF_WHILE_READING] EOF occurred in violation of protocol (_ssl.c:1033)')))
07/22/2026 10:41:08 WARNING [ThreadPoolExecutor-3_1] OSV vuln fetch failed for MINI-5cgp-fqxf-mq6h: HTTPSConnectionPool(host='api.osv.dev', port=443): Max retries exceeded with url: /v1/vulns/MINI-5cgp-fqxf-mq6h (Caused by SSLError(SSLEOFError(8, '[SSL: UNEXPECTED_EOF_WHILE_READING] EOF occurred in violation of protocol (_ssl.c:1033)')))
07/22/2026 10:41:08 WARNING [ThreadPoolExecutor-3_3] OSV vuln fetch failed for MINI-224j-7q28-cv7c: HTTPSConnectionPool(host='api.osv.dev', port=443): Max retries exceeded with url: /v1/vulns/MINI-224j-7q28-cv7c (Caused by SSLError(SSLEOFError(8, '[SSL: UNEXPECTED_EOF_WHILE_READING] EOF occurred in violation of protocol (_ssl.c:1033)')))
07/22/2026 10:41:08 WARNING [ThreadPoolExecutor-3_16] OSV vuln fetch failed for MINI-26cp-2wc6-rwh7: HTTPSConnectionPool(host='api.osv.dev', port=443): Max retries exceeded with url: /v1/vulns/MINI-26cp-2wc6-rwh7 (Caused by SSLError(SSLEOFError(8, '[SSL: UNEXPECTED_EOF_WHILE_READING] EOF occurred in violation of protocol (_ssl.c:1033)')))
07/22/2026 10:41:08 WARNING [ThreadPoolExecutor-3_7] OSV vuln fetch failed for CVE-2026-48928: HTTPSConnectionPool(host='api.osv.dev', port=443): Max retries exceeded with url: /v1/vulns/CVE-2026-48928 (Caused by SSLError(SSLEOFError(8, '[SSL: UNEXPECTED_EOF_WHILE_READING] EOF occurred in violation of protocol (_ssl.c:1033)')))
07/22/2026 10:41:10 WARNING [ThreadPoolExecutor-3_10] OSV vuln fetch failed for MINI-27fx-j72j-9hxv: HTTPSConnectionPool(host='api.osv.dev', port=443): Max retries exceeded with url: /v1/vulns/MINI-27fx-j72j-9hxv (Caused by SSLError(SSLEOFError(8, '[SSL: UNEXPECTED_EOF_WHILE_READING] EOF occurred in violation of protocol (_ssl.c:1033)')))
07/22/2026 10:41:10 WARNING [ThreadPoolExecutor-3_14] OSV vuln fetch failed for MINI-2h8x-5w4f-p6xc: HTTPSConnectionPool(host='api.osv.dev', port=443): Max retries exceeded with url: /v1/vulns/MINI-2h8x-5w4f-p6xc (Caused by SSLError(SSLEOFError(8, '[SSL: UNEXPECTED_EOF_WHILE_READING] EOF occurred in violation of protocol (_ssl.c:1033)')))
07/22/2026 10:41:10 WARNING [ThreadPoolExecutor-3_12] OSV vuln fetch failed for MINI-2g32-5c6m-8q3x: HTTPSConnectionPool(host='api.osv.dev', port=443): Max retries exceeded with url: /v1/vulns/MINI-2g32-5c6m-8q3x (Caused by SSLError(SSLEOFError(8, '[SSL: UNEXPECTED_EOF_WHILE_READING] EOF occurred in violation of protocol (_ssl.c:1033)')))
07/22/2026 10:41:12 WARNING [ThreadPoolExecutor-3_2] OSV vuln fetch failed for ALSA-2026:41947: HTTPSConnectionPool(host='api.osv.dev', port=443): Max retries exceeded with url: /v1/vulns/ALSA-2026:41947 (Caused by SSLError(SSLEOFError(8, '[SSL: UNEXPECTED_EOF_WHILE_READING] EOF occurred in violation of protocol (_ssl.c:1033)')))
07/22/2026 10:41:11 WARNING [ThreadPoolExecutor-3_17] OSV vuln fetch failed for MINI-3375-96wc-696c: HTTPSConnectionPool(host='api.osv.dev', port=443): Max retries exceeded with url: /v1/vulns/MINI-3375-96wc-696c (Caused by SSLError(SSLEOFError(8, '[SSL: UNEXPECTED_EOF_WHILE_READING] EOF occurred in violation of protocol (_ssl.c:1033)')))
07/22/2026 10:41:17 WARNING [ThreadPoolExecutor-3_15] OSV vuln fetch failed for CVE-2026-48935: HTTPSConnectionPool(host='api.osv.dev', port=443): Max retries exceeded with url: /v1/vulns/CVE-2026-48935 (Caused by SSLError(SSLEOFError(8, '[SSL: UNEXPECTED_EOF_WHILE_READING] EOF occurred in violation of protocol (_ssl.c:1033)')))
07/22/2026 10:41:19 WARNING [ThreadPoolExecutor-3_18] OSV vuln fetch failed for MINI-4c52-hh36-hwxr: HTTPSConnectionPool(host='api.osv.dev', port=443): Max retries exceeded with url: /v1/vulns/MINI-4c52-hh36-hwxr (Caused by SSLError(SSLEOFError(8, '[SSL: UNEXPECTED_EOF_WHILE_READING] EOF occurred in violation of protocol (_ssl.c:1033)')))
07/22/2026 10:41:22 WARNING [ThreadPoolExecutor-3_13] OSV vuln fetch failed for CVE-2026-48615: HTTPSConnectionPool(host='api.osv.dev', port=443): Max retries exceeded with url: /v1/vulns/CVE-2026-48615 (Caused by SSLError(SSLEOFError(8, '[SSL: UNEXPECTED_EOF_WHILE_READING] EOF occurred in violation of protocol (_ssl.c:1033)')))
07/22/2026 10:41:22 WARNING [ThreadPoolExecutor-3_11] OSV vuln fetch failed for CVE-2026-48619: HTTPSConnectionPool(host='api.osv.dev', port=443): Max retries exceeded with url: /v1/vulns/CVE-2026-48619 (Caused by SSLError(SSLEOFError(8, '[SSL: UNEXPECTED_EOF_WHILE_READING] EOF occurred in violation of protocol (_ssl.c:1033)')))
07/22/2026 10:41:23 WARNING [ThreadPoolExecutor-3_19] OSV vuln fetch failed for MINI-3mfh-59mq-9xc9: HTTPSConnectionPool(host='api.osv.dev', port=443): Max retries exceeded with url: /v1/vulns/MINI-3mfh-59mq-9xc9 (Caused by SSLError(SSLEOFError(8, '[SSL: UNEXPECTED_EOF_WHILE_READING] EOF occurred in violation of protocol (_ssl.c:1033)')))
07/22/2026 10:41:23 WARNING [ThreadPoolExecutor-3_6] OSV vuln fetch failed for MINI-2gm8-23c5-9pgp: HTTPSConnectionPool(host='api.osv.dev', port=443): Max retries exceeded with url: /v1/vulns/MINI-2gm8-23c5-9pgp (Caused by SSLError(SSLEOFError(8, '[SSL: UNEXPECTED_EOF_WHILE_READING] EOF occurred in violation of protocol (_ssl.c:1033)')))
07/22/2026 10:42:27 WARNING [ThreadPoolExecutor-3_5] OSV vuln fetch failed for MINI-23j6-fxv5-vq76: HTTPSConnectionPool(host='api.osv.dev', port=443): Max retries exceeded with url: /v1/vulns/MINI-23j6-fxv5-vq76 (Caused by SSLError(SSLEOFError(8, '[SSL: UNEXPECTED_EOF_WHILE_READING] EOF occurred in violation of protocol (_ssl.c:1033)')))
07/22/2026 10:42:33 WARNING [ThreadPoolExecutor-3_4] OSV vuln fetch failed for CVE-2026-48934: HTTPSConnectionPool(host='api.osv.dev', port=443): Max retries exceeded with url: /v1/vulns/CVE-2026-48934 (Caused by SSLError(SSLEOFError(8, '[SSL: UNEXPECTED_EOF_WHILE_READING] EOF occurred in violation of protocol (_ssl.c:1033)')))
07/22/2026 10:42:33 WARNING [ThreadPoolExecutor-3_8] OSV vuln fetch failed for CVE-2026-6733: HTTPSConnectionPool(host='api.osv.dev', port=443): Max retries exceeded with url: /v1/vulns/CVE-2026-6733 (Caused by SSLError(SSLEOFError(8, '[SSL: UNEXPECTED_EOF_WHILE_READING] EOF occurred in violation of protocol (_ssl.c:1033)')))
07/22/2026 10:42:33 WARNING [ThreadPoolExecutor-3_10] OSV vuln fetch failed for GHSA-ff24-4prj-gpmj: HTTPSConnectionPool(host='api.osv.dev', port=443): Max retries exceeded with url: /v1/vulns/GHSA-ff24-4prj-gpmj (Caused by SSLError(SSLEOFError(8, '[SSL: UNEXPECTED_EOF_WHILE_READING] EOF occurred in violation of protocol (_ssl.c:1033)')))
07/22/2026 10:42:33 WARNING [ThreadPoolExecutor-3_7] OSV vuln fetch failed for GHSA-g9cw-qwhf-24jp: HTTPSConnectionPool(host='api.osv.dev', port=443): Max retries exceeded with url: /v1/vulns/GHSA-g9cw-qwhf-24jp (Caused by SSLError(SSLEOFError(8, '[SSL: UNEXPECTED_EOF_WHILE_READING] EOF occurred in violation of protocol (_ssl.c:1033)')))
07/22/2026 10:42:34 WARNING [ThreadPoolExecutor-3_3] OSV vuln fetch failed for CVE-2026-11525: HTTPSConnectionPool(host='api.osv.dev', port=443): Max retries exceeded with url: /v1/vulns/CVE-2026-11525 (Caused by SSLError(SSLEOFError(8, '[SSL: UNEXPECTED_EOF_WHILE_READING] EOF occurred in violation of protocol (_ssl.c:1033)')))
07/22/2026 10:42:34 WARNING [ThreadPoolExecutor-3_16] OSV vuln fetch failed for GHSA-cvq5-hhx3-f99p: HTTPSConnectionPool(host='api.osv.dev', port=443): Max retries exceeded with url: /v1/vulns/GHSA-cvq5-hhx3-f99p (Caused by SSLError(SSLEOFError(8, '[SSL: UNEXPECTED_EOF_WHILE_READING] EOF occurred in violation of protocol (_ssl.c:1033)')))
07/22/2026 10:42:34 WARNING [ThreadPoolExecutor-3_1] OSV vuln fetch failed for CVE-2026-48930: HTTPSConnectionPool(host='api.osv.dev', port=443): Max retries exceeded with url: /v1/vulns/CVE-2026-48930 (Caused by SSLError(SSLEOFError(8, '[SSL: UNEXPECTED_EOF_WHILE_READING] EOF occurred in violation of protocol (_ssl.c:1033)')))
07/22/2026 10:42:34 WARNING [ThreadPoolExecutor-3_9] OSV vuln fetch failed for CVE-2026-9678: HTTPSConnectionPool(host='api.osv.dev', port=443): Max retries exceeded with url: /v1/vulns/CVE-2026-9678 (Caused by SSLError(SSLEOFError(8, '[SSL: UNEXPECTED_EOF_WHILE_READING] EOF occurred in violation of protocol (_ssl.c:1033)')))
07/22/2026 10:42:34 WARNING [ThreadPoolExecutor-3_2] OSV vuln fetch failed for GHSA-6m68-r693-78qx: HTTPSConnectionPool(host='api.osv.dev', port=443): Max retries exceeded with url: /v1/vulns/GHSA-6m68-r693-78qx (Caused by SSLError(SSLEOFError(8, '[SSL: UNEXPECTED_EOF_WHILE_READING] EOF occurred in violation of protocol (_ssl.c:1033)')))
07/22/2026 10:42:34 WARNING [ThreadPoolExecutor-3_0] OSV vuln fetch failed for CVE-2024-4367: HTTPSConnectionPool(host='api.osv.dev', port=443): Max retries exceeded with url: /v1/vulns/CVE-2024-4367 (Caused by SSLError(SSLEOFError(8, '[SSL: UNEXPECTED_EOF_WHILE_READING] EOF occurred in violation of protocol (_ssl.c:1033)')))
07/22/2026 10:42:35 WARNING [ThreadPoolExecutor-3_12] OSV vuln fetch failed for GHSA-8c9q-7855-wfxq: HTTPSConnectionPool(host='api.osv.dev', port=443): Max retries exceeded with url: /v1/vulns/GHSA-8c9q-7855-wfxq (Caused by SSLError(SSLEOFError(8, '[SSL: UNEXPECTED_EOF_WHILE_READING] EOF occurred in violation of protocol (_ssl.c:1033)')))
07/22/2026 10:42:39 WARNING [ThreadPoolExecutor-3_13] OSV vuln fetch failed for GHSA-7j59-v9qr-6fq9: HTTPSConnectionPool(host='api.osv.dev', port=443): Max retries exceeded with url: /v1/vulns/GHSA-7j59-v9qr-6fq9 (Caused by SSLError(SSLEOFError(8, '[SSL: UNEXPECTED_EOF_WHILE_READING] EOF occurred in violation of protocol (_ssl.c:1033)')))
07/22/2026 10:42:39 WARNING [ThreadPoolExecutor-3_17] OSV vuln fetch failed for GHSA-hg88-v3cw-3qrh: HTTPSConnectionPool(host='api.osv.dev', port=443): Max retries exceeded with url: /v1/vulns/GHSA-hg88-v3cw-3qrh (Caused by SSLError(SSLEOFError(8, '[SSL: UNEXPECTED_EOF_WHILE_READING] EOF occurred in violation of protocol (_ssl.c:1033)')))
07/22/2026 10:44:05 WARNING [ThreadPoolExecutor-3_11] OSV vuln fetch failed for GHSA-7j59-v9qr-6fq9: HTTPSConnectionPool(host='api.osv.dev', port=443): Max retries exceeded with url: /v1/vulns/GHSA-7j59-v9qr-6fq9 (Caused by SSLError(SSLError(5, '[SSL: UNEXPECTED_EOF_WHILE_READING] unexpected eof while reading (_ssl.c:2658)')))
07/22/2026 10:44:08 WARNING [ThreadPoolExecutor-3_18] OSV vuln fetch failed for GHSA-7j59-v9qr-6fq9: HTTPSConnectionPool(host='api.osv.dev', port=443): Max retries exceeded with url: /v1/vulns/GHSA-7j59-v9qr-6fq9 (Caused by SSLError(SSLEOFError(8, '[SSL: UNEXPECTED_EOF_WHILE_READING] EOF occurred in violation of protocol (_ssl.c:1033)')))
07/22/2026 10:44:29 WARNING [ThreadPoolExecutor-3_10] OSV vuln fetch failed for GHSA-8r5m-3f66-qpr3: HTTPSConnectionPool(host='api.osv.dev', port=443): Max retries exceeded with url: /v1/vulns/GHSA-8r5m-3f66-qpr3 (Caused by SSLError(SSLEOFError(8, '[SSL: UNEXPECTED_EOF_WHILE_READING] EOF occurred in violation of protocol (_ssl.c:1033)')))
07/22/2026 10:44:29 WARNING [ThreadPoolExecutor-3_0] OSV vuln fetch failed for GHSA-7g92-g4vh-hp84: HTTPSConnectionPool(host='api.osv.dev', port=443): Max retries exceeded with url: /v1/vulns/GHSA-7g92-g4vh-hp84 (Caused by SSLError(SSLEOFError(8, '[SSL: UNEXPECTED_EOF_WHILE_READING] EOF occurred in violation of protocol (_ssl.c:1033)')))
07/22/2026 10:44:29 WARNING [ThreadPoolExecutor-3_9] OSV vuln fetch failed for GHSA-m298-fh5c-jc66: HTTPSConnectionPool(host='api.osv.dev', port=443): Max retries exceeded with url: /v1/vulns/GHSA-m298-fh5c-jc66 (Caused by SSLError(SSLEOFError(8, '[SSL: UNEXPECTED_EOF_WHILE_READING] EOF occurred in violation of protocol (_ssl.c:1033)')))
07/22/2026 10:44:29 WARNING [ThreadPoolExecutor-3_2] OSV vuln fetch failed for GHSA-8qwj-4jxw-m8jw: HTTPSConnectionPool(host='api.osv.dev', port=443): Max retries exceeded with url: /v1/vulns/GHSA-8qwj-4jxw-m8jw (Caused by SSLError(SSLEOFError(8, '[SSL: UNEXPECTED_EOF_WHILE_READING] EOF occurred in violation of protocol (_ssl.c:1033)')))
07/22/2026 10:44:29 WARNING [ThreadPoolExecutor-3_4] OSV vuln fetch failed for GHSA-c4hg-6933-x62x: HTTPSConnectionPool(host='api.osv.dev', port=443): Max retries exceeded with url: /v1/vulns/GHSA-c4hg-6933-x62x (Caused by SSLError(SSLEOFError(8, '[SSL: UNEXPECTED_EOF_WHILE_READING] EOF occurred in violation of protocol (_ssl.c:1033)')))
07/22/2026 10:44:29 WARNING [ThreadPoolExecutor-3_3] OSV vuln fetch failed for GHSA-7x63-xv5r-3p2x: HTTPSConnectionPool(host='api.osv.dev', port=443): Max retries exceeded with url: /v1/vulns/GHSA-7x63-xv5r-3p2x (Caused by SSLError(SSLEOFError(8, '[SSL: UNEXPECTED_EOF_WHILE_READING] EOF occurred in violation of protocol (_ssl.c:1033)')))
07/22/2026 10:44:29 WARNING [ThreadPoolExecutor-3_17] OSV vuln fetch failed for ROOT-OS-DEBIAN-13-CVE-2026-0992: HTTPSConnectionPool(host='api.osv.dev', port=443): Max retries exceeded with url: /v1/vulns/ROOT-OS-DEBIAN-13-CVE-2026-0992 (Caused by SSLError(SSLEOFError(8, '[SSL: UNEXPECTED_EOF_WHILE_READING] EOF occurred in violation of protocol (_ssl.c:1033)')))
07/22/2026 10:44:29 WARNING [ThreadPoolExecutor-3_8] OSV vuln fetch failed for GHSA-88v5-9hxc-f85r: HTTPSConnectionPool(host='api.osv.dev', port=443): Max retries exceeded with url: /v1/vulns/GHSA-88v5-9hxc-f85r (Caused by SSLError(SSLEOFError(8, '[SSL: UNEXPECTED_EOF_WHILE_READING] EOF occurred in violation of protocol (_ssl.c:1033)')))
07/22/2026 10:44:29 WARNING [ThreadPoolExecutor-3_7] OSV vuln fetch failed for GHSA-2hx3-vp6r-mg3f: HTTPSConnectionPool(host='api.osv.dev', port=443): Max retries exceeded with url: /v1/vulns/GHSA-2hx3-vp6r-mg3f (Caused by SSLError(SSLEOFError(8, '[SSL: UNEXPECTED_EOF_WHILE_READING] EOF occurred in violation of protocol (_ssl.c:1033)')))
07/22/2026 10:44:29 WARNING [ThreadPoolExecutor-3_14] OSV vuln fetch failed for GHSA-8g7p-jf3g-gxcp: HTTPSConnectionPool(host='api.osv.dev', port=443): Max retries exceeded with url: /v1/vulns/GHSA-8g7p-jf3g-gxcp (Caused by SSLError(SSLEOFError(8, '[SSL: UNEXPECTED_EOF_WHILE_READING] EOF occurred in violation of protocol (_ssl.c:1033)')))
07/22/2026 10:44:29 WARNING [ThreadPoolExecutor-3_16] OSV vuln fetch failed for GHSA-72gw-fmmr-c4r4: HTTPSConnectionPool(host='api.osv.dev', port=443): Max retries exceeded with url: /v1/vulns/GHSA-72gw-fmmr-c4r4 (Caused by SSLError(SSLEOFError(8, '[SSL: UNEXPECTED_EOF_WHILE_READING] EOF occurred in violation of protocol (_ssl.c:1033)')))
07/22/2026 10:44:33 WARNING [ThreadPoolExecutor-3_13] OSV vuln fetch failed for ROOT-OS-DEBIAN-12-CVE-2026-0990: HTTPSConnectionPool(host='api.osv.dev', port=443): Max retries exceeded with url: /v1/vulns/ROOT-OS-DEBIAN-12-CVE-2026-0990 (Caused by SSLError(SSLEOFError(8, '[SSL: UNEXPECTED_EOF_WHILE_READING] EOF occurred in violation of protocol (_ssl.c:1033)')))
07/22/2026 10:44:44 WARNING [ThreadPoolExecutor-3_12] OSV vuln fetch failed for GHSA-5jx8-q4cp-rhh6: HTTPSConnectionPool(host='api.osv.dev', port=443): Max retries exceeded with url: /v1/vulns/GHSA-5jx8-q4cp-rhh6 (Caused by SSLError(SSLEOFError(8, '[SSL: UNEXPECTED_EOF_WHILE_READING] EOF occurred in violation of protocol (_ssl.c:1033)')))
07/22/2026 10:45:06 WARNING [ThreadPoolExecutor-3_15] OSV vuln fetch failed for GHSA-7x9r-wcgg-w86f: HTTPSConnectionPool(host='api.osv.dev', port=443): Max retries exceeded with url: /v1/vulns/GHSA-7x9r-wcgg-w86f (Caused by SSLError(SSLEOFError(8, '[SSL: UNEXPECTED_EOF_WHILE_READING] EOF occurred in violation of protocol (_ssl.c:1033)')))
07/22/2026 10:45:18 WARNING [ThreadPoolExecutor-3_4] OSV vuln fetch failed for ALSA-2026:42090: HTTPSConnectionPool(host='api.osv.dev', port=443): Max retries exceeded with url: /v1/vulns/ALSA-2026:42090 (Caused by SSLError(SSLEOFError(8, '[SSL: UNEXPECTED_EOF_WHILE_READING] EOF occurred in violation of protocol (_ssl.c:1033)')))
07/22/2026 10:45:43 WARNING [ThreadPoolExecutor-3_7] OSV vuln fetch failed for JLSEC-2026-621: HTTPSConnectionPool(host='api.osv.dev', port=443): Max retries exceeded with url: /v1/vulns/JLSEC-2026-621 (Caused by SSLError(SSLEOFError(8, '[SSL: UNEXPECTED_EOF_WHILE_READING] EOF occurred in violation of protocol (_ssl.c:1033)')))
07/22/2026 10:45:45 WARNING [ThreadPoolExecutor-3_8] OSV vuln fetch failed for JLSEC-2026-622: HTTPSConnectionPool(host='api.osv.dev', port=443): Max retries exceeded with url: /v1/vulns/JLSEC-2026-622 (Caused by SSLError(SSLEOFError(8, '[SSL: UNEXPECTED_EOF_WHILE_READING] EOF occurred in violation of protocol (_ssl.c:1033)')))
07/22/2026 10:45:55 WARNING [ThreadPoolExecutor-3_3] OSV vuln fetch failed for JLSEC-2026-620: HTTPSConnectionPool(host='api.osv.dev', port=443): Max retries exceeded with url: /v1/vulns/JLSEC-2026-620 (Caused by SSLError(SSLEOFError(8, '[SSL: UNEXPECTED_EOF_WHILE_READING] EOF occurred in violation of protocol (_ssl.c:1033)')))
07/22/2026 10:45:56 WARNING [ThreadPoolExecutor-3_5] OSV vuln fetch failed for ROOT-OS-DEBIAN-13-CVE-2026-0990: HTTPSConnectionPool(host='api.osv.dev', port=443): Max retries exceeded with url: /v1/vulns/ROOT-OS-DEBIAN-13-CVE-2026-0990 (Caused by SSLError(SSLEOFError(8, '[SSL: UNEXPECTED_EOF_WHILE_READING] EOF occurred in violation of protocol (_ssl.c:1033)')))
07/22/2026 10:45:56 WARNING [ThreadPoolExecutor-3_17] OSV vuln fetch failed for ALSA-2026:42552: HTTPSConnectionPool(host='api.osv.dev', port=443): Max retries exceeded with url: /v1/vulns/ALSA-2026:42552 (Caused by SSLError(SSLEOFError(8, '[SSL: UNEXPECTED_EOF_WHILE_READING] EOF occurred in violation of protocol (_ssl.c:1033)')))
07/22/2026 10:45:56 WARNING [ThreadPoolExecutor-3_2] OSV vuln fetch failed for JLSEC-2026-623: HTTPSConnectionPool(host='api.osv.dev', port=443): Max retries exceeded with url: /v1/vulns/JLSEC-2026-623 (Caused by SSLError(SSLEOFError(8, '[SSL: UNEXPECTED_EOF_WHILE_READING] EOF occurred in violation of protocol (_ssl.c:1033)')))
07/22/2026 10:45:56 WARNING [ThreadPoolExecutor-3_9] OSV vuln fetch failed for ALSA-2026:42550: HTTPSConnectionPool(host='api.osv.dev', port=443): Max retries exceeded with url: /v1/vulns/ALSA-2026:42550 (Caused by SSLError(SSLEOFError(8, '[SSL: UNEXPECTED_EOF_WHILE_READING] EOF occurred in violation of protocol (_ssl.c:1033)')))
07/22/2026 10:45:53 WARNING [ThreadPoolExecutor-3_11] OSV vuln fetch failed for ROOT-OS-DEBIAN-12-CVE-2024-22365: HTTPSConnectionPool(host='api.osv.dev', port=443): Max retries exceeded with url: /v1/vulns/ROOT-OS-DEBIAN-12-CVE-2024-22365 (Caused by SSLError(SSLEOFError(8, '[SSL: UNEXPECTED_EOF_WHILE_READING] EOF occurred in violation of protocol (_ssl.c:1033)')))
07/22/2026 10:45:56 WARNING [ThreadPoolExecutor-3_10] OSV vuln fetch failed for ROOT-OS-DEBIAN-12-CVE-2026-0992: HTTPSConnectionPool(host='api.osv.dev', port=443): Max retries exceeded with url: /v1/vulns/ROOT-OS-DEBIAN-12-CVE-2026-0992 (Caused by SSLError(SSLEOFError(8, '[SSL: UNEXPECTED_EOF_WHILE_READING] EOF occurred in violation of protocol (_ssl.c:1033)')))
07/22/2026 10:45:56 WARNING [ThreadPoolExecutor-3_16] OSV vuln fetch failed for JLSEC-2026-615: HTTPSConnectionPool(host='api.osv.dev', port=443): Max retries exceeded with url: /v1/vulns/JLSEC-2026-615 (Caused by SSLError(SSLEOFError(8, '[SSL: UNEXPECTED_EOF_WHILE_READING] EOF occurred in violation of protocol (_ssl.c:1033)')))
07/22/2026 10:45:56 WARNING [ThreadPoolExecutor-3_14] OSV vuln fetch failed for JLSEC-2026-616: HTTPSConnectionPool(host='api.osv.dev', port=443): Max retries exceeded with url: /v1/vulns/JLSEC-2026-616 (Caused by SSLError(SSLEOFError(8, '[SSL: UNEXPECTED_EOF_WHILE_READING] EOF occurred in violation of protocol (_ssl.c:1033)')))
07/22/2026 10:45:56 WARNING [ThreadPoolExecutor-3_18] OSV vuln fetch failed for ROOT-OS-DEBIAN-13-CVE-2025-9714: HTTPSConnectionPool(host='api.osv.dev', port=443): Max retries exceeded with url: /v1/vulns/ROOT-OS-DEBIAN-13-CVE-2025-9714 (Caused by SSLError(SSLEOFError(8, '[SSL: UNEXPECTED_EOF_WHILE_READING] EOF occurred in violation of protocol (_ssl.c:1033)')))
07/22/2026 10:45:56 WARNING [ThreadPoolExecutor-3_13] OSV vuln fetch failed for JLSEC-2026-619: HTTPSConnectionPool(host='api.osv.dev', port=443): Max retries exceeded with url: /v1/vulns/JLSEC-2026-619 (Caused by SSLError(SSLEOFError(8, '[SSL: UNEXPECTED_EOF_WHILE_READING] EOF occurred in violation of protocol (_ssl.c:1033)')))
07/22/2026 10:46:04 WARNING [ThreadPoolExecutor-3_0] OSV vuln fetch failed for ALSA-2026:42088: HTTPSConnectionPool(host='api.osv.dev', port=443): Max retries exceeded with url: /v1/vulns/ALSA-2026:42088 (Caused by SSLError(SSLEOFError(8, '[SSL: UNEXPECTED_EOF_WHILE_READING] EOF occurred in violation of protocol (_ssl.c:1033)')))
07/22/2026 10:46:04 WARNING [ThreadPoolExecutor-3_1] OSV vuln fetch failed for GHSA-6jwx-7vp4-9847: HTTPSConnectionPool(host='api.osv.dev', port=443): Max retries exceeded with url: /v1/vulns/GHSA-6jwx-7vp4-9847 (Caused by SSLError(SSLEOFError(8, '[SSL: UNEXPECTED_EOF_WHILE_READING] EOF occurred in violation of protocol (_ssl.c:1033)')))
07/22/2026 10:46:06 WARNING [ThreadPoolExecutor-3_15] OSV vuln fetch failed for JLSEC-2026-611: HTTPSConnectionPool(host='api.osv.dev', port=443): Max retries exceeded with url: /v1/vulns/JLSEC-2026-611 (Caused by SSLError(SSLEOFError(8, '[SSL: UNEXPECTED_EOF_WHILE_READING] EOF occurred in violation of protocol (_ssl.c:1033)')))
07/22/2026 10:47:31 WARNING [ThreadPoolExecutor-3_6] OSV vuln fetch failed for ROOT-OS-DEBIAN-12-CVE-2026-1757: HTTPSConnectionPool(host='api.osv.dev', port=443): Max retries exceeded with url: /v1/vulns/ROOT-OS-DEBIAN-12-CVE-2026-1757 (Caused by SSLError(SSLEOFError(8, '[SSL: UNEXPECTED_EOF_WHILE_READING] EOF occurred in violation of protocol (_ssl.c:1033)')))
07/22/2026 10:47:31 WARNING [ThreadPoolExecutor-3_5] OSV vuln fetch failed for GHSA-c3px-h233-h6fq: HTTPSConnectionPool(host='api.osv.dev', port=443): Max retries exceeded with url: /v1/vulns/GHSA-c3px-h233-h6fq (Caused by SSLError(SSLEOFError(8, '[SSL: UNEXPECTED_EOF_WHILE_READING] EOF occurred in violation of protocol (_ssl.c:1033)')))
07/22/2026 10:47:31 WARNING [ThreadPoolExecutor-3_13] OSV vuln fetch failed for GHSA-87m7-qffr-542v: HTTPSConnectionPool(host='api.osv.dev', port=443): Max retries exceeded with url: /v1/vulns/GHSA-87m7-qffr-542v (Caused by SSLError(SSLEOFError(8, '[SSL: UNEXPECTED_EOF_WHILE_READING] EOF occurred in violation of protocol (_ssl.c:1033)')))
07/22/2026 10:47:31 WARNING [ThreadPoolExecutor-3_10] OSV vuln fetch failed for GHSA-c5c4-8r6x-56w3: HTTPSConnectionPool(host='api.osv.dev', port=443): Max retries exceeded with url: /v1/vulns/GHSA-c5c4-8r6x-56w3 (Caused by SSLError(SSLEOFError(8, '[SSL: UNEXPECTED_EOF_WHILE_READING] EOF occurred in violation of protocol (_ssl.c:1033)')))
07/22/2026 10:47:31 WARNING [ThreadPoolExecutor-3_8] OSV vuln fetch failed for JLSEC-2026-624: HTTPSConnectionPool(host='api.osv.dev', port=443): Max retries exceeded with url: /v1/vulns/JLSEC-2026-624 (Caused by SSLError(SSLEOFError(8, '[SSL: UNEXPECTED_EOF_WHILE_READING] EOF occurred in violation of protocol (_ssl.c:1033)')))
07/22/2026 10:47:31 WARNING [ThreadPoolExecutor-3_17] OSV vuln fetch failed for GHSA-chf8-4hv6-8pg6: HTTPSConnectionPool(host='api.osv.dev', port=443): Max retries exceeded with url: /v1/vulns/GHSA-chf8-4hv6-8pg6 (Caused by SSLError(SSLEOFError(8, '[SSL: UNEXPECTED_EOF_WHILE_READING] EOF occurred in violation of protocol (_ssl.c:1033)')))
07/22/2026 10:47:31 WARNING [ThreadPoolExecutor-3_16] OSV vuln fetch failed for GHSA-96q5-xm3p-7m84: HTTPSConnectionPool(host='api.osv.dev', port=443): Max retries exceeded with url: /v1/vulns/GHSA-96q5-xm3p-7m84 (Caused by SSLError(SSLEOFError(8, '[SSL: UNEXPECTED_EOF_WHILE_READING] EOF occurred in violation of protocol (_ssl.c:1033)')))
07/22/2026 10:47:31 WARNING [ThreadPoolExecutor-3_11] OSV vuln fetch failed for GHSA-9w9c-9w8m-w89q: HTTPSConnectionPool(host='api.osv.dev', port=443): Max retries exceeded with url: /v1/vulns/GHSA-9w9c-9w8m-w89q (Caused by SSLError(SSLEOFError(8, '[SSL: UNEXPECTED_EOF_WHILE_READING] EOF occurred in violation of protocol (_ssl.c:1033)')))
07/22/2026 10:47:31 WARNING [ThreadPoolExecutor-3_2] OSV vuln fetch failed for GHSA-cmpj-2x3g-m7g3: HTTPSConnectionPool(host='api.osv.dev', port=443): Max retries exceeded with url: /v1/vulns/GHSA-cmpj-2x3g-m7g3 (Caused by SSLError(SSLEOFError(8, '[SSL: UNEXPECTED_EOF_WHILE_READING] EOF occurred in violation of protocol (_ssl.c:1033)')))
07/22/2026 10:47:31 WARNING [ThreadPoolExecutor-3_18] OSV vuln fetch failed for GHSA-85g2-pmrx-r49q: HTTPSConnectionPool(host='api.osv.dev', port=443): Max retries exceeded with url: /v1/vulns/GHSA-85g2-pmrx-r49q (Caused by SSLError(SSLEOFError(8, '[SSL: UNEXPECTED_EOF_WHILE_READING] EOF occurred in violation of protocol (_ssl.c:1033)')))
07/22/2026 10:47:31 WARNING [ThreadPoolExecutor-3_3] OSV vuln fetch failed for JLSEC-2026-612: HTTPSConnectionPool(host='api.osv.dev', port=443): Max retries exceeded with url: /v1/vulns/JLSEC-2026-612 (Caused by SSLError(SSLEOFError(8, '[SSL: UNEXPECTED_EOF_WHILE_READING] EOF occurred in violation of protocol (_ssl.c:1033)')))
07/22/2026 10:47:31 WARNING [ThreadPoolExecutor-3_12] OSV vuln fetch failed for JLSEC-2026-617: HTTPSConnectionPool(host='api.osv.dev', port=443): Max retries exceeded with url: /v1/vulns/JLSEC-2026-617 (Caused by SSLError(SSLEOFError(8, '[SSL: UNEXPECTED_EOF_WHILE_READING] EOF occurred in violation of protocol (_ssl.c:1033)')))
07/22/2026 10:47:31 WARNING [ThreadPoolExecutor-3_7] OSV vuln fetch failed for JLSEC-2026-618: HTTPSConnectionPool(host='api.osv.dev', port=443): Max retries exceeded with url: /v1/vulns/JLSEC-2026-618 (Caused by SSLError(SSLEOFError(8, '[SSL: UNEXPECTED_EOF_WHILE_READING] EOF occurred in violation of protocol (_ssl.c:1033)')))
07/22/2026 10:47:31 WARNING [ThreadPoolExecutor-3_4] OSV vuln fetch failed for JLSEC-2026-614: HTTPSConnectionPool(host='api.osv.dev', port=443): Max retries exceeded with url: /v1/vulns/JLSEC-2026-614 (Caused by SSLError(SSLEOFError(8, '[SSL: UNEXPECTED_EOF_WHILE_READING] EOF occurred in violation of protocol (_ssl.c:1033)')))
07/22/2026 10:47:31 WARNING [ThreadPoolExecutor-3_9] OSV vuln fetch failed for GHSA-chwh-f6gm-r836: HTTPSConnectionPool(host='api.osv.dev', port=443): Max retries exceeded with url: /v1/vulns/GHSA-chwh-f6gm-r836 (Caused by SSLError(SSLEOFError(8, '[SSL: UNEXPECTED_EOF_WHILE_READING] EOF occurred in violation of protocol (_ssl.c:1033)')))
07/22/2026 10:47:31 WARNING [ThreadPoolExecutor-3_14] OSV vuln fetch failed for GHSA-8396-jffm-qx4w: HTTPSConnectionPool(host='api.osv.dev', port=443): Max retries exceeded with url: /v1/vulns/GHSA-8396-jffm-qx4w (Caused by SSLError(SSLEOFError(8, '[SSL: UNEXPECTED_EOF_WHILE_READING] EOF occurred in violation of protocol (_ssl.c:1033)')))
07/22/2026 10:47:33 WARNING [ThreadPoolExecutor-3_19] OSV vuln fetch failed for ROOT-OS-DEBIAN-12-CVE-2025-6020: HTTPSConnectionPool(host='api.osv.dev', port=443): Max retries exceeded with url: /v1/vulns/ROOT-OS-DEBIAN-12-CVE-2025-6020 (Caused by SSLError(SSLEOFError(8, '[SSL: UNEXPECTED_EOF_WHILE_READING] EOF occurred in violation of protocol (_ssl.c:1033)')))
07/22/2026 10:47:46 WARNING [ThreadPoolExecutor-3_0] OSV vuln fetch failed for GHSA-7v3r-m9c8-r855: HTTPSConnectionPool(host='api.osv.dev', port=443): Max retries exceeded with url: /v1/vulns/GHSA-7v3r-m9c8-r855 (Caused by SSLError(SSLEOFError(8, '[SSL: UNEXPECTED_EOF_WHILE_READING] EOF occurred in violation of protocol (_ssl.c:1033)')))
07/22/2026 10:48:14 WARNING [ThreadPoolExecutor-3_10] OSV vuln fetch failed for GHSA-3pvj-jv98-qhjq: HTTPSConnectionPool(host='api.osv.dev', port=443): Max retries exceeded with url: /v1/vulns/GHSA-3pvj-jv98-qhjq (Caused by SSLError(SSLEOFError(8, '[SSL: UNEXPECTED_EOF_WHILE_READING] EOF occurred in violation of protocol (_ssl.c:1033)')))
07/22/2026 10:48:14 WARNING [ThreadPoolExecutor-3_18] OSV vuln fetch failed for GHSA-fq4x-789w-jg5h: HTTPSConnectionPool(host='api.osv.dev', port=443): Max retries exceeded with url: /v1/vulns/GHSA-fq4x-789w-jg5h (Caused by SSLError(SSLEOFError(8, '[SSL: UNEXPECTED_EOF_WHILE_READING] EOF occurred in violation of protocol (_ssl.c:1033)')))
07/22/2026 10:47:55 WARNING [ThreadPoolExecutor-3_5] OSV vuln fetch failed for GHSA-7526-j432-6ppp: HTTPSConnectionPool(host='api.osv.dev', port=443): Max retries exceeded with url: /v1/vulns/GHSA-7526-j432-6ppp (Caused by SSLError(SSLEOFError(8, '[SSL: UNEXPECTED_EOF_WHILE_READING] EOF occurred in violation of protocol (_ssl.c:1033)')))
07/22/2026 10:48:15 WARNING [ThreadPoolExecutor-3_2] OSV vuln fetch failed for GHSA-268j-37xf-pp52: HTTPSConnectionPool(host='api.osv.dev', port=443): Max retries exceeded with url: /v1/vulns/GHSA-268j-37xf-pp52 (Caused by SSLError(SSLEOFError(8, '[SSL: UNEXPECTED_EOF_WHILE_READING] EOF occurred in violation of protocol (_ssl.c:1033)')))
07/22/2026 10:48:15 WARNING [ThreadPoolExecutor-3_4] OSV vuln fetch failed for GHSA-wmfg-5p4h-5fw3: HTTPSConnectionPool(host='api.osv.dev', port=443): Max retries exceeded with url: /v1/vulns/GHSA-wmfg-5p4h-5fw3 (Caused by SSLError(SSLEOFError(8, '[SSL: UNEXPECTED_EOF_WHILE_READING] EOF occurred in violation of protocol (_ssl.c:1033)')))
07/22/2026 10:48:22 WARNING [ThreadPoolExecutor-3_15] OSV vuln fetch failed for GHSA-7vf8-2cr6-54mf: HTTPSConnectionPool(host='api.osv.dev', port=443): Max retries exceeded with url: /v1/vulns/GHSA-7vf8-2cr6-54mf (Caused by SSLError(SSLEOFError(8, '[SSL: UNEXPECTED_EOF_WHILE_READING] EOF occurred in violation of protocol (_ssl.c:1033)')))
07/22/2026 10:48:15 WARNING [ThreadPoolExecutor-3_16] OSV vuln fetch failed for GHSA-6p9m-q3jp-47h4: HTTPSConnectionPool(host='api.osv.dev', port=443): Max retries exceeded with url: /v1/vulns/GHSA-6p9m-q3jp-47h4 (Caused by SSLError(SSLEOFError(8, '[SSL: UNEXPECTED_EOF_WHILE_READING] EOF occurred in violation of protocol (_ssl.c:1033)')))
07/22/2026 10:48:23 WARNING [ThreadPoolExecutor-3_17] OSV vuln fetch failed for GHSA-c39w-43gm-34h5: HTTPSConnectionPool(host='api.osv.dev', port=443): Max retries exceeded with url: /v1/vulns/GHSA-c39w-43gm-34h5 (Caused by SSLError(SSLEOFError(8, '[SSL: UNEXPECTED_EOF_WHILE_READING] EOF occurred in violation of protocol (_ssl.c:1033)')))
07/22/2026 10:48:22 WARNING [ThreadPoolExecutor-3_12] OSV vuln fetch failed for GHSA-hxpf-9xvq-wph8: HTTPSConnectionPool(host='api.osv.dev', port=443): Max retries exceeded with url: /v1/vulns/GHSA-hxpf-9xvq-wph8 (Caused by SSLError(SSLEOFError(8, '[SSL: UNEXPECTED_EOF_WHILE_READING] EOF occurred in violation of protocol (_ssl.c:1033)')))
07/22/2026 10:48:23 WARNING [ThreadPoolExecutor-3_13] OSV vuln fetch failed for GHSA-6pjf-3r9x-m592: HTTPSConnectionPool(host='api.osv.dev', port=443): Max retries exceeded with url: /v1/vulns/GHSA-6pjf-3r9x-m592 (Caused by SSLError(SSLEOFError(8, '[SSL: UNEXPECTED_EOF_WHILE_READING] EOF occurred in violation of protocol (_ssl.c:1033)')))
07/22/2026 10:48:23 WARNING [ThreadPoolExecutor-3_11] OSV vuln fetch failed for GHSA-744x-3838-5r56: HTTPSConnectionPool(host='api.osv.dev', port=443): Max retries exceeded with url: /v1/vulns/GHSA-744x-3838-5r56 (Caused by SSLError(SSLEOFError(8, '[SSL: UNEXPECTED_EOF_WHILE_READING] EOF occurred in violation of protocol (_ssl.c:1033)')))
07/22/2026 10:48:12 WARNING [ThreadPoolExecutor-3_3] OSV vuln fetch failed for GHSA-p9f5-h3rx-j5qw: HTTPSConnectionPool(host='api.osv.dev', port=443): Max retries exceeded with url: /v1/vulns/GHSA-p9f5-h3rx-j5qw (Caused by SSLError(SSLEOFError(8, '[SSL: UNEXPECTED_EOF_WHILE_READING] EOF occurred in violation of protocol (_ssl.c:1033)')))
07/22/2026 10:48:23 WARNING [ThreadPoolExecutor-3_14] OSV vuln fetch failed for GHSA-vcm5-gvmp-78mp: HTTPSConnectionPool(host='api.osv.dev', port=443): Max retries exceeded with url: /v1/vulns/GHSA-vcm5-gvmp-78mp (Caused by SSLError(SSLEOFError(8, '[SSL: UNEXPECTED_EOF_WHILE_READING] EOF occurred in violation of protocol (_ssl.c:1033)')))
07/22/2026 10:48:23 WARNING [ThreadPoolExecutor-3_9] OSV vuln fetch failed for GHSA-g2f5-gjr4-qjvm: HTTPSConnectionPool(host='api.osv.dev', port=443): Max retries exceeded with url: /v1/vulns/GHSA-g2f5-gjr4-qjvm (Caused by SSLError(SSLEOFError(8, '[SSL: UNEXPECTED_EOF_WHILE_READING] EOF occurred in violation of protocol (_ssl.c:1033)')))
07/22/2026 10:48:23 WARNING [ThreadPoolExecutor-3_8] OSV vuln fetch failed for GHSA-89mr-xqfv-758m: HTTPSConnectionPool(host='api.osv.dev', port=443): Max retries exceeded with url: /v1/vulns/GHSA-89mr-xqfv-758m (Caused by SSLError(SSLEOFError(8, '[SSL: UNEXPECTED_EOF_WHILE_READING] EOF occurred in violation of protocol (_ssl.c:1033)')))
07/22/2026 10:48:23 WARNING [ThreadPoolExecutor-3_7] OSV vuln fetch failed for GHSA-qf6p-p7ww-cwr9: HTTPSConnectionPool(host='api.osv.dev', port=443): Max retries exceeded with url: /v1/vulns/GHSA-qf6p-p7ww-cwr9 (Caused by SSLError(SSLEOFError(8, '[SSL: UNEXPECTED_EOF_WHILE_READING] EOF occurred in violation of protocol (_ssl.c:1033)')))
07/22/2026 10:48:27 WARNING [ThreadPoolExecutor-3_6] OSV vuln fetch failed for GHSA-8jvc-mcx6-r4cg: HTTPSConnectionPool(host='api.osv.dev', port=443): Max retries exceeded with url: /v1/vulns/GHSA-8jvc-mcx6-r4cg (Caused by SSLError(SSLEOFError(8, '[SSL: UNEXPECTED_EOF_WHILE_READING] EOF occurred in violation of protocol (_ssl.c:1033)')))
07/22/2026 10:49:14 WARNING [ThreadPoolExecutor-3_17] OSV vuln fetch failed for GHSA-pm6v-2h4w-4rp2: HTTPSConnectionPool(host='api.osv.dev', port=443): Max retries exceeded with url: /v1/vulns/GHSA-pm6v-2h4w-4rp2 (Caused by SSLError(SSLEOFError(8, '[SSL: UNEXPECTED_EOF_WHILE_READING] EOF occurred in violation of protocol (_ssl.c:1033)')))
07/22/2026 10:49:14 WARNING [ThreadPoolExecutor-3_7] OSV vuln fetch failed for CGA-2fmw-fc3p-8vp3: HTTPSConnectionPool(host='api.osv.dev', port=443): Max retries exceeded with url: /v1/vulns/CGA-2fmw-fc3p-8vp3 (Caused by SSLError(SSLEOFError(8, '[SSL: UNEXPECTED_EOF_WHILE_READING] EOF occurred in violation of protocol (_ssl.c:1033)')))
07/22/2026 10:50:00 WARNING [ThreadPoolExecutor-3_10] OSV vuln fetch failed for GHSA-xp79-5mx3-jx52: HTTPSConnectionPool(host='api.osv.dev', port=443): Max retries exceeded with url: /v1/vulns/GHSA-xp79-5mx3-jx52 (Caused by SSLError(SSLEOFError(8, '[SSL: UNEXPECTED_EOF_WHILE_READING] EOF occurred in violation of protocol (_ssl.c:1033)')))
07/22/2026 10:50:00 WARNING [ThreadPoolExecutor-3_12] OSV vuln fetch failed for GHSA-3w28-36p9-w929: HTTPSConnectionPool(host='api.osv.dev', port=443): Max retries exceeded with url: /v1/vulns/GHSA-3w28-36p9-w929 (Caused by SSLError(SSLEOFError(8, '[SSL: UNEXPECTED_EOF_WHILE_READING] EOF occurred in violation of protocol (_ssl.c:1033)')))
07/22/2026 10:50:00 WARNING [ThreadPoolExecutor-3_9] OSV vuln fetch failed for GHSA-3qq3-668m-v9mj: HTTPSConnectionPool(host='api.osv.dev', port=443): Max retries exceeded with url: /v1/vulns/GHSA-3qq3-668m-v9mj (Caused by SSLError(SSLEOFError(8, '[SSL: UNEXPECTED_EOF_WHILE_READING] EOF occurred in violation of protocol (_ssl.c:1033)')))
07/22/2026 10:50:00 WARNING [ThreadPoolExecutor-3_8] OSV vuln fetch failed for CGA-2fmw-fc3p-8vp3: HTTPSConnectionPool(host='api.osv.dev', port=443): Max retries exceeded with url: /v1/vulns/CGA-2fmw-fc3p-8vp3 (Caused by SSLError(SSLEOFError(8, '[SSL: UNEXPECTED_EOF_WHILE_READING] EOF occurred in violation of protocol (_ssl.c:1033)')))
07/22/2026 10:50:00 WARNING [ThreadPoolExecutor-3_2] OSV vuln fetch failed for GHSA-qw24-gh76-8rvv: HTTPSConnectionPool(host='api.osv.dev', port=443): Max retries exceeded with url: /v1/vulns/GHSA-qw24-gh76-8rvv (Caused by SSLError(SSLEOFError(8, '[SSL: UNEXPECTED_EOF_WHILE_READING] EOF occurred in violation of protocol (_ssl.c:1033)')))
07/22/2026 10:50:00 WARNING [ThreadPoolExecutor-3_11] OSV vuln fetch failed for GHSA-4j89-2c4f-44c6: HTTPSConnectionPool(host='api.osv.dev', port=443): Max retries exceeded with url: /v1/vulns/GHSA-4j89-2c4f-44c6 (Caused by SSLError(SSLEOFError(8, '[SSL: UNEXPECTED_EOF_WHILE_READING] EOF occurred in violation of protocol (_ssl.c:1033)')))
07/22/2026 10:50:00 WARNING [ThreadPoolExecutor-3_5] OSV vuln fetch failed for GHSA-w6j9-vw59-27wv: HTTPSConnectionPool(host='api.osv.dev', port=443): Max retries exceeded with url: /v1/vulns/GHSA-w6j9-vw59-27wv (Caused by SSLError(SSLEOFError(8, '[SSL: UNEXPECTED_EOF_WHILE_READING] EOF occurred in violation of protocol (_ssl.c:1033)')))
07/22/2026 10:50:00 WARNING [ThreadPoolExecutor-3_14] OSV vuln fetch failed for GHSA-5c3f-6486-3g7g: HTTPSConnectionPool(host='api.osv.dev', port=443): Max retries exceeded with url: /v1/vulns/GHSA-5c3f-6486-3g7g (Caused by SSLError(SSLEOFError(8, '[SSL: UNEXPECTED_EOF_WHILE_READING] EOF occurred in violation of protocol (_ssl.c:1033)')))
07/22/2026 10:50:00 WARNING [ThreadPoolExecutor-3_18] OSV vuln fetch failed for GHSA-q6rc-2cgv-63h7: HTTPSConnectionPool(host='api.osv.dev', port=443): Max retries exceeded with url: /v1/vulns/GHSA-q6rc-2cgv-63h7 (Caused by SSLError(SSLEOFError(8, '[SSL: UNEXPECTED_EOF_WHILE_READING] EOF occurred in violation of protocol (_ssl.c:1033)')))
07/22/2026 10:50:00 WARNING [ThreadPoolExecutor-3_16] OSV vuln fetch failed for GHSA-jq8v-rmf6-65jw: HTTPSConnectionPool(host='api.osv.dev', port=443): Max retries exceeded with url: /v1/vulns/GHSA-jq8v-rmf6-65jw (Caused by SSLError(SSLEOFError(8, '[SSL: UNEXPECTED_EOF_WHILE_READING] EOF occurred in violation of protocol (_ssl.c:1033)')))
07/22/2026 10:50:00 WARNING [ThreadPoolExecutor-3_13] OSV vuln fetch failed for GHSA-c4v7-xg93-qf8g: HTTPSConnectionPool(host='api.osv.dev', port=443): Max retries exceeded with url: /v1/vulns/GHSA-c4v7-xg93-qf8g (Caused by SSLError(SSLEOFError(8, '[SSL: UNEXPECTED_EOF_WHILE_READING] EOF occurred in violation of protocol (_ssl.c:1033)')))
07/22/2026 10:50:00 WARNING [ThreadPoolExecutor-3_19] OSV vuln fetch failed for GHSA-wv27-2vqp-j7g5: HTTPSConnectionPool(host='api.osv.dev', port=443): Max retries exceeded with url: /v1/vulns/GHSA-wv27-2vqp-j7g5 (Caused by SSLError(SSLEOFError(8, '[SSL: UNEXPECTED_EOF_WHILE_READING] EOF occurred in violation of protocol (_ssl.c:1033)')))
07/22/2026 10:50:00 WARNING [ThreadPoolExecutor-3_3] OSV vuln fetch failed for GHSA-4565-r4x7-hg8j: HTTPSConnectionPool(host='api.osv.dev', port=443): Max retries exceeded with url: /v1/vulns/GHSA-4565-r4x7-hg8j (Caused by SSLError(SSLEOFError(8, '[SSL: UNEXPECTED_EOF_WHILE_READING] EOF occurred in violation of protocol (_ssl.c:1033)')))
07/22/2026 10:50:00 WARNING [ThreadPoolExecutor-3_4] OSV vuln fetch failed for GHSA-fqg3-8w8r-8g94: HTTPSConnectionPool(host='api.osv.dev', port=443): Max retries exceeded with url: /v1/vulns/GHSA-fqg3-8w8r-8g94 (Caused by SSLError(SSLEOFError(8, '[SSL: UNEXPECTED_EOF_WHILE_READING] EOF occurred in violation of protocol (_ssl.c:1033)')))
07/22/2026 10:50:29 WARNING [ThreadPoolExecutor-3_0] OSV vuln fetch failed for GHSA-pwx3-qcgw-vh7h: HTTPSConnectionPool(host='api.osv.dev', port=443): Max retries exceeded with url: /v1/vulns/GHSA-pwx3-qcgw-vh7h (Caused by SSLError(SSLEOFError(8, '[SSL: UNEXPECTED_EOF_WHILE_READING] EOF occurred in violation of protocol (_ssl.c:1033)')))
07/22/2026 10:50:35 WARNING [ThreadPoolExecutor-3_15] OSV vuln fetch failed for GHSA-3vg9-h568-4w9m: HTTPSConnectionPool(host='api.osv.dev', port=443): Max retries exceeded with url: /v1/vulns/GHSA-3vg9-h568-4w9m (Caused by SSLError(SSLEOFError(8, '[SSL: UNEXPECTED_EOF_WHILE_READING] EOF occurred in violation of protocol (_ssl.c:1033)')))
07/22/2026 10:51:53 WARNING [ThreadPoolExecutor-3_8] OSV vuln fetch failed for USN-8571-1: HTTPSConnectionPool(host='api.osv.dev', port=443): Max retries exceeded with url: /v1/vulns/USN-8571-1 (Caused by SSLError(SSLEOFError(8, '[SSL: UNEXPECTED_EOF_WHILE_READING] EOF occurred in violation of protocol (_ssl.c:1033)')))
07/22/2026 10:51:12 WARNING [ThreadPoolExecutor-3_1] OSV vuln fetch failed for USN-8568-1: HTTPSConnectionPool(host='api.osv.dev', port=443): Max retries exceeded with url: /v1/vulns/USN-8568-1 (Caused by SSLError(SSLEOFError(8, '[SSL: UNEXPECTED_EOF_WHILE_READING] EOF occurred in violation of protocol (_ssl.c:1033)')))
07/22/2026 10:51:42 WARNING [ThreadPoolExecutor-3_10] OSV vuln fetch failed for USN-8572-1: HTTPSConnectionPool(host='api.osv.dev', port=443): Max retries exceeded with url: /v1/vulns/USN-8572-1 (Caused by SSLError(SSLEOFError(8, '[SSL: UNEXPECTED_EOF_WHILE_READING] EOF occurred in violation of protocol (_ssl.c:1033)')))
07/22/2026 10:51:45 WARNING [ThreadPoolExecutor-3_9] OSV vuln fetch failed for USN-8566-1: HTTPSConnectionPool(host='api.osv.dev', port=443): Max retries exceeded with url: /v1/vulns/USN-8566-1 (Caused by SSLError(SSLEOFError(8, '[SSL: UNEXPECTED_EOF_WHILE_READING] EOF occurred in violation of protocol (_ssl.c:1033)')))
07/22/2026 10:51:53 WARNING [ThreadPoolExecutor-3_12] OSV vuln fetch failed for USN-8564-1: HTTPSConnectionPool(host='api.osv.dev', port=443): Max retries exceeded with url: /v1/vulns/USN-8564-1 (Caused by SSLError(SSLEOFError(8, '[SSL: UNEXPECTED_EOF_WHILE_READING] EOF occurred in violation of protocol (_ssl.c:1033)')))
07/22/2026 10:51:53 WARNING [ThreadPoolExecutor-3_11] OSV vuln fetch failed for USN-8559-1: HTTPSConnectionPool(host='api.osv.dev', port=443): Max retries exceeded with url: /v1/vulns/USN-8559-1 (Caused by SSLError(SSLEOFError(8, '[SSL: UNEXPECTED_EOF_WHILE_READING] EOF occurred in violation of protocol (_ssl.c:1033)')))
07/22/2026 10:51:53 WARNING [ThreadPoolExecutor-3_5] OSV vuln fetch failed for USN-8570-1: HTTPSConnectionPool(host='api.osv.dev', port=443): Max retries exceeded with url: /v1/vulns/USN-8570-1 (Caused by SSLError(SSLEOFError(8, '[SSL: UNEXPECTED_EOF_WHILE_READING] EOF occurred in violation of protocol (_ssl.c:1033)')))
07/22/2026 10:51:42 WARNING [ThreadPoolExecutor-3_7] OSV vuln fetch failed for USN-8565-1: HTTPSConnectionPool(host='api.osv.dev', port=443): Max retries exceeded with url: /v1/vulns/USN-8565-1 (Caused by SSLError(SSLEOFError(8, '[SSL: UNEXPECTED_EOF_WHILE_READING] EOF occurred in violation of protocol (_ssl.c:1033)')))
07/22/2026 10:51:56 WARNING [ThreadPoolExecutor-3_6] OSV vuln fetch failed for USN-8562-1: HTTPSConnectionPool(host='api.osv.dev', port=443): Max retries exceeded with url: /v1/vulns/USN-8562-1 (Caused by SSLError(SSLEOFError(8, '[SSL: UNEXPECTED_EOF_WHILE_READING] EOF occurred in violation of protocol (_ssl.c:1033)')))
07/22/2026 10:51:56 WARNING [ThreadPoolExecutor-3_17] OSV vuln fetch failed for USN-8569-1: HTTPSConnectionPool(host='api.osv.dev', port=443): Max retries exceeded with url: /v1/vulns/USN-8569-1 (Caused by SSLError(SSLEOFError(8, '[SSL: UNEXPECTED_EOF_WHILE_READING] EOF occurred in violation of protocol (_ssl.c:1033)')))
07/22/2026 10:51:56 WARNING [ThreadPoolExecutor-3_16] OSV vuln fetch failed for USN-8561-1: HTTPSConnectionPool(host='api.osv.dev', port=443): Max retries exceeded with url: /v1/vulns/USN-8561-1 (Caused by SSLError(SSLEOFError(8, '[SSL: UNEXPECTED_EOF_WHILE_READING] EOF occurred in violation of protocol (_ssl.c:1033)')))
07/22/2026 10:51:56 WARNING [ThreadPoolExecutor-3_2] OSV vuln fetch failed for USN-8573-1: HTTPSConnectionPool(host='api.osv.dev', port=443): Max retries exceeded with url: /v1/vulns/USN-8573-1 (Caused by SSLError(SSLEOFError(8, '[SSL: UNEXPECTED_EOF_WHILE_READING] EOF occurred in violation of protocol (_ssl.c:1033)')))
07/22/2026 10:53:14 WARNING [ThreadPoolExecutor-3_10] OSV vuln fetch failed for UBUNTU-CVE-2026-23053: HTTPSConnectionPool(host='api.osv.dev', port=443): Max retries exceeded with url: /v1/vulns/UBUNTU-CVE-2026-23053 (Caused by SSLError(SSLEOFError(8, '[SSL: UNEXPECTED_EOF_WHILE_READING] EOF occurred in violation of protocol (_ssl.c:1033)')))
07/22/2026 10:53:36 WARNING [ThreadPoolExecutor-3_7] OSV vuln fetch failed for UBUNTU-CVE-2026-23026: HTTPSConnectionPool(host='api.osv.dev', port=443): Max retries exceeded with url: /v1/vulns/UBUNTU-CVE-2026-23026 (Caused by SSLError(SSLEOFError(8, '[SSL: UNEXPECTED_EOF_WHILE_READING] EOF occurred in violation of protocol (_ssl.c:1033)')))
07/22/2026 10:53:36 WARNING [ThreadPoolExecutor-3_18] OSV vuln fetch failed for USN-8560-1: HTTPSConnectionPool(host='api.osv.dev', port=443): Max retries exceeded with url: /v1/vulns/USN-8560-1 (Caused by SSLError(SSLEOFError(8, '[SSL: UNEXPECTED_EOF_WHILE_READING] EOF occurred in violation of protocol (_ssl.c:1033)')))
07/22/2026 10:54:05 WARNING [ThreadPoolExecutor-3_12] OSV vuln fetch failed for UBUNTU-CVE-2026-23089: HTTPSConnectionPool(host='api.osv.dev', port=443): Max retries exceeded with url: /v1/vulns/UBUNTU-CVE-2026-23089 (Caused by SSLError(SSLEOFError(8, '[SSL: UNEXPECTED_EOF_WHILE_READING] EOF occurred in violation of protocol (_ssl.c:1033)')))
07/22/2026 10:54:15 WARNING [ThreadPoolExecutor-3_1] OSV vuln fetch failed for UBUNTU-CVE-2026-47328: HTTPSConnectionPool(host='api.osv.dev', port=443): Max retries exceeded with url: /v1/vulns/UBUNTU-CVE-2026-47328 (Caused by SSLError(SSLEOFError(8, '[SSL: UNEXPECTED_EOF_WHILE_READING] EOF occurred in violation of protocol (_ssl.c:1033)')))
07/22/2026 10:54:15 WARNING [ThreadPoolExecutor-3_11] OSV vuln fetch failed for UBUNTU-CVE-2026-23164: HTTPSConnectionPool(host='api.osv.dev', port=443): Max retries exceeded with url: /v1/vulns/UBUNTU-CVE-2026-23164 (Caused by SSLError(SSLEOFError(8, '[SSL: UNEXPECTED_EOF_WHILE_READING] EOF occurred in violation of protocol (_ssl.c:1033)')))
07/22/2026 10:54:15 WARNING [ThreadPoolExecutor-3_14] OSV vuln fetch failed for USN-8567-1: HTTPSConnectionPool(host='api.osv.dev', port=443): Max retries exceeded with url: /v1/vulns/USN-8567-1 (Caused by SSLError(SSLEOFError(8, '[SSL: UNEXPECTED_EOF_WHILE_READING] EOF occurred in violation of protocol (_ssl.c:1033)')))
07/22/2026 10:54:32 WARNING [ThreadPoolExecutor-3_0] OSV vuln fetch failed for UBUNTU-CVE-2026-23168: HTTPSConnectionPool(host='api.osv.dev', port=443): Max retries exceeded with url: /v1/vulns/UBUNTU-CVE-2026-23168 (Caused by SSLError(SSLEOFError(8, '[SSL: UNEXPECTED_EOF_WHILE_READING] EOF occurred in violation of protocol (_ssl.c:1033)')))
07/22/2026 10:54:36 WARNING [ThreadPoolExecutor-3_19] OSV vuln fetch failed for UBUNTU-CVE-2026-46135: HTTPSConnectionPool(host='api.osv.dev', port=443): Max retries exceeded with url: /v1/vulns/UBUNTU-CVE-2026-46135 (Caused by SSLError(SSLEOFError(8, '[SSL: UNEXPECTED_EOF_WHILE_READING] EOF occurred in violation of protocol (_ssl.c:1033)')))
07/22/2026 10:54:27 WARNING [ThreadPoolExecutor-3_4] OSV vuln fetch failed for UBUNTU-CVE-2026-31719: HTTPSConnectionPool(host='api.osv.dev', port=443): Max retries exceeded with url: /v1/vulns/UBUNTU-CVE-2026-31719 (Caused by SSLError(SSLEOFError(8, '[SSL: UNEXPECTED_EOF_WHILE_READING] EOF occurred in violation of protocol (_ssl.c:1033)')))
07/22/2026 10:54:36 WARNING [ThreadPoolExecutor-3_17] OSV vuln fetch failed for UBUNTU-CVE-2026-23011: HTTPSConnectionPool(host='api.osv.dev', port=443): Max retries exceeded with url: /v1/vulns/UBUNTU-CVE-2026-23011 (Caused by SSLError(SSLEOFError(8, '[SSL: UNEXPECTED_EOF_WHILE_READING] EOF occurred in violation of protocol (_ssl.c:1033)')))
07/22/2026 10:54:37 WARNING [ThreadPoolExecutor-3_15] OSV vuln fetch failed for UBUNTU-CVE-2025-71188: HTTPSConnectionPool(host='api.osv.dev', port=443): Max retries exceeded with url: /v1/vulns/UBUNTU-CVE-2025-71188 (Caused by SSLError(SSLEOFError(8, '[SSL: UNEXPECTED_EOF_WHILE_READING] EOF occurred in violation of protocol (_ssl.c:1033)')))
07/22/2026 10:54:37 WARNING [ThreadPoolExecutor-3_16] OSV vuln fetch failed for UBUNTU-CVE-2026-23120: HTTPSConnectionPool(host='api.osv.dev', port=443): Max retries exceeded with url: /v1/vulns/UBUNTU-CVE-2026-23120 (Caused by SSLError(SSLEOFError(8, '[SSL: UNEXPECTED_EOF_WHILE_READING] EOF occurred in violation of protocol (_ssl.c:1033)')))
07/22/2026 10:54:37 WARNING [ThreadPoolExecutor-3_6] OSV vuln fetch failed for UBUNTU-CVE-2026-23129: HTTPSConnectionPool(host='api.osv.dev', port=443): Max retries exceeded with url: /v1/vulns/UBUNTU-CVE-2026-23129 (Caused by SSLError(SSLEOFError(8, '[SSL: UNEXPECTED_EOF_WHILE_READING] EOF occurred in violation of protocol (_ssl.c:1033)')))
07/22/2026 10:54:19 WARNING [ThreadPoolExecutor-3_8] OSV vuln fetch failed for UBUNTU-CVE-2026-46039: HTTPSConnectionPool(host='api.osv.dev', port=443): Max retries exceeded with url: /v1/vulns/UBUNTU-CVE-2026-46039 (Caused by SSLError(SSLEOFError(8, '[SSL: UNEXPECTED_EOF_WHILE_READING] EOF occurred in violation of protocol (_ssl.c:1033)')))
07/22/2026 10:54:37 WARNING [ThreadPoolExecutor-3_9] OSV vuln fetch failed for UBUNTU-CVE-2026-23083: HTTPSConnectionPool(host='api.osv.dev', port=443): Max retries exceeded with url: /v1/vulns/UBUNTU-CVE-2026-23083 (Caused by SSLError(SSLEOFError(8, '[SSL: UNEXPECTED_EOF_WHILE_READING] EOF occurred in violation of protocol (_ssl.c:1033)')))
07/22/2026 10:54:37 WARNING [ThreadPoolExecutor-3_2] OSV vuln fetch failed for UBUNTU-CVE-2026-46028: HTTPSConnectionPool(host='api.osv.dev', port=443): Max retries exceeded with url: /v1/vulns/UBUNTU-CVE-2026-46028 (Caused by SSLError(SSLEOFError(8, '[SSL: UNEXPECTED_EOF_WHILE_READING] EOF occurred in violation of protocol (_ssl.c:1033)')))
07/22/2026 10:54:37 WARNING [ThreadPoolExecutor-3_13] OSV vuln fetch failed for UBUNTU-CVE-2026-31620: HTTPSConnectionPool(host='api.osv.dev', port=443): Max retries exceeded with url: /v1/vulns/UBUNTU-CVE-2026-31620 (Caused by SSLError(SSLEOFError(8, '[SSL: UNEXPECTED_EOF_WHILE_READING] EOF occurred in violation of protocol (_ssl.c:1033)')))
07/22/2026 10:55:02 WARNING [ThreadPoolExecutor-3_5] OSV vuln fetch failed for UBUNTU-CVE-2026-34032: HTTPSConnectionPool(host='api.osv.dev', port=443): Max retries exceeded with url: /v1/vulns/UBUNTU-CVE-2026-34032 (Caused by SSLError(SSLEOFError(8, '[SSL: UNEXPECTED_EOF_WHILE_READING] EOF occurred in violation of protocol (_ssl.c:1033)')))
07/22/2026 10:55:02 WARNING [ThreadPoolExecutor-3_3] OSV vuln fetch failed for UBUNTU-CVE-2026-23025: HTTPSConnectionPool(host='api.osv.dev', port=443): Max retries exceeded with url: /v1/vulns/UBUNTU-CVE-2026-23025 (Caused by SSLError(SSLEOFError(8, '[SSL: UNEXPECTED_EOF_WHILE_READING] EOF occurred in violation of protocol (_ssl.c:1033)')))
07/22/2026 10:56:18 WARNING [ThreadPoolExecutor-3_9] OSV vuln fetch failed for UBUNTU-CVE-2026-23085: HTTPSConnectionPool(host='api.osv.dev', port=443): Max retries exceeded with url: /v1/vulns/UBUNTU-CVE-2026-23085 (Caused by SSLError(SSLEOFError(8, '[SSL: UNEXPECTED_EOF_WHILE_READING] EOF occurred in violation of protocol (_ssl.c:1033)')))
07/22/2026 10:56:19 WARNING [ThreadPoolExecutor-3_19] OSV vuln fetch failed for UBUNTU-CVE-2026-46020: HTTPSConnectionPool(host='api.osv.dev', port=443): Max retries exceeded with url: /v1/vulns/UBUNTU-CVE-2026-46020 (Caused by SSLError(SSLEOFError(8, '[SSL: UNEXPECTED_EOF_WHILE_READING] EOF occurred in violation of protocol (_ssl.c:1033)')))
07/22/2026 10:56:14 WARNING [ThreadPoolExecutor-3_2] OSV vuln fetch failed for UBUNTU-CVE-2026-22990: HTTPSConnectionPool(host='api.osv.dev', port=443): Max retries exceeded with url: /v1/vulns/UBUNTU-CVE-2026-22990 (Caused by SSLError(SSLEOFError(8, '[SSL: UNEXPECTED_EOF_WHILE_READING] EOF occurred in violation of protocol (_ssl.c:1033)')))
07/22/2026 10:56:19 WARNING [ThreadPoolExecutor-3_6] OSV vuln fetch failed for UBUNTU-CVE-2026-23150: HTTPSConnectionPool(host='api.osv.dev', port=443): Max retries exceeded with url: /v1/vulns/UBUNTU-CVE-2026-23150 (Caused by SSLError(SSLEOFError(8, '[SSL: UNEXPECTED_EOF_WHILE_READING] EOF occurred in violation of protocol (_ssl.c:1033)')))
07/22/2026 10:56:19 WARNING [ThreadPoolExecutor-3_3] OSV vuln fetch failed for UBUNTU-CVE-2025-71194: HTTPSConnectionPool(host='api.osv.dev', port=443): Max retries exceeded with url: /v1/vulns/UBUNTU-CVE-2025-71194 (Caused by SSLError(SSLEOFError(8, '[SSL: UNEXPECTED_EOF_WHILE_READING] EOF occurred in violation of protocol (_ssl.c:1033)')))
07/22/2026 10:56:19 WARNING [ThreadPoolExecutor-3_8] OSV vuln fetch failed for UBUNTU-CVE-2026-31710: HTTPSConnectionPool(host='api.osv.dev', port=443): Max retries exceeded with url: /v1/vulns/UBUNTU-CVE-2026-31710 (Caused by SSLError(SSLEOFError(8, '[SSL: UNEXPECTED_EOF_WHILE_READING] EOF occurred in violation of protocol (_ssl.c:1033)')))
07/22/2026 10:56:19 WARNING [ThreadPoolExecutor-3_15] OSV vuln fetch failed for UBUNTU-CVE-2026-22982: HTTPSConnectionPool(host='api.osv.dev', port=443): Max retries exceeded with url: /v1/vulns/UBUNTU-CVE-2026-22982 (Caused by SSLError(SSLEOFError(8, '[SSL: UNEXPECTED_EOF_WHILE_READING] EOF occurred in violation of protocol (_ssl.c:1033)')))
07/22/2026 10:56:19 WARNING [ThreadPoolExecutor-3_18] OSV vuln fetch failed for UBUNTU-CVE-2026-23156: HTTPSConnectionPool(host='api.osv.dev', port=443): Max retries exceeded with url: /v1/vulns/UBUNTU-CVE-2026-23156 (Caused by SSLError(SSLEOFError(8, '[SSL: UNEXPECTED_EOF_WHILE_READING] EOF occurred in violation of protocol (_ssl.c:1033)')))
07/22/2026 10:56:19 WARNING [ThreadPoolExecutor-3_14] OSV vuln fetch failed for UBUNTU-CVE-2026-23148: HTTPSConnectionPool(host='api.osv.dev', port=443): Max retries exceeded with url: /v1/vulns/UBUNTU-CVE-2026-23148 (Caused by SSLError(SSLEOFError(8, '[SSL: UNEXPECTED_EOF_WHILE_READING] EOF occurred in violation of protocol (_ssl.c:1033)')))
07/22/2026 10:56:19 WARNING [ThreadPoolExecutor-3_16] OSV vuln fetch failed for UBUNTU-CVE-2026-43349: HTTPSConnectionPool(host='api.osv.dev', port=443): Max retries exceeded with url: /v1/vulns/UBUNTU-CVE-2026-43349 (Caused by SSLError(SSLEOFError(8, '[SSL: UNEXPECTED_EOF_WHILE_READING] EOF occurred in violation of protocol (_ssl.c:1033)')))
07/22/2026 10:56:19 WARNING [ThreadPoolExecutor-3_13] OSV vuln fetch failed for UBUNTU-CVE-2026-46036: HTTPSConnectionPool(host='api.osv.dev', port=443): Max retries exceeded with url: /v1/vulns/UBUNTU-CVE-2026-46036 (Caused by SSLError(SSLEOFError(8, '[SSL: UNEXPECTED_EOF_WHILE_READING] EOF occurred in violation of protocol (_ssl.c:1033)')))
07/22/2026 10:56:19 WARNING [ThreadPoolExecutor-3_0] OSV vuln fetch failed for UBUNTU-CVE-2026-23032: HTTPSConnectionPool(host='api.osv.dev', port=443): Max retries exceeded with url: /v1/vulns/UBUNTU-CVE-2026-23032 (Caused by SSLError(SSLEOFError(8, '[SSL: UNEXPECTED_EOF_WHILE_READING] EOF occurred in violation of protocol (_ssl.c:1033)')))
07/22/2026 10:56:19 WARNING [ThreadPoolExecutor-3_17] OSV vuln fetch failed for UBUNTU-CVE-2026-46093: HTTPSConnectionPool(host='api.osv.dev', port=443): Max retries exceeded with url: /v1/vulns/UBUNTU-CVE-2026-46093 (Caused by SSLError(SSLEOFError(8, '[SSL: UNEXPECTED_EOF_WHILE_READING] EOF occurred in violation of protocol (_ssl.c:1033)')))
07/22/2026 10:56:19 WARNING [ThreadPoolExecutor-3_1] OSV vuln fetch failed for UBUNTU-CVE-2026-46087: HTTPSConnectionPool(host='api.osv.dev', port=443): Max retries exceeded with url: /v1/vulns/UBUNTU-CVE-2026-46087 (Caused by SSLError(SSLEOFError(8, '[SSL: UNEXPECTED_EOF_WHILE_READING] EOF occurred in violation of protocol (_ssl.c:1033)')))
07/22/2026 10:56:19 WARNING [ThreadPoolExecutor-3_10] OSV vuln fetch failed for UBUNTU-CVE-2026-46095: HTTPSConnectionPool(host='api.osv.dev', port=443): Max retries exceeded with url: /v1/vulns/UBUNTU-CVE-2026-46095 (Caused by SSLError(SSLEOFError(8, '[SSL: UNEXPECTED_EOF_WHILE_READING] EOF occurred in violation of protocol (_ssl.c:1033)')))
07/22/2026 10:56:19 WARNING [ThreadPoolExecutor-3_5] OSV vuln fetch failed for UBUNTU-CVE-2026-23146: HTTPSConnectionPool(host='api.osv.dev', port=443): Max retries exceeded with url: /v1/vulns/UBUNTU-CVE-2026-23146 (Caused by SSLError(SSLEOFError(8, '[SSL: UNEXPECTED_EOF_WHILE_READING] EOF occurred in violation of protocol (_ssl.c:1033)')))
07/22/2026 10:56:19 WARNING [ThreadPoolExecutor-3_7] OSV vuln fetch failed for UBUNTU-CVE-2026-49975: HTTPSConnectionPool(host='api.osv.dev', port=443): Max retries exceeded with url: /v1/vulns/UBUNTU-CVE-2026-49975 (Caused by SSLError(SSLEOFError(8, '[SSL: UNEXPECTED_EOF_WHILE_READING] EOF occurred in violation of protocol (_ssl.c:1033)')))
07/22/2026 10:56:19 WARNING [ThreadPoolExecutor-3_12] OSV vuln fetch failed for UBUNTU-CVE-2026-31600: HTTPSConnectionPool(host='api.osv.dev', port=443): Max retries exceeded with url: /v1/vulns/UBUNTU-CVE-2026-31600 (Caused by SSLError(SSLEOFError(8, '[SSL: UNEXPECTED_EOF_WHILE_READING] EOF occurred in violation of protocol (_ssl.c:1033)')))
07/22/2026 10:56:19 WARNING [ThreadPoolExecutor-3_4] OSV vuln fetch failed for UBUNTU-CVE-2026-46060: HTTPSConnectionPool(host='api.osv.dev', port=443): Max retries exceeded with url: /v1/vulns/UBUNTU-CVE-2026-46060 (Caused by SSLError(SSLEOFError(8, '[SSL: UNEXPECTED_EOF_WHILE_READING] EOF occurred in violation of protocol (_ssl.c:1033)')))
07/22/2026 10:57:23 WARNING [ThreadPoolExecutor-3_0] OSV vuln fetch failed for UBUNTU-CVE-2025-71180: HTTPSConnectionPool(host='api.osv.dev', port=443): Max retries exceeded with url: /v1/vulns/UBUNTU-CVE-2025-71180 (Caused by NameResolutionError("HTTPSConnection(host='api.osv.dev', port=443): Failed to resolve 'api.osv.dev' ([Errno -3] Temporary failure in name resolution)"))
07/22/2026 10:57:23 WARNING [ThreadPoolExecutor-3_14] OSV vuln fetch failed for ALSA-2026:41906: HTTPSConnectionPool(host='api.osv.dev', port=443): Max retries exceeded with url: /v1/vulns/ALSA-2026:41906 (Caused by NameResolutionError("HTTPSConnection(host='api.osv.dev', port=443): Failed to resolve 'api.osv.dev' ([Errno -3] Temporary failure in name resolution)"))
07/22/2026 10:57:29 WARNING [ThreadPoolExecutor-3_8] OSV vuln fetch failed for UBUNTU-CVE-2026-43071: HTTPSConnectionPool(host='api.osv.dev', port=443): Max retries exceeded with url: /v1/vulns/UBUNTU-CVE-2026-43071 (Caused by NameResolutionError("HTTPSConnection(host='api.osv.dev', port=443): Failed to resolve 'api.osv.dev' ([Errno -3] Temporary failure in name resolution)"))
07/22/2026 10:57:34 WARNING [ThreadPoolExecutor-3_3] OSV vuln fetch failed for UBUNTU-CVE-2026-52905: HTTPSConnectionPool(host='api.osv.dev', port=443): Max retries exceeded with url: /v1/vulns/UBUNTU-CVE-2026-52905 (Caused by NameResolutionError("HTTPSConnection(host='api.osv.dev', port=443): Failed to resolve 'api.osv.dev' ([Errno -3] Temporary failure in name resolution)"))
07/22/2026 10:57:23 WARNING [ThreadPoolExecutor-3_6] OSV vuln fetch failed for UBUNTU-CVE-2026-23121: HTTPSConnectionPool(host='api.osv.dev', port=443): Max retries exceeded with url: /v1/vulns/UBUNTU-CVE-2026-23121 (Caused by NameResolutionError("HTTPSConnection(host='api.osv.dev', port=443): Failed to resolve 'api.osv.dev' ([Errno -3] Temporary failure in name resolution)"))
07/22/2026 10:57:36 WARNING [ThreadPoolExecutor-3_13] OSV vuln fetch failed for UBUNTU-CVE-2026-23145: HTTPSConnectionPool(host='api.osv.dev', port=443): Max retries exceeded with url: /v1/vulns/UBUNTU-CVE-2026-23145 (Caused by NameResolutionError("HTTPSConnection(host='api.osv.dev', port=443): Failed to resolve 'api.osv.dev' ([Errno -3] Temporary failure in name resolution)"))
07/22/2026 10:57:36 WARNING [ThreadPoolExecutor-3_5] OSV vuln fetch failed for UBUNTU-CVE-2026-46279: HTTPSConnectionPool(host='api.osv.dev', port=443): Max retries exceeded with url: /v1/vulns/UBUNTU-CVE-2026-46279 (Caused by NameResolutionError("HTTPSConnection(host='api.osv.dev', port=443): Failed to resolve 'api.osv.dev' ([Errno -3] Temporary failure in name resolution)"))
07/22/2026 10:57:36 WARNING [ThreadPoolExecutor-3_18] OSV vuln fetch failed for UBUNTU-CVE-2026-22991: HTTPSConnectionPool(host='api.osv.dev', port=443): Max retries exceeded with url: /v1/vulns/UBUNTU-CVE-2026-22991 (Caused by NameResolutionError("HTTPSConnection(host='api.osv.dev', port=443): Failed to resolve 'api.osv.dev' ([Errno -3] Temporary failure in name resolution)"))
07/22/2026 10:57:27 WARNING [ThreadPoolExecutor-3_10] OSV vuln fetch failed for UBUNTU-CVE-2026-23123: HTTPSConnectionPool(host='api.osv.dev', port=443): Max retries exceeded with url: /v1/vulns/UBUNTU-CVE-2026-23123 (Caused by NameResolutionError("HTTPSConnection(host='api.osv.dev', port=443): Failed to resolve 'api.osv.dev' ([Errno -3] Temporary failure in name resolution)"))
07/22/2026 10:57:36 WARNING [ThreadPoolExecutor-3_16] OSV vuln fetch failed for UBUNTU-CVE-2026-23128: HTTPSConnectionPool(host='api.osv.dev', port=443): Max retries exceeded with url: /v1/vulns/UBUNTU-CVE-2026-23128 (Caused by NameResolutionError("HTTPSConnection(host='api.osv.dev', port=443): Failed to resolve 'api.osv.dev' ([Errno -3] Temporary failure in name resolution)"))
07/22/2026 10:57:36 WARNING [ThreadPoolExecutor-3_1] OSV vuln fetch failed for UBUNTU-CVE-2026-23172: HTTPSConnectionPool(host='api.osv.dev', port=443): Max retries exceeded with url: /v1/vulns/UBUNTU-CVE-2026-23172 (Caused by NameResolutionError("HTTPSConnection(host='api.osv.dev', port=443): Failed to resolve 'api.osv.dev' ([Errno -3] Temporary failure in name resolution)"))
07/22/2026 10:57:30 WARNING [ThreadPoolExecutor-3_7] OSV vuln fetch failed for UBUNTU-CVE-2026-46043: HTTPSConnectionPool(host='api.osv.dev', port=443): Max retries exceeded with url: /v1/vulns/UBUNTU-CVE-2026-46043 (Caused by NameResolutionError("HTTPSConnection(host='api.osv.dev', port=443): Failed to resolve 'api.osv.dev' ([Errno -3] Temporary failure in name resolution)"))
07/22/2026 10:57:36 WARNING [ThreadPoolExecutor-3_12] OSV vuln fetch failed for UBUNTU-CVE-2026-47327: HTTPSConnectionPool(host='api.osv.dev', port=443): Max retries exceeded with url: /v1/vulns/UBUNTU-CVE-2026-47327 (Caused by NameResolutionError("HTTPSConnection(host='api.osv.dev', port=443): Failed to resolve 'api.osv.dev' ([Errno -3] Temporary failure in name resolution)"))
07/22/2026 10:57:36 WARNING [ThreadPoolExecutor-3_17] OSV vuln fetch failed for UBUNTU-CVE-2026-44186: HTTPSConnectionPool(host='api.osv.dev', port=443): Max retries exceeded with url: /v1/vulns/UBUNTU-CVE-2026-44186 (Caused by NameResolutionError("HTTPSConnection(host='api.osv.dev', port=443): Failed to resolve 'api.osv.dev' ([Errno -3] Temporary failure in name resolution)"))
07/22/2026 10:57:36 WARNING [ThreadPoolExecutor-3_15] OSV vuln fetch failed for UBUNTU-CVE-2026-23001: HTTPSConnectionPool(host='api.osv.dev', port=443): Max retries exceeded with url: /v1/vulns/UBUNTU-CVE-2026-23001 (Caused by NameResolutionError("HTTPSConnection(host='api.osv.dev', port=443): Failed to resolve 'api.osv.dev' ([Errno -3] Temporary failure in name resolution)"))
07/22/2026 10:57:29 WARNING [ThreadPoolExecutor-3_19] OSV vuln fetch failed for UBUNTU-CVE-2026-23102: HTTPSConnectionPool(host='api.osv.dev', port=443): Max retries exceeded with url: /v1/vulns/UBUNTU-CVE-2026-23102 (Caused by NameResolutionError("HTTPSConnection(host='api.osv.dev', port=443): Failed to resolve 'api.osv.dev' ([Errno -3] Temporary failure in name resolution)"))
07/22/2026 10:58:42 WARNING [ThreadPoolExecutor-3_1] OSV vuln fetch failed for UBUNTU-CVE-2026-31574: HTTPSConnectionPool(host='api.osv.dev', port=443): Max retries exceeded with url: /v1/vulns/UBUNTU-CVE-2026-31574 (Caused by SSLError(SSLEOFError(8, '[SSL: UNEXPECTED_EOF_WHILE_READING] EOF occurred in violation of protocol (_ssl.c:1033)')))
07/22/2026 10:58:42 WARNING [ThreadPoolExecutor-3_5] OSV vuln fetch failed for UBUNTU-CVE-2026-46029: HTTPSConnectionPool(host='api.osv.dev', port=443): Max retries exceeded with url: /v1/vulns/UBUNTU-CVE-2026-46029 (Caused by SSLError(SSLEOFError(8, '[SSL: UNEXPECTED_EOF_WHILE_READING] EOF occurred in violation of protocol (_ssl.c:1033)')))
07/22/2026 10:58:42 WARNING [ThreadPoolExecutor-3_17] OSV vuln fetch failed for UBUNTU-CVE-2026-22978: HTTPSConnectionPool(host='api.osv.dev', port=443): Max retries exceeded with url: /v1/vulns/UBUNTU-CVE-2026-22978 (Caused by SSLError(SSLEOFError(8, '[SSL: UNEXPECTED_EOF_WHILE_READING] EOF occurred in violation of protocol (_ssl.c:1033)')))
07/22/2026 10:58:42 WARNING [ThreadPoolExecutor-3_10] OSV vuln fetch failed for UBUNTU-CVE-2026-45995: HTTPSConnectionPool(host='api.osv.dev', port=443): Max retries exceeded with url: /v1/vulns/UBUNTU-CVE-2026-45995 (Caused by SSLError(SSLEOFError(8, '[SSL: UNEXPECTED_EOF_WHILE_READING] EOF occurred in violation of protocol (_ssl.c:1033)')))
07/22/2026 10:58:42 WARNING [ThreadPoolExecutor-3_12] OSV vuln fetch failed for UBUNTU-CVE-2026-23006: HTTPSConnectionPool(host='api.osv.dev', port=443): Max retries exceeded with url: /v1/vulns/UBUNTU-CVE-2026-23006 (Caused by SSLError(SSLEOFError(8, '[SSL: UNEXPECTED_EOF_WHILE_READING] EOF occurred in violation of protocol (_ssl.c:1033)')))
07/22/2026 10:58:42 WARNING [ThreadPoolExecutor-3_8] OSV vuln fetch failed for UBUNTU-CVE-2026-23037: HTTPSConnectionPool(host='api.osv.dev', port=443): Max retries exceeded with url: /v1/vulns/UBUNTU-CVE-2026-23037 (Caused by SSLError(SSLEOFError(8, '[SSL: UNEXPECTED_EOF_WHILE_READING] EOF occurred in violation of protocol (_ssl.c:1033)')))
07/22/2026 10:58:42 WARNING [ThreadPoolExecutor-3_14] OSV vuln fetch failed for UBUNTU-CVE-2026-46010: HTTPSConnectionPool(host='api.osv.dev', port=443): Max retries exceeded with url: /v1/vulns/UBUNTU-CVE-2026-46010 (Caused by SSLError(SSLEOFError(8, '[SSL: UNEXPECTED_EOF_WHILE_READING] EOF occurred in violation of protocol (_ssl.c:1033)')))
07/22/2026 10:58:42 WARNING [ThreadPoolExecutor-3_4] OSV vuln fetch failed for UBUNTU-CVE-2026-47332: HTTPSConnectionPool(host='api.osv.dev', port=443): Max retries exceeded with url: /v1/vulns/UBUNTU-CVE-2026-47332 (Caused by SSLError(SSLEOFError(8, '[SSL: UNEXPECTED_EOF_WHILE_READING] EOF occurred in violation of protocol (_ssl.c:1033)')))
07/22/2026 10:58:42 WARNING [ThreadPoolExecutor-3_16] OSV vuln fetch failed for UBUNTU-CVE-2026-46195: HTTPSConnectionPool(host='api.osv.dev', port=443): Max retries exceeded with url: /v1/vulns/UBUNTU-CVE-2026-46195 (Caused by SSLError(SSLEOFError(8, '[SSL: UNEXPECTED_EOF_WHILE_READING] EOF occurred in violation of protocol (_ssl.c:1033)')))
07/22/2026 10:58:42 WARNING [ThreadPoolExecutor-3_0] OSV vuln fetch failed for UBUNTU-CVE-2026-46013: HTTPSConnectionPool(host='api.osv.dev', port=443): Max retries exceeded with url: /v1/vulns/UBUNTU-CVE-2026-46013 (Caused by SSLError(SSLEOFError(8, '[SSL: UNEXPECTED_EOF_WHILE_READING] EOF occurred in violation of protocol (_ssl.c:1033)')))
07/22/2026 10:58:42 WARNING [ThreadPoolExecutor-3_19] OSV vuln fetch failed for UBUNTU-CVE-2026-33857: HTTPSConnectionPool(host='api.osv.dev', port=443): Max retries exceeded with url: /v1/vulns/UBUNTU-CVE-2026-33857 (Caused by SSLError(SSLEOFError(8, '[SSL: UNEXPECTED_EOF_WHILE_READING] EOF occurred in violation of protocol (_ssl.c:1033)')))
07/22/2026 10:58:42 WARNING [ThreadPoolExecutor-3_2] OSV vuln fetch failed for UBUNTU-CVE-2026-23087: HTTPSConnectionPool(host='api.osv.dev', port=443): Max retries exceeded with url: /v1/vulns/UBUNTU-CVE-2026-23087 (Caused by SSLError(SSLEOFError(8, '[SSL: UNEXPECTED_EOF_WHILE_READING] EOF occurred in violation of protocol (_ssl.c:1033)')))
07/22/2026 10:58:42 WARNING [ThreadPoolExecutor-3_13] OSV vuln fetch failed for UBUNTU-CVE-2026-46185: HTTPSConnectionPool(host='api.osv.dev', port=443): Max retries exceeded with url: /v1/vulns/UBUNTU-CVE-2026-46185 (Caused by SSLError(SSLEOFError(8, '[SSL: UNEXPECTED_EOF_WHILE_READING] EOF occurred in violation of protocol (_ssl.c:1033)')))
07/22/2026 10:58:42 WARNING [ThreadPoolExecutor-3_3] OSV vuln fetch failed for UBUNTU-CVE-2026-23135: HTTPSConnectionPool(host='api.osv.dev', port=443): Max retries exceeded with url: /v1/vulns/UBUNTU-CVE-2026-23135 (Caused by SSLError(SSLEOFError(8, '[SSL: UNEXPECTED_EOF_WHILE_READING] EOF occurred in violation of protocol (_ssl.c:1033)')))
07/22/2026 10:58:42 WARNING [ThreadPoolExecutor-3_11] OSV vuln fetch failed for UBUNTU-CVE-2026-23038: HTTPSConnectionPool(host='api.osv.dev', port=443): Max retries exceeded with url: /v1/vulns/UBUNTU-CVE-2026-23038 (Caused by SSLError(SSLEOFError(8, '[SSL: UNEXPECTED_EOF_WHILE_READING] EOF occurred in violation of protocol (_ssl.c:1033)')))
07/22/2026 10:58:42 WARNING [ThreadPoolExecutor-3_7] OSV vuln fetch failed for UBUNTU-CVE-2026-34356: HTTPSConnectionPool(host='api.osv.dev', port=443): Max retries exceeded with url: /v1/vulns/UBUNTU-CVE-2026-34356 (Caused by SSLError(SSLEOFError(8, '[SSL: UNEXPECTED_EOF_WHILE_READING] EOF occurred in violation of protocol (_ssl.c:1033)')))
07/22/2026 10:58:42 WARNING [ThreadPoolExecutor-3_18] OSV vuln fetch failed for UBUNTU-CVE-2026-46100: HTTPSConnectionPool(host='api.osv.dev', port=443): Max retries exceeded with url: /v1/vulns/UBUNTU-CVE-2026-46100 (Caused by SSLError(SSLEOFError(8, '[SSL: UNEXPECTED_EOF_WHILE_READING] EOF occurred in violation of protocol (_ssl.c:1033)')))
07/22/2026 10:58:42 WARNING [ThreadPoolExecutor-3_15] OSV vuln fetch failed for UBUNTU-CVE-2026-43494: HTTPSConnectionPool(host='api.osv.dev', port=443): Max retries exceeded with url: /v1/vulns/UBUNTU-CVE-2026-43494 (Caused by SSLError(SSLEOFError(8, '[SSL: UNEXPECTED_EOF_WHILE_READING] EOF occurred in violation of protocol (_ssl.c:1033)')))
07/22/2026 10:59:38 WARNING [ThreadPoolExecutor-3_6] OSV vuln fetch failed for UBUNTU-CVE-2026-23116: HTTPSConnectionPool(host='api.osv.dev', port=443): Max retries exceeded with url: /v1/vulns/UBUNTU-CVE-2026-23116 (Caused by SSLError(SSLEOFError(8, '[SSL: UNEXPECTED_EOF_WHILE_READING] EOF occurred in violation of protocol (_ssl.c:1033)')))
07/22/2026 10:59:38 WARNING [ThreadPoolExecutor-3_16] OSV vuln fetch failed for UBUNTU-CVE-2026-23151: HTTPSConnectionPool(host='api.osv.dev', port=443): Max retries exceeded with url: /v1/vulns/UBUNTU-CVE-2026-23151 (Caused by SSLError(SSLEOFError(8, '[SSL: UNEXPECTED_EOF_WHILE_READING] EOF occurred in violation of protocol (_ssl.c:1033)')))
07/22/2026 10:59:38 WARNING [ThreadPoolExecutor-3_9] OSV vuln fetch failed for UBUNTU-CVE-2026-23075: HTTPSConnectionPool(host='api.osv.dev', port=443): Max retries exceeded with url: /v1/vulns/UBUNTU-CVE-2026-23075 (Caused by SSLError(SSLEOFError(8, '[SSL: UNEXPECTED_EOF_WHILE_READING] EOF occurred in violation of protocol (_ssl.c:1033)')))
07/22/2026 11:01:52 WARNING [ThreadPoolExecutor-3_12] OSV vuln fetch failed for UBUNTU-CVE-2026-23063: HTTPSConnectionPool(host='api.osv.dev', port=443): Max retries exceeded with url: /v1/vulns/UBUNTU-CVE-2026-23063 (Caused by SSLError(SSLEOFError(8, '[SSL: UNEXPECTED_EOF_WHILE_READING] EOF occurred in violation of protocol (_ssl.c:1033)')))
07/22/2026 11:02:09 WARNING [ThreadPoolExecutor-3_17] OSV vuln fetch failed for UBUNTU-CVE-2026-23076: HTTPSConnectionPool(host='api.osv.dev', port=443): Max retries exceeded with url: /v1/vulns/UBUNTU-CVE-2026-23076 (Caused by SSLError(SSLEOFError(8, '[SSL: UNEXPECTED_EOF_WHILE_READING] EOF occurred in violation of protocol (_ssl.c:1033)')))
07/22/2026 11:03:33 WARNING [ThreadPoolExecutor-3_5] OSV vuln fetch failed for UBUNTU-CVE-2026-23080: HTTPSConnectionPool(host='api.osv.dev', port=443): Max retries exceeded with url: /v1/vulns/UBUNTU-CVE-2026-23080 (Caused by SSLError(SSLEOFError(8, '[SSL: UNEXPECTED_EOF_WHILE_READING] EOF occurred in violation of protocol (_ssl.c:1033)')))
07/22/2026 11:02:53 WARNING [ThreadPoolExecutor-3_4] OSV vuln fetch failed for UBUNTU-CVE-2026-23061: HTTPSConnectionPool(host='api.osv.dev', port=443): Max retries exceeded with url: /v1/vulns/UBUNTU-CVE-2026-23061 (Caused by SSLError(SSLEOFError(8, '[SSL: UNEXPECTED_EOF_WHILE_READING] EOF occurred in violation of protocol (_ssl.c:1033)')))
07/22/2026 11:04:17 WARNING [ThreadPoolExecutor-3_11] OSV vuln fetch failed for UBUNTU-CVE-2026-31589: HTTPSConnectionPool(host='api.osv.dev', port=443): Max retries exceeded with url: /v1/vulns/UBUNTU-CVE-2026-31589 (Caused by SSLError(SSLEOFError(8, '[SSL: UNEXPECTED_EOF_WHILE_READING] EOF occurred in violation of protocol (_ssl.c:1033)')))
07/22/2026 11:04:17 WARNING [ThreadPoolExecutor-3_14] OSV vuln fetch failed for UBUNTU-CVE-2026-47334: HTTPSConnectionPool(host='api.osv.dev', port=443): Max retries exceeded with url: /v1/vulns/UBUNTU-CVE-2026-47334 (Caused by SSLError(SSLEOFError(8, '[SSL: UNEXPECTED_EOF_WHILE_READING] EOF occurred in violation of protocol (_ssl.c:1033)')))
07/22/2026 11:04:17 WARNING [ThreadPoolExecutor-3_8] OSV vuln fetch failed for UBUNTU-CVE-2026-23173: HTTPSConnectionPool(host='api.osv.dev', port=443): Max retries exceeded with url: /v1/vulns/UBUNTU-CVE-2026-23173 (Caused by SSLError(SSLEOFError(8, '[SSL: UNEXPECTED_EOF_WHILE_READING] EOF occurred in violation of protocol (_ssl.c:1033)')))
07/22/2026 11:04:17 WARNING [ThreadPoolExecutor-3_10] OSV vuln fetch failed for UBUNTU-CVE-2026-23124: HTTPSConnectionPool(host='api.osv.dev', port=443): Max retries exceeded with url: /v1/vulns/UBUNTU-CVE-2026-23124 (Caused by SSLError(SSLEOFError(8, '[SSL: UNEXPECTED_EOF_WHILE_READING] EOF occurred in violation of protocol (_ssl.c:1033)')))
07/22/2026 11:04:17 WARNING [ThreadPoolExecutor-3_1] OSV vuln fetch failed for UBUNTU-CVE-2026-33523: HTTPSConnectionPool(host='api.osv.dev', port=443): Max retries exceeded with url: /v1/vulns/UBUNTU-CVE-2026-33523 (Caused by SSLError(SSLEOFError(8, '[SSL: UNEXPECTED_EOF_WHILE_READING] EOF occurred in violation of protocol (_ssl.c:1033)')))
07/22/2026 11:04:45 WARNING [ThreadPoolExecutor-3_19] OSV vuln fetch failed for UBUNTU-CVE-2026-43493: HTTPSConnectionPool(host='api.osv.dev', port=443): Max retries exceeded with url: /v1/vulns/UBUNTU-CVE-2026-43493 (Caused by SSLError(SSLEOFError(8, '[SSL: UNEXPECTED_EOF_WHILE_READING] EOF occurred in violation of protocol (_ssl.c:1033)')))
07/22/2026 11:04:45 WARNING [ThreadPoolExecutor-3_0] OSV vuln fetch failed for UBUNTU-CVE-2026-46155: HTTPSConnectionPool(host='api.osv.dev', port=443): Max retries exceeded with url: /v1/vulns/UBUNTU-CVE-2026-46155 (Caused by SSLError(SSLEOFError(8, '[SSL: UNEXPECTED_EOF_WHILE_READING] EOF occurred in violation of protocol (_ssl.c:1033)')))
07/22/2026 11:04:45 WARNING [ThreadPoolExecutor-3_13] OSV vuln fetch failed for UBUNTU-CVE-2026-31703: HTTPSConnectionPool(host='api.osv.dev', port=443): Max retries exceeded with url: /v1/vulns/UBUNTU-CVE-2026-31703 (Caused by SSLError(SSLEOFError(8, '[SSL: UNEXPECTED_EOF_WHILE_READING] EOF occurred in violation of protocol (_ssl.c:1033)')))
07/22/2026 11:04:45 WARNING [ThreadPoolExecutor-3_7] OSV vuln fetch failed for UBUNTU-CVE-2026-52906: HTTPSConnectionPool(host='api.osv.dev', port=443): Max retries exceeded with url: /v1/vulns/UBUNTU-CVE-2026-52906 (Caused by SSLError(SSLEOFError(8, '[SSL: UNEXPECTED_EOF_WHILE_READING] EOF occurred in violation of protocol (_ssl.c:1033)')))
07/22/2026 11:04:45 WARNING [ThreadPoolExecutor-3_18] OSV vuln fetch failed for UBUNTU-CVE-2026-46025: HTTPSConnectionPool(host='api.osv.dev', port=443): Max retries exceeded with url: /v1/vulns/UBUNTU-CVE-2026-46025 (Caused by SSLError(SSLEOFError(8, '[SSL: UNEXPECTED_EOF_WHILE_READING] EOF occurred in violation of protocol (_ssl.c:1033)')))
07/22/2026 11:05:48 WARNING [ThreadPoolExecutor-3_2] OSV vuln fetch failed for UBUNTU-CVE-2026-23010: HTTPSConnectionPool(host='api.osv.dev', port=443): Max retries exceeded with url: /v1/vulns/UBUNTU-CVE-2026-23010 (Caused by SSLError(SSLEOFError(8, '[SSL: UNEXPECTED_EOF_WHILE_READING] EOF occurred in violation of protocol (_ssl.c:1033)')))
07/22/2026 11:07:01 WARNING [ThreadPoolExecutor-3_15] OSV vuln fetch failed for UBUNTU-CVE-2026-23170: HTTPSConnectionPool(host='api.osv.dev', port=443): Max retries exceeded with url: /v1/vulns/UBUNTU-CVE-2026-23170 (Caused by SSLError(SSLEOFError(8, '[SSL: UNEXPECTED_EOF_WHILE_READING] EOF occurred in violation of protocol (_ssl.c:1033)')))
07/22/2026 11:08:29 WARNING [ThreadPoolExecutor-3_3] OSV vuln fetch failed for CVE-2026-15308: HTTPSConnectionPool(host='api.osv.dev', port=443): Max retries exceeded with url: /v1/vulns/CVE-2026-15308 (Caused by SSLError(SSLEOFError(8, '[SSL: UNEXPECTED_EOF_WHILE_READING] EOF occurred in violation of protocol (_ssl.c:1033)')))
07/22/2026 11:11:08 WARNING [ThreadPoolExecutor-3_17] OSV vuln fetch failed for UBUNTU-CVE-2025-71190: HTTPSConnectionPool(host='api.osv.dev', port=443): Max retries exceeded with url: /v1/vulns/UBUNTU-CVE-2025-71190 (Caused by SSLError(SSLEOFError(8, '[SSL: UNEXPECTED_EOF_WHILE_READING] EOF occurred in violation of protocol (_ssl.c:1033)')))
07/22/2026 11:11:15 WARNING [ThreadPoolExecutor-3_12] OSV vuln fetch failed for UBUNTU-CVE-2025-71196: HTTPSConnectionPool(host='api.osv.dev', port=443): Max retries exceeded with url: /v1/vulns/UBUNTU-CVE-2025-71196 (Caused by SSLError(SSLEOFError(8, '[SSL: UNEXPECTED_EOF_WHILE_READING] EOF occurred in violation of protocol (_ssl.c:1033)')))
07/22/2026 11:11:15 WARNING [ThreadPoolExecutor-3_9] OSV vuln fetch failed for UBUNTU-CVE-2026-46316: HTTPSConnectionPool(host='api.osv.dev', port=443): Max retries exceeded with url: /v1/vulns/UBUNTU-CVE-2026-46316 (Caused by SSLError(SSLEOFError(8, '[SSL: UNEXPECTED_EOF_WHILE_READING] EOF occurred in violation of protocol (_ssl.c:1033)')))
07/22/2026 11:11:15 WARNING [ThreadPoolExecutor-3_4] OSV vuln fetch failed for UBUNTU-CVE-2026-23084: HTTPSConnectionPool(host='api.osv.dev', port=443): Max retries exceeded with url: /v1/vulns/UBUNTU-CVE-2026-23084 (Caused by SSLError(SSLEOFError(8, '[SSL: UNEXPECTED_EOF_WHILE_READING] EOF occurred in violation of protocol (_ssl.c:1033)')))
07/22/2026 11:11:15 WARNING [ThreadPoolExecutor-3_6] OSV vuln fetch failed for UBUNTU-CVE-2026-23105: HTTPSConnectionPool(host='api.osv.dev', port=443): Max retries exceeded with url: /v1/vulns/UBUNTU-CVE-2026-23105 (Caused by SSLError(SSLEOFError(8, '[SSL: UNEXPECTED_EOF_WHILE_READING] EOF occurred in violation of protocol (_ssl.c:1033)')))
07/22/2026 11:11:15 WARNING [ThreadPoolExecutor-3_10] OSV vuln fetch failed for UBUNTU-CVE-2025-71162: HTTPSConnectionPool(host='api.osv.dev', port=443): Max retries exceeded with url: /v1/vulns/UBUNTU-CVE-2025-71162 (Caused by SSLError(SSLEOFError(8, '[SSL: UNEXPECTED_EOF_WHILE_READING] EOF occurred in violation of protocol (_ssl.c:1033)')))
07/22/2026 11:11:45 WARNING [ThreadPoolExecutor-3_14] OSV vuln fetch failed for UBUNTU-CVE-2026-23033: HTTPSConnectionPool(host='api.osv.dev', port=443): Max retries exceeded with url: /v1/vulns/UBUNTU-CVE-2026-23033 (Caused by SSLError(SSLEOFError(8, '[SSL: UNEXPECTED_EOF_WHILE_READING] EOF occurred in violation of protocol (_ssl.c:1033)')))
07/22/2026 11:12:20 WARNING [ThreadPoolExecutor-3_16] OSV vuln fetch failed for UBUNTU-CVE-2026-23078: HTTPSConnectionPool(host='api.osv.dev', port=443): Max retries exceeded with url: /v1/vulns/UBUNTU-CVE-2026-23078 (Caused by SSLError(SSLEOFError(8, '[SSL: UNEXPECTED_EOF_WHILE_READING] EOF occurred in violation of protocol (_ssl.c:1033)')))
07/22/2026 11:12:03 WARNING [ThreadPoolExecutor-3_5] OSV vuln fetch failed for UBUNTU-CVE-2026-23119: HTTPSConnectionPool(host='api.osv.dev', port=443): Max retries exceeded with url: /v1/vulns/UBUNTU-CVE-2026-23119 (Caused by SSLError(SSLEOFError(8, '[SSL: UNEXPECTED_EOF_WHILE_READING] EOF occurred in violation of protocol (_ssl.c:1033)')))
07/22/2026 11:11:56 WARNING [ThreadPoolExecutor-3_8] OSV vuln fetch failed for UBUNTU-CVE-2026-46096: HTTPSConnectionPool(host='api.osv.dev', port=443): Max retries exceeded with url: /v1/vulns/UBUNTU-CVE-2026-46096 (Caused by SSLError(SSLEOFError(8, '[SSL: UNEXPECTED_EOF_WHILE_READING] EOF occurred in violation of protocol (_ssl.c:1033)')))
07/22/2026 11:13:45 WARNING [ThreadPoolExecutor-3_11] OSV vuln fetch failed for UBUNTU-CVE-2026-46085: HTTPSConnectionPool(host='api.osv.dev', port=443): Max retries exceeded with url: /v1/vulns/UBUNTU-CVE-2026-46085 (Caused by SSLError(SSLEOFError(8, '[SSL: UNEXPECTED_EOF_WHILE_READING] EOF occurred in violation of protocol (_ssl.c:1033)')))
07/22/2026 11:14:20 WARNING [ThreadPoolExecutor-3_1] OSV vuln fetch failed for UBUNTU-CVE-2026-23139: HTTPSConnectionPool(host='api.osv.dev', port=443): Max retries exceeded with url: /v1/vulns/UBUNTU-CVE-2026-23139 (Caused by SSLError(SSLEOFError(8, '[SSL: UNEXPECTED_EOF_WHILE_READING] EOF occurred in violation of protocol (_ssl.c:1033)')))
07/22/2026 11:15:41 WARNING [ThreadPoolExecutor-3_19] OSV vuln fetch failed for UBUNTU-CVE-2026-44119: HTTPSConnectionPool(host='api.osv.dev', port=443): Max retries exceeded with url: /v1/vulns/UBUNTU-CVE-2026-44119 (Caused by SSLError(SSLEOFError(8, '[SSL: UNEXPECTED_EOF_WHILE_READING] EOF occurred in violation of protocol (_ssl.c:1033)')))
07/22/2026 11:16:07 WARNING [ThreadPoolExecutor-3_0] OSV vuln fetch failed for UBUNTU-CVE-2026-23136: HTTPSConnectionPool(host='api.osv.dev', port=443): Max retries exceeded with url: /v1/vulns/UBUNTU-CVE-2026-23136 (Caused by SSLError(SSLEOFError(8, '[SSL: UNEXPECTED_EOF_WHILE_READING] EOF occurred in violation of protocol (_ssl.c:1033)')))
07/22/2026 11:16:52 WARNING [ThreadPoolExecutor-3_15] OSV vuln fetch failed for UBUNTU-CVE-2026-22997: HTTPSConnectionPool(host='api.osv.dev', port=443): Max retries exceeded with url: /v1/vulns/UBUNTU-CVE-2026-22997 (Caused by SSLError(SSLEOFError(8, '[SSL: UNEXPECTED_EOF_WHILE_READING] EOF occurred in violation of protocol (_ssl.c:1033)')))
07/22/2026 11:16:52 WARNING [ThreadPoolExecutor-3_13] OSV vuln fetch failed for UBUNTU-CVE-2026-46300: HTTPSConnectionPool(host='api.osv.dev', port=443): Max retries exceeded with url: /v1/vulns/UBUNTU-CVE-2026-46300 (Caused by SSLError(SSLEOFError(8, '[SSL: UNEXPECTED_EOF_WHILE_READING] EOF occurred in violation of protocol (_ssl.c:1033)')))
07/22/2026 11:16:56 WARNING [ThreadPoolExecutor-3_7] OSV vuln fetch failed for UBUNTU-CVE-2026-42535: HTTPSConnectionPool(host='api.osv.dev', port=443): Max retries exceeded with url: /v1/vulns/UBUNTU-CVE-2026-42535 (Caused by SSLError(SSLEOFError(8, '[SSL: UNEXPECTED_EOF_WHILE_READING] EOF occurred in violation of protocol (_ssl.c:1033)')))
07/22/2026 11:17:23 WARNING [ThreadPoolExecutor-3_12] OSV vuln fetch failed for UBUNTU-CVE-2026-23095: HTTPSConnectionPool(host='api.osv.dev', port=443): Max retries exceeded with url: /v1/vulns/UBUNTU-CVE-2026-23095 (Caused by SSLError(SSLEOFError(8, '[SSL: UNEXPECTED_EOF_WHILE_READING] EOF occurred in violation of protocol (_ssl.c:1033)')))
07/22/2026 11:17:23 WARNING [ThreadPoolExecutor-3_14] OSV vuln fetch failed for UBUNTU-CVE-2026-31621: HTTPSConnectionPool(host='api.osv.dev', port=443): Max retries exceeded with url: /v1/vulns/UBUNTU-CVE-2026-31621 (Caused by NameResolutionError("HTTPSConnection(host='api.osv.dev', port=443): Failed to resolve 'api.osv.dev' ([Errno -3] Temporary failure in name resolution)"))
07/22/2026 11:18:36 WARNING [ThreadPoolExecutor-3_9] OSV vuln fetch failed for UBUNTU-CVE-2026-34355: HTTPSConnectionPool(host='api.osv.dev', port=443): Max retries exceeded with url: /v1/vulns/UBUNTU-CVE-2026-34355 (Caused by SSLError(SSLEOFError(8, '[SSL: UNEXPECTED_EOF_WHILE_READING] EOF occurred in violation of protocol (_ssl.c:1033)')))
07/22/2026 11:19:09 WARNING [ThreadPoolExecutor-3_18] OSV vuln fetch failed for UBUNTU-CVE-2026-31713: HTTPSConnectionPool(host='api.osv.dev', port=443): Max retries exceeded with url: /v1/vulns/UBUNTU-CVE-2026-31713 (Caused by SSLError(SSLEOFError(8, '[SSL: UNEXPECTED_EOF_WHILE_READING] EOF occurred in violation of protocol (_ssl.c:1033)')))
07/22/2026 11:20:59 WARNING [ThreadPoolExecutor-3_17] OSV vuln fetch failed for UBUNTU-CVE-2026-22999: HTTPSConnectionPool(host='api.osv.dev', port=443): Max retries exceeded with url: /v1/vulns/UBUNTU-CVE-2026-22999 (Caused by SSLError(SSLEOFError(8, '[SSL: UNEXPECTED_EOF_WHILE_READING] EOF occurred in violation of protocol (_ssl.c:1033)')))
07/22/2026 11:20:52 WARNING [ThreadPoolExecutor-3_3] OSV vuln fetch failed for UBUNTU-CVE-2026-23065: HTTPSConnectionPool(host='api.osv.dev', port=443): Max retries exceeded with url: /v1/vulns/UBUNTU-CVE-2026-23065 (Caused by SSLError(SSLEOFError(8, '[SSL: UNEXPECTED_EOF_WHILE_READING] EOF occurred in violation of protocol (_ssl.c:1033)')))
07/22/2026 11:21:05 WARNING [ThreadPoolExecutor-3_6] OSV vuln fetch failed for UBUNTU-CVE-2026-23097: HTTPSConnectionPool(host='api.osv.dev', port=443): Max retries exceeded with url: /v1/vulns/UBUNTU-CVE-2026-23097 (Caused by SSLError(SSLEOFError(8, '[SSL: UNEXPECTED_EOF_WHILE_READING] EOF occurred in violation of protocol (_ssl.c:1033)')))
07/22/2026 11:22:18 WARNING [ThreadPoolExecutor-3_10] OSV vuln fetch failed for UBUNTU-CVE-2026-23019: HTTPSConnectionPool(host='api.osv.dev', port=443): Max retries exceeded with url: /v1/vulns/UBUNTU-CVE-2026-23019 (Caused by SSLError(SSLEOFError(8, '[SSL: UNEXPECTED_EOF_WHILE_READING] EOF occurred in violation of protocol (_ssl.c:1033)')))
07/22/2026 11:22:26 WARNING [ThreadPoolExecutor-3_16] OSV vuln fetch failed for UBUNTU-CVE-2026-23058: HTTPSConnectionPool(host='api.osv.dev', port=443): Max retries exceeded with url: /v1/vulns/UBUNTU-CVE-2026-23058 (Caused by SSLError(SSLEOFError(8, '[SSL: UNEXPECTED_EOF_WHILE_READING] EOF occurred in violation of protocol (_ssl.c:1033)')))
07/22/2026 11:22:26 WARNING [ThreadPoolExecutor-3_5] OSV vuln fetch failed for UBUNTU-CVE-2026-23073: HTTPSConnectionPool(host='api.osv.dev', port=443): Max retries exceeded with url: /v1/vulns/UBUNTU-CVE-2026-23073 (Caused by SSLError(SSLEOFError(8, '[SSL: UNEXPECTED_EOF_WHILE_READING] EOF occurred in violation of protocol (_ssl.c:1033)')))
07/22/2026 11:21:14 WARNING [ThreadPoolExecutor-3_13] OSV vuln fetch failed for UBUNTU-CVE-2025-71199: HTTPSConnectionPool(host='api.osv.dev', port=443): Max retries exceeded with url: /v1/vulns/UBUNTU-CVE-2025-71199 (Caused by SSLError(SSLEOFError(8, '[SSL: UNEXPECTED_EOF_WHILE_READING] EOF occurred in violation of protocol (_ssl.c:1033)')))
07/22/2026 11:22:26 WARNING [ThreadPoolExecutor-3_8] OSV vuln fetch failed for UBUNTU-CVE-2026-23160: HTTPSConnectionPool(host='api.osv.dev', port=443): Max retries exceeded with url: /v1/vulns/UBUNTU-CVE-2026-23160 (Caused by SSLError(SSLEOFError(8, '[SSL: UNEXPECTED_EOF_WHILE_READING] EOF occurred in violation of protocol (_ssl.c:1033)')))
07/22/2026 11:22:26 WARNING [ThreadPoolExecutor-3_19] OSV vuln fetch failed for UBUNTU-CVE-2026-23166: HTTPSConnectionPool(host='api.osv.dev', port=443): Max retries exceeded with url: /v1/vulns/UBUNTU-CVE-2026-23166 (Caused by SSLError(SSLEOFError(8, '[SSL: UNEXPECTED_EOF_WHILE_READING] EOF occurred in violation of protocol (_ssl.c:1033)')))
07/22/2026 11:22:26 WARNING [ThreadPoolExecutor-3_4] OSV vuln fetch failed for UBUNTU-CVE-2025-71163: HTTPSConnectionPool(host='api.osv.dev', port=443): Max retries exceeded with url: /v1/vulns/UBUNTU-CVE-2025-71163 (Caused by SSLError(SSLEOFError(8, '[SSL: UNEXPECTED_EOF_WHILE_READING] EOF occurred in violation of protocol (_ssl.c:1033)')))
07/22/2026 11:22:26 WARNING [ThreadPoolExecutor-3_7] OSV vuln fetch failed for UBUNTU-CVE-2026-23030: HTTPSConnectionPool(host='api.osv.dev', port=443): Max retries exceeded with url: /v1/vulns/UBUNTU-CVE-2026-23030 (Caused by SSLError(SSLEOFError(8, '[SSL: UNEXPECTED_EOF_WHILE_READING] EOF occurred in violation of protocol (_ssl.c:1033)')))
07/22/2026 11:23:19 WARNING [ThreadPoolExecutor-3_0] OSV vuln fetch failed for UBUNTU-CVE-2026-23140: HTTPSConnectionPool(host='api.osv.dev', port=443): Max retries exceeded with url: /v1/vulns/UBUNTU-CVE-2026-23140 (Caused by SSLError(SSLEOFError(8, '[SSL: UNEXPECTED_EOF_WHILE_READING] EOF occurred in violation of protocol (_ssl.c:1033)')))
07/22/2026 11:23:36 WARNING [ThreadPoolExecutor-3_1] OSV vuln fetch failed for UBUNTU-CVE-2026-33007: HTTPSConnectionPool(host='api.osv.dev', port=443): Max retries exceeded with url: /v1/vulns/UBUNTU-CVE-2026-33007 (Caused by SSLError(SSLEOFError(8, '[SSL: UNEXPECTED_EOF_WHILE_READING] EOF occurred in violation of protocol (_ssl.c:1033)')))
07/22/2026 11:23:36 WARNING [ThreadPoolExecutor-3_15] OSV vuln fetch failed for UBUNTU-CVE-2026-23099: HTTPSConnectionPool(host='api.osv.dev', port=443): Max retries exceeded with url: /v1/vulns/UBUNTU-CVE-2026-23099 (Caused by SSLError(SSLEOFError(8, '[SSL: UNEXPECTED_EOF_WHILE_READING] EOF occurred in violation of protocol (_ssl.c:1033)')))
07/22/2026 11:23:36 WARNING [ThreadPoolExecutor-3_2] OSV vuln fetch failed for UBUNTU-CVE-2026-23101: HTTPSConnectionPool(host='api.osv.dev', port=443): Max retries exceeded with url: /v1/vulns/UBUNTU-CVE-2026-23101 (Caused by SSLError(SSLEOFError(8, '[SSL: UNEXPECTED_EOF_WHILE_READING] EOF occurred in violation of protocol (_ssl.c:1033)')))
07/22/2026 11:23:36 WARNING [ThreadPoolExecutor-3_11] OSV vuln fetch failed for UBUNTU-CVE-2026-23103: HTTPSConnectionPool(host='api.osv.dev', port=443): Max retries exceeded with url: /v1/vulns/UBUNTU-CVE-2026-23103 (Caused by SSLError(SSLEOFError(8, '[SSL: UNEXPECTED_EOF_WHILE_READING] EOF occurred in violation of protocol (_ssl.c:1033)')))
07/22/2026 11:27:56 WARNING [ThreadPoolExecutor-3_12] OSV vuln fetch failed for UBUNTU-CVE-2026-23056: HTTPSConnectionPool(host='api.osv.dev', port=443): Max retries exceeded with url: /v1/vulns/UBUNTU-CVE-2026-23056 (Caused by SSLError(SSLEOFError(8, '[SSL: UNEXPECTED_EOF_WHILE_READING] EOF occurred in violation of protocol (_ssl.c:1033)')))
07/22/2026 11:30:44 WARNING [ThreadPoolExecutor-3_3] OSV vuln fetch failed for UBUNTU-CVE-2026-47329: HTTPSConnectionPool(host='api.osv.dev', port=443): Max retries exceeded with url: /v1/vulns/UBUNTU-CVE-2026-47329 (Caused by SSLError(SSLEOFError(8, '[SSL: UNEXPECTED_EOF_WHILE_READING] EOF occurred in violation of protocol (_ssl.c:1033)')))
07/22/2026 11:31:10 WARNING [ThreadPoolExecutor-3_16] OSV vuln fetch failed for UBUNTU-CVE-2026-23090: HTTPSConnectionPool(host='api.osv.dev', port=443): Max retries exceeded with url: /v1/vulns/UBUNTU-CVE-2026-23090 (Caused by SSLError(SSLEOFError(8, '[SSL: UNEXPECTED_EOF_WHILE_READING] EOF occurred in violation of protocol (_ssl.c:1033)')))
07/22/2026 11:29:40 WARNING [ThreadPoolExecutor-3_1] OSV vuln fetch failed for UBUNTU-CVE-2026-43500: HTTPSConnectionPool(host='api.osv.dev', port=443): Max retries exceeded with url: /v1/vulns/UBUNTU-CVE-2026-43500 (Caused by SSLError(SSLEOFError(8, '[SSL: UNEXPECTED_EOF_WHILE_READING] EOF occurred in violation of protocol (_ssl.c:1033)')))
07/22/2026 11:29:04 WARNING [ThreadPoolExecutor-3_9] OSV vuln fetch failed for UBUNTU-CVE-2026-31608: HTTPSConnectionPool(host='api.osv.dev', port=443): Max retries exceeded with url: /v1/vulns/UBUNTU-CVE-2026-31608 (Caused by SSLError(SSLEOFError(8, '[SSL: UNEXPECTED_EOF_WHILE_READING] EOF occurred in violation of protocol (_ssl.c:1033)')))
07/22/2026 11:32:39 WARNING [ThreadPoolExecutor-3_18] OSV vuln fetch failed for UBUNTU-CVE-2026-46119: HTTPSConnectionPool(host='api.osv.dev', port=443): Max retries exceeded with url: /v1/vulns/UBUNTU-CVE-2026-46119 (Caused by SSLError(SSLEOFError(8, '[SSL: UNEXPECTED_EOF_WHILE_READING] EOF occurred in violation of protocol (_ssl.c:1033)')))
07/22/2026 11:32:39 WARNING [ThreadPoolExecutor-3_15] OSV vuln fetch failed for UBUNTU-CVE-2026-46057: HTTPSConnectionPool(host='api.osv.dev', port=443): Max retries exceeded with url: /v1/vulns/UBUNTU-CVE-2026-46057 (Caused by SSLError(SSLEOFError(8, '[SSL: UNEXPECTED_EOF_WHILE_READING] EOF occurred in violation of protocol (_ssl.c:1033)')))
07/22/2026 11:32:23 WARNING [ThreadPoolExecutor-3_13] OSV vuln fetch failed for UBUNTU-CVE-2026-46244: HTTPSConnectionPool(host='api.osv.dev', port=443): Max retries exceeded with url: /v1/vulns/UBUNTU-CVE-2026-46244 (Caused by SSLError(SSLEOFError(8, '[SSL: UNEXPECTED_EOF_WHILE_READING] EOF occurred in violation of protocol (_ssl.c:1033)')))
07/22/2026 11:30:59 WARNING [ThreadPoolExecutor-3_6] OSV vuln fetch failed for UBUNTU-CVE-2026-27951: HTTPSConnectionPool(host='api.osv.dev', port=443): Max retries exceeded with url: /v1/vulns/UBUNTU-CVE-2026-27951 (Caused by SSLError(SSLEOFError(8, '[SSL: UNEXPECTED_EOF_WHILE_READING] EOF occurred in violation of protocol (_ssl.c:1033)')))
07/22/2026 11:32:44 WARNING [ThreadPoolExecutor-3_10] OSV vuln fetch failed for UBUNTU-CVE-2026-23005: HTTPSConnectionPool(host='api.osv.dev', port=443): Max retries exceeded with url: /v1/vulns/UBUNTU-CVE-2026-23005 (Caused by SSLError(SSLEOFError(8, '[SSL: UNEXPECTED_EOF_WHILE_READING] EOF occurred in violation of protocol (_ssl.c:1033)')))
07/22/2026 11:33:33 WARNING [ThreadPoolExecutor-3_5] OSV vuln fetch failed for MINI-mff3-7vjx-849v: HTTPSConnectionPool(host='api.osv.dev', port=443): Max retries exceeded with url: /v1/vulns/MINI-mff3-7vjx-849v (Caused by SSLError(SSLEOFError(8, '[SSL: UNEXPECTED_EOF_WHILE_READING] EOF occurred in violation of protocol (_ssl.c:1033)')))
07/22/2026 11:34:30 WARNING [ThreadPoolExecutor-3_2] OSV vuln fetch failed for ALSA-2026:42096: HTTPSConnectionPool(host='api.osv.dev', port=443): Max retries exceeded with url: /v1/vulns/ALSA-2026:42096 (Caused by SSLError(SSLEOFError(8, '[SSL: UNEXPECTED_EOF_WHILE_READING] EOF occurred in violation of protocol (_ssl.c:1033)')))
07/22/2026 11:34:30 WARNING [ThreadPoolExecutor-3_7] OSV vuln fetch failed for UBUNTU-CVE-2026-44631: HTTPSConnectionPool(host='api.osv.dev', port=443): Max retries exceeded with url: /v1/vulns/UBUNTU-CVE-2026-44631 (Caused by SSLError(SSLEOFError(8, '[SSL: UNEXPECTED_EOF_WHILE_READING] EOF occurred in violation of protocol (_ssl.c:1033)')))
07/22/2026 11:34:35 WARNING [ThreadPoolExecutor-3_8] OSV vuln fetch failed for UBUNTU-CVE-2026-46115: HTTPSConnectionPool(host='api.osv.dev', port=443): Max retries exceeded with url: /v1/vulns/UBUNTU-CVE-2026-46115 (Caused by SSLError(SSLEOFError(8, '[SSL: UNEXPECTED_EOF_WHILE_READING] EOF occurred in violation of protocol (_ssl.c:1033)')))
07/22/2026 11:34:48 WARNING [ThreadPoolExecutor-3_14] OSV vuln fetch failed for UBUNTU-CVE-2026-22976: HTTPSConnectionPool(host='api.osv.dev', port=443): Max retries exceeded with url: /v1/vulns/UBUNTU-CVE-2026-22976 (Caused by SSLError(SSLEOFError(8, '[SSL: UNEXPECTED_EOF_WHILE_READING] EOF occurred in violation of protocol (_ssl.c:1033)')))
07/22/2026 11:34:35 WARNING [ThreadPoolExecutor-3_4] OSV vuln fetch failed for ALSA-2026:42063: HTTPSConnectionPool(host='api.osv.dev', port=443): Max retries exceeded with url: /v1/vulns/ALSA-2026:42063 (Caused by SSLError(SSLEOFError(8, '[SSL: UNEXPECTED_EOF_WHILE_READING] EOF occurred in violation of protocol (_ssl.c:1033)')))
07/22/2026 11:34:48 WARNING [ThreadPoolExecutor-3_11] OSV vuln fetch failed for UBUNTU-CVE-2026-46283: HTTPSConnectionPool(host='api.osv.dev', port=443): Max retries exceeded with url: /v1/vulns/UBUNTU-CVE-2026-46283 (Caused by SSLError(SSLEOFError(8, '[SSL: UNEXPECTED_EOF_WHILE_READING] EOF occurred in violation of protocol (_ssl.c:1033)')))
07/22/2026 11:34:59 WARNING [ThreadPoolExecutor-3_0] OSV vuln fetch failed for UBUNTU-CVE-2026-45990: HTTPSConnectionPool(host='api.osv.dev', port=443): Max retries exceeded with url: /v1/vulns/UBUNTU-CVE-2026-45990 (Caused by SSLError(SSLEOFError(8, '[SSL: UNEXPECTED_EOF_WHILE_READING] EOF occurred in violation of protocol (_ssl.c:1033)')))
07/22/2026 11:35:21 WARNING [ThreadPoolExecutor-3_19] OSV vuln fetch failed for ALSA-2026:41988: HTTPSConnectionPool(host='api.osv.dev', port=443): Max retries exceeded with url: /v1/vulns/ALSA-2026:41988 (Caused by SSLError(SSLEOFError(8, '[SSL: UNEXPECTED_EOF_WHILE_READING] EOF occurred in violation of protocol (_ssl.c:1033)')))
07/22/2026 11:36:06 WARNING [ThreadPoolExecutor-3_17] OSV vuln fetch failed for UBUNTU-CVE-2025-71200: HTTPSConnectionPool(host='api.osv.dev', port=443): Max retries exceeded with url: /v1/vulns/UBUNTU-CVE-2025-71200 (Caused by SSLError(SSLEOFError(8, '[SSL: UNEXPECTED_EOF_WHILE_READING] EOF occurred in violation of protocol (_ssl.c:1033)')))
07/22/2026 11:37:00 WARNING [ThreadPoolExecutor-3_12] OSV vuln fetch failed for UBUNTU-CVE-2026-23098: HTTPSConnectionPool(host='api.osv.dev', port=443): Max retries exceeded with url: /v1/vulns/UBUNTU-CVE-2026-23098 (Caused by SSLError(SSLEOFError(8, '[SSL: UNEXPECTED_EOF_WHILE_READING] EOF occurred in violation of protocol (_ssl.c:1033)')))
07/22/2026 11:37:55 WARNING [ThreadPoolExecutor-3_6] OSV vuln fetch failed for UBUNTU-CVE-2026-46081: HTTPSConnectionPool(host='api.osv.dev', port=443): Max retries exceeded with url: /v1/vulns/UBUNTU-CVE-2026-46081 (Caused by NameResolutionError("HTTPSConnection(host='api.osv.dev', port=443): Failed to resolve 'api.osv.dev' ([Errno -3] Temporary failure in name resolution)"))
07/22/2026 11:39:15 WARNING [ThreadPoolExecutor-3_10] OSV vuln fetch failed for UBUNTU-CVE-2026-46035: HTTPSConnectionPool(host='api.osv.dev', port=443): Max retries exceeded with url: /v1/vulns/UBUNTU-CVE-2026-46035 (Caused by NameResolutionError("HTTPSConnection(host='api.osv.dev', port=443): Failed to resolve 'api.osv.dev' ([Errno -3] Temporary failure in name resolution)"))
07/22/2026 11:40:44 WARNING [ThreadPoolExecutor-3_15] OSV vuln fetch failed for UBUNTU-CVE-2026-23144: HTTPSConnectionPool(host='api.osv.dev', port=443): Max retries exceeded with url: /v1/vulns/UBUNTU-CVE-2026-23144 (Caused by SSLError(SSLEOFError(8, '[SSL: UNEXPECTED_EOF_WHILE_READING] EOF occurred in violation of protocol (_ssl.c:1033)')))
07/22/2026 11:40:22 WARNING [ThreadPoolExecutor-3_16] OSV vuln fetch failed for UBUNTU-CVE-2026-46097: HTTPSConnectionPool(host='api.osv.dev', port=443): Max retries exceeded with url: /v1/vulns/UBUNTU-CVE-2026-46097 (Caused by SSLError(SSLEOFError(8, '[SSL: UNEXPECTED_EOF_WHILE_READING] EOF occurred in violation of protocol (_ssl.c:1033)')))
07/22/2026 11:41:09 WARNING [ThreadPoolExecutor-3_3] OSV vuln fetch failed for UBUNTU-CVE-2026-46067: HTTPSConnectionPool(host='api.osv.dev', port=443): Max retries exceeded with url: /v1/vulns/UBUNTU-CVE-2026-46067 (Caused by SSLError(SSLEOFError(8, '[SSL: UNEXPECTED_EOF_WHILE_READING] EOF occurred in violation of protocol (_ssl.c:1033)')))
07/22/2026 11:41:08 WARNING [ThreadPoolExecutor-3_9] OSV vuln fetch failed for UBUNTU-CVE-2026-43951: HTTPSConnectionPool(host='api.osv.dev', port=443): Max retries exceeded with url: /v1/vulns/UBUNTU-CVE-2026-43951 (Caused by SSLError(SSLEOFError(8, '[SSL: UNEXPECTED_EOF_WHILE_READING] EOF occurred in violation of protocol (_ssl.c:1033)')))
07/22/2026 11:41:09 WARNING [ThreadPoolExecutor-3_1] OSV vuln fetch failed for UBUNTU-CVE-2026-23071: HTTPSConnectionPool(host='api.osv.dev', port=443): Max retries exceeded with url: /v1/vulns/UBUNTU-CVE-2026-23071 (Caused by SSLError(SSLEOFError(8, '[SSL: UNEXPECTED_EOF_WHILE_READING] EOF occurred in violation of protocol (_ssl.c:1033)')))
07/22/2026 11:42:18 WARNING [ThreadPoolExecutor-3_13] OSV vuln fetch failed for UBUNTU-CVE-2026-46277: HTTPSConnectionPool(host='api.osv.dev', port=443): Max retries exceeded with url: /v1/vulns/UBUNTU-CVE-2026-46277 (Caused by SSLError(SSLEOFError(8, '[SSL: UNEXPECTED_EOF_WHILE_READING] EOF occurred in violation of protocol (_ssl.c:1033)')))
07/22/2026 11:42:49 WARNING [ThreadPoolExecutor-3_18] OSV vuln fetch failed for UBUNTU-CVE-2026-43501: HTTPSConnectionPool(host='api.osv.dev', port=443): Max retries exceeded with url: /v1/vulns/UBUNTU-CVE-2026-43501 (Caused by SSLError(SSLEOFError(8, '[SSL: UNEXPECTED_EOF_WHILE_READING] EOF occurred in violation of protocol (_ssl.c:1033)')))
07/22/2026 11:43:58 WARNING [ThreadPoolExecutor-3_5] OSV vuln fetch failed for UBUNTU-CVE-2026-22994: HTTPSConnectionPool(host='api.osv.dev', port=443): Max retries exceeded with url: /v1/vulns/UBUNTU-CVE-2026-22994 (Caused by SSLError(SSLEOFError(8, '[SSL: UNEXPECTED_EOF_WHILE_READING] EOF occurred in violation of protocol (_ssl.c:1033)')))
07/22/2026 11:46:32 WARNING [ThreadPoolExecutor-3_8] OSV vuln fetch failed for UBUNTU-CVE-2026-23062: HTTPSConnectionPool(host='api.osv.dev', port=443): Max retries exceeded with url: /v1/vulns/UBUNTU-CVE-2026-23062 (Caused by SSLError(SSLEOFError(8, '[SSL: UNEXPECTED_EOF_WHILE_READING] EOF occurred in violation of protocol (_ssl.c:1033)')))
07/22/2026 11:46:32 WARNING [ThreadPoolExecutor-3_11] OSV vuln fetch failed for CVE-2024-42516: HTTPSConnectionPool(host='api.osv.dev', port=443): Max retries exceeded with url: /v1/vulns/CVE-2024-42516 (Caused by SSLError(SSLEOFError(8, '[SSL: UNEXPECTED_EOF_WHILE_READING] EOF occurred in violation of protocol (_ssl.c:1033)')))
07/22/2026 11:46:32 WARNING [ThreadPoolExecutor-3_4] OSV vuln fetch failed for UBUNTU-CVE-2026-52907: HTTPSConnectionPool(host='api.osv.dev', port=443): Max retries exceeded with url: /v1/vulns/UBUNTU-CVE-2026-52907 (Caused by SSLError(SSLEOFError(8, '[SSL: UNEXPECTED_EOF_WHILE_READING] EOF occurred in violation of protocol (_ssl.c:1033)')))
07/22/2026 11:46:32 WARNING [ThreadPoolExecutor-3_7] OSV vuln fetch failed for UBUNTU-CVE-2026-47337: HTTPSConnectionPool(host='api.osv.dev', port=443): Max retries exceeded with url: /v1/vulns/UBUNTU-CVE-2026-47337 (Caused by SSLError(SSLEOFError(8, '[SSL: UNEXPECTED_EOF_WHILE_READING] EOF occurred in violation of protocol (_ssl.c:1033)')))
07/22/2026 11:46:32 WARNING [ThreadPoolExecutor-3_2] OSV vuln fetch failed for UBUNTU-CVE-2026-46045: HTTPSConnectionPool(host='api.osv.dev', port=443): Max retries exceeded with url: /v1/vulns/UBUNTU-CVE-2026-46045 (Caused by SSLError(SSLEOFError(8, '[SSL: UNEXPECTED_EOF_WHILE_READING] EOF occurred in violation of protocol (_ssl.c:1033)')))
07/22/2026 11:46:33 WARNING [ThreadPoolExecutor-3_14] OSV vuln fetch failed for UBUNTU-CVE-2025-71185: HTTPSConnectionPool(host='api.osv.dev', port=443): Max retries exceeded with url: /v1/vulns/UBUNTU-CVE-2025-71185 (Caused by SSLError(SSLEOFError(8, '[SSL: UNEXPECTED_EOF_WHILE_READING] EOF occurred in violation of protocol (_ssl.c:1033)')))
07/22/2026 11:46:33 WARNING [ThreadPoolExecutor-3_19] OSV vuln fetch failed for UBUNTU-CVE-2026-23003: HTTPSConnectionPool(host='api.osv.dev', port=443): Max retries exceeded with url: /v1/vulns/UBUNTU-CVE-2026-23003 (Caused by SSLError(SSLEOFError(8, '[SSL: UNEXPECTED_EOF_WHILE_READING] EOF occurred in violation of protocol (_ssl.c:1033)')))
07/22/2026 11:46:33 WARNING [ThreadPoolExecutor-3_17] OSV vuln fetch failed for UBUNTU-CVE-2026-46323: HTTPSConnectionPool(host='api.osv.dev', port=443): Max retries exceeded with url: /v1/vulns/UBUNTU-CVE-2026-46323 (Caused by SSLError(SSLEOFError(8, '[SSL: UNEXPECTED_EOF_WHILE_READING] EOF occurred in violation of protocol (_ssl.c:1033)')))
07/22/2026 11:51:25 WARNING [ThreadPoolExecutor-3_0] OSV vuln fetch failed for UBUNTU-CVE-2026-23107: HTTPSConnectionPool(host='api.osv.dev', port=443): Max retries exceeded with url: /v1/vulns/UBUNTU-CVE-2026-23107 (Caused by SSLError(SSLEOFError(8, '[SSL: UNEXPECTED_EOF_WHILE_READING] EOF occurred in violation of protocol (_ssl.c:1033)')))
07/22/2026 11:51:27 WARNING [ThreadPoolExecutor-3_12] OSV vuln fetch failed for UBUNTU-CVE-2026-23064: HTTPSConnectionPool(host='api.osv.dev', port=443): Max retries exceeded with url: /v1/vulns/UBUNTU-CVE-2026-23064 (Caused by SSLError(SSLEOFError(8, '[SSL: UNEXPECTED_EOF_WHILE_READING] EOF occurred in violation of protocol (_ssl.c:1033)')))
07/22/2026 11:52:29 WARNING [ThreadPoolExecutor-3_7] OSV vuln fetch failed for UBUNTU-CVE-2026-23049: HTTPSConnectionPool(host='api.osv.dev', port=443): Max retries exceeded with url: /v1/vulns/UBUNTU-CVE-2026-23049 (Caused by SSLError(SSLEOFError(8, '[SSL: UNEXPECTED_EOF_WHILE_READING] EOF occurred in violation of protocol (_ssl.c:1033)')))
07/22/2026 11:50:17 WARNING [ThreadPoolExecutor-3_10] OSV vuln fetch failed for UBUNTU-CVE-2025-71191: HTTPSConnectionPool(host='api.osv.dev', port=443): Max retries exceeded with url: /v1/vulns/UBUNTU-CVE-2025-71191 (Caused by SSLError(SSLEOFError(8, '[SSL: UNEXPECTED_EOF_WHILE_READING] EOF occurred in violation of protocol (_ssl.c:1033)')))
07/22/2026 11:52:29 WARNING [ThreadPoolExecutor-3_13] OSV vuln fetch failed for UBUNTU-CVE-2026-45998: HTTPSConnectionPool(host='api.osv.dev', port=443): Max retries exceeded with url: /v1/vulns/UBUNTU-CVE-2026-45998 (Caused by SSLError(SSLEOFError(8, '[SSL: UNEXPECTED_EOF_WHILE_READING] EOF occurred in violation of protocol (_ssl.c:1033)')))
07/22/2026 11:52:29 WARNING [ThreadPoolExecutor-3_4] OSV vuln fetch failed for UBUNTU-CVE-2026-22980: HTTPSConnectionPool(host='api.osv.dev', port=443): Max retries exceeded with url: /v1/vulns/UBUNTU-CVE-2026-22980 (Caused by SSLError(SSLEOFError(8, '[SSL: UNEXPECTED_EOF_WHILE_READING] EOF occurred in violation of protocol (_ssl.c:1033)')))
07/22/2026 11:52:29 WARNING [ThreadPoolExecutor-3_15] OSV vuln fetch failed for UBUNTU-CVE-2026-23020: HTTPSConnectionPool(host='api.osv.dev', port=443): Max retries exceeded with url: /v1/vulns/UBUNTU-CVE-2026-23020 (Caused by SSLError(SSLEOFError(8, '[SSL: UNEXPECTED_EOF_WHILE_READING] EOF occurred in violation of protocol (_ssl.c:1033)')))
07/22/2026 11:52:29 WARNING [ThreadPoolExecutor-3_16] OSV vuln fetch failed for UBUNTU-CVE-2026-43503: HTTPSConnectionPool(host='api.osv.dev', port=443): Max retries exceeded with url: /v1/vulns/UBUNTU-CVE-2026-43503 (Caused by SSLError(SSLEOFError(8, '[SSL: UNEXPECTED_EOF_WHILE_READING] EOF occurred in violation of protocol (_ssl.c:1033)')))
07/22/2026 11:52:29 WARNING [ThreadPoolExecutor-3_1] OSV vuln fetch failed for UBUNTU-CVE-2026-23021: HTTPSConnectionPool(host='api.osv.dev', port=443): Max retries exceeded with url: /v1/vulns/UBUNTU-CVE-2026-23021 (Caused by SSLError(SSLEOFError(8, '[SSL: UNEXPECTED_EOF_WHILE_READING] EOF occurred in violation of protocol (_ssl.c:1033)')))
07/22/2026 11:52:29 WARNING [ThreadPoolExecutor-3_2] OSV vuln fetch failed for UBUNTU-CVE-2026-46034: HTTPSConnectionPool(host='api.osv.dev', port=443): Max retries exceeded with url: /v1/vulns/UBUNTU-CVE-2026-46034 (Caused by SSLError(SSLEOFError(8, '[SSL: UNEXPECTED_EOF_WHILE_READING] EOF occurred in violation of protocol (_ssl.c:1033)')))
07/22/2026 11:52:29 WARNING [ThreadPoolExecutor-3_5] OSV vuln fetch failed for UBUNTU-CVE-2026-43348: HTTPSConnectionPool(host='api.osv.dev', port=443): Max retries exceeded with url: /v1/vulns/UBUNTU-CVE-2026-43348 (Caused by SSLError(SSLEOFError(8, '[SSL: UNEXPECTED_EOF_WHILE_READING] EOF occurred in violation of protocol (_ssl.c:1033)')))
07/22/2026 11:52:29 WARNING [ThreadPoolExecutor-3_14] OSV vuln fetch failed for UBUNTU-CVE-2026-31591: HTTPSConnectionPool(host='api.osv.dev', port=443): Max retries exceeded with url: /v1/vulns/UBUNTU-CVE-2026-31591 (Caused by SSLError(SSLEOFError(8, '[SSL: UNEXPECTED_EOF_WHILE_READING] EOF occurred in violation of protocol (_ssl.c:1033)')))
07/22/2026 11:52:29 WARNING [ThreadPoolExecutor-3_6] OSV vuln fetch failed for UBUNTU-CVE-2026-23108: HTTPSConnectionPool(host='api.osv.dev', port=443): Max retries exceeded with url: /v1/vulns/UBUNTU-CVE-2026-23108 (Caused by SSLError(SSLEOFError(8, '[SSL: UNEXPECTED_EOF_WHILE_READING] EOF occurred in violation of protocol (_ssl.c:1033)')))
07/22/2026 11:52:29 WARNING [ThreadPoolExecutor-3_8] OSV vuln fetch failed for UBUNTU-CVE-2025-71186: HTTPSConnectionPool(host='api.osv.dev', port=443): Max retries exceeded with url: /v1/vulns/UBUNTU-CVE-2025-71186 (Caused by SSLError(SSLEOFError(8, '[SSL: UNEXPECTED_EOF_WHILE_READING] EOF occurred in violation of protocol (_ssl.c:1033)')))
07/22/2026 11:52:29 WARNING [ThreadPoolExecutor-3_11] OSV vuln fetch failed for UBUNTU-CVE-2026-47330: HTTPSConnectionPool(host='api.osv.dev', port=443): Max retries exceeded with url: /v1/vulns/UBUNTU-CVE-2026-47330 (Caused by SSLError(SSLEOFError(8, '[SSL: UNEXPECTED_EOF_WHILE_READING] EOF occurred in violation of protocol (_ssl.c:1033)')))
07/22/2026 11:52:29 WARNING [ThreadPoolExecutor-3_9] OSV vuln fetch failed for UBUNTU-CVE-2026-46289: HTTPSConnectionPool(host='api.osv.dev', port=443): Max retries exceeded with url: /v1/vulns/UBUNTU-CVE-2026-46289 (Caused by SSLError(SSLEOFError(8, '[SSL: UNEXPECTED_EOF_WHILE_READING] EOF occurred in violation of protocol (_ssl.c:1033)')))
07/22/2026 11:52:29 WARNING [ThreadPoolExecutor-3_3] OSV vuln fetch failed for UBUNTU-CVE-2025-71197: HTTPSConnectionPool(host='api.osv.dev', port=443): Max retries exceeded with url: /v1/vulns/UBUNTU-CVE-2025-71197 (Caused by SSLError(SSLEOFError(8, '[SSL: UNEXPECTED_EOF_WHILE_READING] EOF occurred in violation of protocol (_ssl.c:1033)')))
07/22/2026 11:52:29 WARNING [ThreadPoolExecutor-3_19] OSV vuln fetch failed for UBUNTU-CVE-2026-22998: HTTPSConnectionPool(host='api.osv.dev', port=443): Max retries exceeded with url: /v1/vulns/UBUNTU-CVE-2026-22998 (Caused by SSLError(SSLEOFError(8, '[SSL: UNEXPECTED_EOF_WHILE_READING] EOF occurred in violation of protocol (_ssl.c:1033)')))
07/22/2026 11:53:53 WARNING [ThreadPoolExecutor-3_17] OSV vuln fetch failed for UBUNTU-CVE-2026-44185: HTTPSConnectionPool(host='api.osv.dev', port=443): Max retries exceeded with url: /v1/vulns/UBUNTU-CVE-2026-44185 (Caused by SSLError(SSLEOFError(8, '[SSL: UNEXPECTED_EOF_WHILE_READING] EOF occurred in violation of protocol (_ssl.c:1033)')))
07/22/2026 11:54:33 WARNING [ThreadPoolExecutor-3_18] OSV vuln fetch failed for UBUNTU-CVE-2026-23163: HTTPSConnectionPool(host='api.osv.dev', port=443): Max retries exceeded with url: /v1/vulns/UBUNTU-CVE-2026-23163 (Caused by SSLError(SSLEOFError(8, '[SSL: UNEXPECTED_EOF_WHILE_READING] EOF occurred in violation of protocol (_ssl.c:1033)')))
07/22/2026 11:58:19 WARNING [ThreadPoolExecutor-3_12] OSV vuln fetch failed for UBUNTU-CVE-2026-22992: HTTPSConnectionPool(host='api.osv.dev', port=443): Max retries exceeded with url: /v1/vulns/UBUNTU-CVE-2026-22992 (Caused by SSLError(SSLEOFError(8, '[SSL: UNEXPECTED_EOF_WHILE_READING] EOF occurred in violation of protocol (_ssl.c:1033)')))
07/22/2026 12:00:33 WARNING [ThreadPoolExecutor-3_10] OSV vuln fetch failed for UBUNTU-CVE-2026-46284: HTTPSConnectionPool(host='api.osv.dev', port=443): Max retries exceeded with url: /v1/vulns/UBUNTU-CVE-2026-46284 (Caused by SSLError(SSLEOFError(8, '[SSL: UNEXPECTED_EOF_WHILE_READING] EOF occurred in violation of protocol (_ssl.c:1033)')))
07/22/2026 12:00:45 WARNING [ThreadPoolExecutor-3_15] OSV vuln fetch failed for UBUNTU-CVE-2026-23093: HTTPSConnectionPool(host='api.osv.dev', port=443): Max retries exceeded with url: /v1/vulns/UBUNTU-CVE-2026-23093 (Caused by SSLError(SSLEOFError(8, '[SSL: UNEXPECTED_EOF_WHILE_READING] EOF occurred in violation of protocol (_ssl.c:1033)')))
07/22/2026 12:02:02 WARNING [ThreadPoolExecutor-3_5] OSV vuln fetch failed for UBUNTU-CVE-2026-46030: HTTPSConnectionPool(host='api.osv.dev', port=443): Max retries exceeded with url: /v1/vulns/UBUNTU-CVE-2026-46030 (Caused by NameResolutionError("HTTPSConnection(host='api.osv.dev', port=443): Failed to resolve 'api.osv.dev' ([Errno -3] Temporary failure in name resolution)"))
07/22/2026 12:00:41 WARNING [ThreadPoolExecutor-3_4] OSV vuln fetch failed for UBUNTU-CVE-2026-31609: HTTPSConnectionPool(host='api.osv.dev', port=443): Max retries exceeded with url: /v1/vulns/UBUNTU-CVE-2026-31609 (Caused by SSLError(SSLEOFError(8, '[SSL: UNEXPECTED_EOF_WHILE_READING] EOF occurred in violation of protocol (_ssl.c:1033)')))
07/22/2026 12:02:11 WARNING [ThreadPoolExecutor-3_13] OSV vuln fetch failed for UBUNTU-CVE-2026-42536: HTTPSConnectionPool(host='api.osv.dev', port=443): Max retries exceeded with url: /v1/vulns/UBUNTU-CVE-2026-42536 (Caused by SSLError(SSLEOFError(8, '[SSL: UNEXPECTED_EOF_WHILE_READING] EOF occurred in violation of protocol (_ssl.c:1033)')))
07/22/2026 12:03:09 WARNING [ThreadPoolExecutor-3_7] OSV vuln fetch failed for UBUNTU-CVE-2026-23167: HTTPSConnectionPool(host='api.osv.dev', port=443): Max retries exceeded with url: /v1/vulns/UBUNTU-CVE-2026-23167 (Caused by SSLError(SSLEOFError(8, '[SSL: UNEXPECTED_EOF_WHILE_READING] EOF occurred in violation of protocol (_ssl.c:1033)')))
07/22/2026 12:03:21 WARNING [ThreadPoolExecutor-3_6] OSV vuln fetch failed for UBUNTU-CVE-2025-71189: HTTPSConnectionPool(host='api.osv.dev', port=443): Max retries exceeded with url: /v1/vulns/UBUNTU-CVE-2025-71189 (Caused by SSLError(SSLEOFError(8, '[SSL: UNEXPECTED_EOF_WHILE_READING] EOF occurred in violation of protocol (_ssl.c:1033)')))
07/22/2026 12:05:11 WARNING [ThreadPoolExecutor-3_0] OSV vuln fetch failed for UBUNTU-CVE-2026-22977: HTTPSConnectionPool(host='api.osv.dev', port=443): Max retries exceeded with url: /v1/vulns/UBUNTU-CVE-2026-22977 (Caused by SSLError(SSLEOFError(8, '[SSL: UNEXPECTED_EOF_WHILE_READING] EOF occurred in violation of protocol (_ssl.c:1033)')))
07/22/2026 12:05:28 WARNING [ThreadPoolExecutor-3_1] OSV vuln fetch failed for UBUNTU-CVE-2026-47333: HTTPSConnectionPool(host='api.osv.dev', port=443): Max retries exceeded with url: /v1/vulns/UBUNTU-CVE-2026-47333 (Caused by SSLError(SSLEOFError(8, '[SSL: UNEXPECTED_EOF_WHILE_READING] EOF occurred in violation of protocol (_ssl.c:1033)')))
07/22/2026 12:06:13 WARNING [ThreadPoolExecutor-3_9] OSV vuln fetch failed for UBUNTU-CVE-2026-46332: HTTPSConnectionPool(host='api.osv.dev', port=443): Max retries exceeded with url: /v1/vulns/UBUNTU-CVE-2026-46332 (Caused by NameResolutionError("HTTPSConnection(host='api.osv.dev', port=443): Failed to resolve 'api.osv.dev' ([Errno -3] Temporary failure in name resolution)"))
07/22/2026 12:06:48 WARNING [ThreadPoolExecutor-3_16] OSV vuln fetch failed for UBUNTU-CVE-2026-23096: HTTPSConnectionPool(host='api.osv.dev', port=443): Max retries exceeded with url: /v1/vulns/UBUNTU-CVE-2026-23096 (Caused by SSLError(SSLEOFError(8, '[SSL: UNEXPECTED_EOF_WHILE_READING] EOF occurred in violation of protocol (_ssl.c:1033)')))
07/22/2026 12:07:43 WARNING [ThreadPoolExecutor-3_2] OSV vuln fetch failed for UBUNTU-CVE-2026-23047: HTTPSConnectionPool(host='api.osv.dev', port=443): Max retries exceeded with url: /v1/vulns/UBUNTU-CVE-2026-23047 (Caused by SSLError(SSLEOFError(8, '[SSL: UNEXPECTED_EOF_WHILE_READING] EOF occurred in violation of protocol (_ssl.c:1033)')))
07/22/2026 12:08:33 WARNING [ThreadPoolExecutor-3_14] OSV vuln fetch failed for UBUNTU-CVE-2026-46001: HTTPSConnectionPool(host='api.osv.dev', port=443): Max retries exceeded with url: /v1/vulns/UBUNTU-CVE-2026-46001 (Caused by SSLError(SSLEOFError(8, '[SSL: UNEXPECTED_EOF_WHILE_READING] EOF occurred in violation of protocol (_ssl.c:1033)')))
07/22/2026 12:09:10 WARNING [ThreadPoolExecutor-3_3] OSV vuln fetch failed for UBUNTU-CVE-2026-52904: HTTPSConnectionPool(host='api.osv.dev', port=443): Max retries exceeded with url: /v1/vulns/UBUNTU-CVE-2026-52904 (Caused by SSLError(SSLEOFError(8, '[SSL: UNEXPECTED_EOF_WHILE_READING] EOF occurred in violation of protocol (_ssl.c:1033)')))
07/22/2026 12:11:31 WARNING [ThreadPoolExecutor-3_13] OSV vuln fetch failed for UBUNTU-CVE-2026-46333: HTTPSConnectionPool(host='api.osv.dev', port=443): Max retries exceeded with url: /v1/vulns/UBUNTU-CVE-2026-46333 (Caused by NameResolutionError("HTTPSConnection(host='api.osv.dev', port=443): Failed to resolve 'api.osv.dev' ([Errno -3] Temporary failure in name resolution)"))
07/22/2026 12:11:31 WARNING [ThreadPoolExecutor-3_8] OSV vuln fetch failed for UBUNTU-CVE-2026-47326: HTTPSConnectionPool(host='api.osv.dev', port=443): Max retries exceeded with url: /v1/vulns/UBUNTU-CVE-2026-47326 (Caused by SSLError(SSLEOFError(8, '[SSL: UNEXPECTED_EOF_WHILE_READING] EOF occurred in violation of protocol (_ssl.c:1033)')))
07/22/2026 12:11:31 WARNING [ThreadPoolExecutor-3_11] OSV vuln fetch failed for UBUNTU-CVE-2026-46278: HTTPSConnectionPool(host='api.osv.dev', port=443): Max retries exceeded with url: /v1/vulns/UBUNTU-CVE-2026-46278 (Caused by SSLError(SSLEOFError(8, '[SSL: UNEXPECTED_EOF_WHILE_READING] EOF occurred in violation of protocol (_ssl.c:1033)')))
07/22/2026 12:11:31 WARNING [ThreadPoolExecutor-3_19] OSV vuln fetch failed for UBUNTU-CVE-2026-31607: HTTPSConnectionPool(host='api.osv.dev', port=443): Max retries exceeded with url: /v1/vulns/UBUNTU-CVE-2026-31607 (Caused by SSLError(SSLEOFError(8, '[SSL: UNEXPECTED_EOF_WHILE_READING] EOF occurred in violation of protocol (_ssl.c:1033)')))
07/22/2026 12:12:41 WARNING [ThreadPoolExecutor-3_18] OSV vuln fetch failed for UBUNTU-CVE-2026-48913: HTTPSConnectionPool(host='api.osv.dev', port=443): Max retries exceeded with url: /v1/vulns/UBUNTU-CVE-2026-48913 (Caused by SSLError(SSLEOFError(8, '[SSL: UNEXPECTED_EOF_WHILE_READING] EOF occurred in violation of protocol (_ssl.c:1033)')))
07/22/2026 12:12:41 WARNING [ThreadPoolExecutor-3_5] OSV vuln fetch failed for UBUNTU-CVE-2026-23133: HTTPSConnectionPool(host='api.osv.dev', port=443): Max retries exceeded with url: /v1/vulns/UBUNTU-CVE-2026-23133 (Caused by SSLError(SSLEOFError(8, '[SSL: UNEXPECTED_EOF_WHILE_READING] EOF occurred in violation of protocol (_ssl.c:1033)')))
07/22/2026 12:12:41 WARNING [ThreadPoolExecutor-3_17] OSV vuln fetch failed for UBUNTU-CVE-2026-46276: HTTPSConnectionPool(host='api.osv.dev', port=443): Max retries exceeded with url: /v1/vulns/UBUNTU-CVE-2026-46276 (Caused by SSLError(SSLEOFError(8, '[SSL: UNEXPECTED_EOF_WHILE_READING] EOF occurred in violation of protocol (_ssl.c:1033)')))
07/22/2026 12:12:41 WARNING [ThreadPoolExecutor-3_12] OSV vuln fetch failed for UBUNTU-CVE-2026-31717: HTTPSConnectionPool(host='api.osv.dev', port=443): Max retries exceeded with url: /v1/vulns/UBUNTU-CVE-2026-31717 (Caused by SSLError(SSLEOFError(8, '[SSL: UNEXPECTED_EOF_WHILE_READING] EOF occurred in violation of protocol (_ssl.c:1033)')))
07/22/2026 12:14:21 WARNING [ThreadPoolExecutor-3_10] OSV vuln fetch failed for UBUNTU-CVE-2026-23142: HTTPSConnectionPool(host='api.osv.dev', port=443): Max retries exceeded with url: /v1/vulns/UBUNTU-CVE-2026-23142 (Caused by SSLError(SSLEOFError(8, '[SSL: UNEXPECTED_EOF_WHILE_READING] EOF occurred in violation of protocol (_ssl.c:1033)')))
07/22/2026 12:14:22 WARNING [ThreadPoolExecutor-3_6] OSV vuln fetch failed for UBUNTU-CVE-2026-46243: HTTPSConnectionPool(host='api.osv.dev', port=443): Max retries exceeded with url: /v1/vulns/UBUNTU-CVE-2026-46243 (Caused by NameResolutionError("HTTPSConnection(host='api.osv.dev', port=443): Failed to resolve 'api.osv.dev' ([Errno -3] Temporary failure in name resolution)"))
07/22/2026 12:14:22 WARNING [ThreadPoolExecutor-3_9] OSV vuln fetch failed for UBUNTU-CVE-2026-46008: HTTPSConnectionPool(host='api.osv.dev', port=443): Max retries exceeded with url: /v1/vulns/UBUNTU-CVE-2026-46008 (Caused by NameResolutionError("HTTPSConnection(host='api.osv.dev', port=443): Failed to resolve 'api.osv.dev' ([Errno -3] Temporary failure in name resolution)"))
07/22/2026 12:14:22 WARNING [ThreadPoolExecutor-3_1] OSV vuln fetch failed for UBUNTU-CVE-2026-31718: HTTPSConnectionPool(host='api.osv.dev', port=443): Max retries exceeded with url: /v1/vulns/UBUNTU-CVE-2026-31718 (Caused by NameResolutionError("HTTPSConnection(host='api.osv.dev', port=443): Failed to resolve 'api.osv.dev' ([Errno -3] Temporary failure in name resolution)"))
07/22/2026 12:15:57 WARNING [ThreadPoolExecutor-3_3] OSV vuln fetch failed for UBUNTU-CVE-2025-71182: HTTPSConnectionPool(host='api.osv.dev', port=443): Max retries exceeded with url: /v1/vulns/UBUNTU-CVE-2025-71182 (Caused by NameResolutionError("HTTPSConnection(host='api.osv.dev', port=443): Failed to resolve 'api.osv.dev' ([Errno -3] Temporary failure in name resolution)"))
07/22/2026 12:15:57 WARNING [ThreadPoolExecutor-3_16] OSV vuln fetch failed for UBUNTU-CVE-2026-46074: HTTPSConnectionPool(host='api.osv.dev', port=443): Max retries exceeded with url: /v1/vulns/UBUNTU-CVE-2026-46074 (Caused by NameResolutionError("HTTPSConnection(host='api.osv.dev', port=443): Failed to resolve 'api.osv.dev' ([Errno -3] Temporary failure in name resolution)"))
07/22/2026 12:16:20 WARNING [ThreadPoolExecutor-3_14] OSV vuln fetch failed for UBUNTU-CVE-2026-43284: HTTPSConnectionPool(host='api.osv.dev', port=443): Max retries exceeded with url: /v1/vulns/UBUNTU-CVE-2026-43284 (Caused by NameResolutionError("HTTPSConnection(host='api.osv.dev', port=443): Failed to resolve 'api.osv.dev' ([Errno -3] Temporary failure in name resolution)"))
07/22/2026 12:16:52 WARNING [ThreadPoolExecutor-3_15] OSV vuln fetch failed for UBUNTU-CVE-2026-23057: HTTPSConnectionPool(host='api.osv.dev', port=443): Max retries exceeded with url: /v1/vulns/UBUNTU-CVE-2026-23057 (Caused by SSLError(SSLEOFError(8, '[SSL: UNEXPECTED_EOF_WHILE_READING] EOF occurred in violation of protocol (_ssl.c:1033)')))
07/22/2026 12:17:10 WARNING [ThreadPoolExecutor-3_0] OSV vuln fetch failed for UBUNTU-CVE-2026-23059: HTTPSConnectionPool(host='api.osv.dev', port=443): Max retries exceeded with url: /v1/vulns/UBUNTU-CVE-2026-23059 (Caused by SSLError(SSLEOFError(8, '[SSL: UNEXPECTED_EOF_WHILE_READING] EOF occurred in violation of protocol (_ssl.c:1033)')))
07/22/2026 12:17:16 WARNING [ThreadPoolExecutor-3_7] OSV vuln fetch failed for UBUNTU-CVE-2026-31601: HTTPSConnectionPool(host='api.osv.dev', port=443): Max retries exceeded with url: /v1/vulns/UBUNTU-CVE-2026-31601 (Caused by SSLError(SSLEOFError(8, '[SSL: UNEXPECTED_EOF_WHILE_READING] EOF occurred in violation of protocol (_ssl.c:1033)')))
07/22/2026 12:18:10 WARNING [ThreadPoolExecutor-3_2] OSV vuln fetch failed for UBUNTU-CVE-2026-45988: HTTPSConnectionPool(host='api.osv.dev', port=443): Max retries exceeded with url: /v1/vulns/UBUNTU-CVE-2026-45988 (Caused by SSLError(SSLEOFError(8, '[SSL: UNEXPECTED_EOF_WHILE_READING] EOF occurred in violation of protocol (_ssl.c:1033)')))
07/22/2026 12:19:47 WARNING [ThreadPoolExecutor-3_18] OSV vuln fetch failed for UBUNTU-CVE-2026-46288: HTTPSConnectionPool(host='api.osv.dev', port=443): Max retries exceeded with url: /v1/vulns/UBUNTU-CVE-2026-46288 (Caused by NameResolutionError("HTTPSConnection(host='api.osv.dev', port=443): Failed to resolve 'api.osv.dev' ([Errno -3] Temporary failure in name resolution)"))
07/22/2026 12:20:09 WARNING [ThreadPoolExecutor-3_13] OSV vuln fetch failed for UBUNTU-CVE-2026-23131: HTTPSConnectionPool(host='api.osv.dev', port=443): Max retries exceeded with url: /v1/vulns/UBUNTU-CVE-2026-23131 (Caused by NameResolutionError("HTTPSConnection(host='api.osv.dev', port=443): Failed to resolve 'api.osv.dev' ([Errno -3] Temporary failure in name resolution)"))
07/22/2026 12:24:14 WARNING [ThreadPoolExecutor-3_4] OSV vuln fetch failed for UBUNTU-CVE-2026-31593: HTTPSConnectionPool(host='api.osv.dev', port=443): Max retries exceeded with url: /v1/vulns/UBUNTU-CVE-2026-31593 (Caused by SSLError(SSLEOFError(8, '[SSL: UNEXPECTED_EOF_WHILE_READING] EOF occurred in violation of protocol (_ssl.c:1033)')))
07/22/2026 12:24:22 WARNING [ThreadPoolExecutor-3_18] OSV vuln fetch failed for UBUNTU-CVE-2026-61871: HTTPSConnectionPool(host='api.osv.dev', port=443): Max retries exceeded with url: /v1/vulns/UBUNTU-CVE-2026-61871 (Caused by NameResolutionError("HTTPSConnection(host='api.osv.dev', port=443): Failed to resolve 'api.osv.dev' ([Errno -3] Temporary failure in name resolution)"))
07/22/2026 12:24:29 WARNING [ThreadPoolExecutor-3_11] OSV vuln fetch failed for UBUNTU-CVE-2026-46042: HTTPSConnectionPool(host='api.osv.dev', port=443): Max retries exceeded with url: /v1/vulns/UBUNTU-CVE-2026-46042 (Caused by SSLError(SSLEOFError(8, '[SSL: UNEXPECTED_EOF_WHILE_READING] EOF occurred in violation of protocol (_ssl.c:1033)')))
07/22/2026 12:26:22 WARNING [ThreadPoolExecutor-3_19] OSV vuln fetch failed for UBUNTU-CVE-2026-23094: HTTPSConnectionPool(host='api.osv.dev', port=443): Max retries exceeded with url: /v1/vulns/UBUNTU-CVE-2026-23094 (Caused by SSLError(SSLEOFError(8, '[SSL: UNEXPECTED_EOF_WHILE_READING] EOF occurred in violation of protocol (_ssl.c:1033)')))
07/22/2026 12:27:07 WARNING [ThreadPoolExecutor-3_11] OSV vuln fetch failed for UBUNTU-CVE-2026-61863: HTTPSConnectionPool(host='api.osv.dev', port=443): Max retries exceeded with url: /v1/vulns/UBUNTU-CVE-2026-61863 (Caused by NameResolutionError("HTTPSConnection(host='api.osv.dev', port=443): Failed to resolve 'api.osv.dev' ([Errno -3] Temporary failure in name resolution)"))
07/22/2026 12:27:05 WARNING [ThreadPoolExecutor-3_13] OSV vuln fetch failed for UBUNTU-CVE-2026-61872: HTTPSConnectionPool(host='api.osv.dev', port=443): Max retries exceeded with url: /v1/vulns/UBUNTU-CVE-2026-61872 (Caused by NameResolutionError("HTTPSConnection(host='api.osv.dev', port=443): Failed to resolve 'api.osv.dev' ([Errno -3] Temporary failure in name resolution)"))
07/22/2026 12:27:08 WARNING [ThreadPoolExecutor-3_18] OSV vuln fetch failed for UBUNTU-CVE-2026-61864: HTTPSConnectionPool(host='api.osv.dev', port=443): Max retries exceeded with url: /v1/vulns/UBUNTU-CVE-2026-61864 (Caused by NameResolutionError("HTTPSConnection(host='api.osv.dev', port=443): Failed to resolve 'api.osv.dev' ([Errno -3] Temporary failure in name resolution)"))
07/22/2026 12:27:08 WARNING [ThreadPoolExecutor-3_4] OSV vuln fetch failed for UBUNTU-CVE-2026-61870: HTTPSConnectionPool(host='api.osv.dev', port=443): Max retries exceeded with url: /v1/vulns/UBUNTU-CVE-2026-61870 (Caused by NameResolutionError("HTTPSConnection(host='api.osv.dev', port=443): Failed to resolve 'api.osv.dev' ([Errno -3] Temporary failure in name resolution)"))
07/22/2026 12:33:57 WARNING [ThreadPoolExecutor-3_10] OSV vuln fetch failed for UBUNTU-CVE-2026-64028: HTTPSConnectionPool(host='api.osv.dev', port=443): Max retries exceeded with url: /v1/vulns/UBUNTU-CVE-2026-64028 (Caused by SSLError(SSLEOFError(8, '[SSL: UNEXPECTED_EOF_WHILE_READING] EOF occurred in violation of protocol (_ssl.c:1033)')))
07/22/2026 12:32:18 WARNING [ThreadPoolExecutor-3_5] OSV vuln fetch failed for CVE-2023-38709: HTTPSConnectionPool(host='api.osv.dev', port=443): Max retries exceeded with url: /v1/vulns/CVE-2023-38709 (Caused by SSLError(SSLEOFError(8, '[SSL: UNEXPECTED_EOF_WHILE_READING] EOF occurred in violation of protocol (_ssl.c:1033)')))
07/22/2026 12:47:23 WARNING [ThreadPoolExecutor-3_1] OSV vuln fetch failed for UBUNTU-CVE-2026-6656: HTTPSConnectionPool(host='api.osv.dev', port=443): Max retries exceeded with url: /v1/vulns/UBUNTU-CVE-2026-6656 (Caused by SSLError(SSLEOFError(8, '[SSL: UNEXPECTED_EOF_WHILE_READING] EOF occurred in violation of protocol (_ssl.c:1033)')))
07/22/2026 12:47:16 WARNING [ThreadPoolExecutor-3_15] OSV vuln fetch failed for UBUNTU-CVE-2026-64620: HTTPSConnectionPool(host='api.osv.dev', port=443): Max retries exceeded with url: /v1/vulns/UBUNTU-CVE-2026-64620 (Caused by SSLError(SSLEOFError(8, '[SSL: UNEXPECTED_EOF_WHILE_READING] EOF occurred in violation of protocol (_ssl.c:1033)')))
07/22/2026 12:47:36 WARNING [ThreadPoolExecutor-3_9] OSV vuln fetch failed for UBUNTU-CVE-2026-8916: HTTPSConnectionPool(host='api.osv.dev', port=443): Max retries exceeded with url: /v1/vulns/UBUNTU-CVE-2026-8916 (Caused by SSLError(SSLEOFError(8, '[SSL: UNEXPECTED_EOF_WHILE_READING] EOF occurred in violation of protocol (_ssl.c:1033)')))
07/22/2026 12:47:51 WARNING [ThreadPoolExecutor-3_8] OSV vuln fetch failed for UBUNTU-CVE-2026-46281: HTTPSConnectionPool(host='api.osv.dev', port=443): Max retries exceeded with url: /v1/vulns/UBUNTU-CVE-2026-46281 (Caused by SSLError(SSLEOFError(8, '[SSL: UNEXPECTED_EOF_WHILE_READING] EOF occurred in violation of protocol (_ssl.c:1033)')))
07/22/2026 12:47:04 WARNING [ThreadPoolExecutor-3_18] OSV vuln fetch failed for UBUNTU-CVE-2026-56377: HTTPSConnectionPool(host='api.osv.dev', port=443): Max retries exceeded with url: /v1/vulns/UBUNTU-CVE-2026-56377 (Caused by NameResolutionError("HTTPSConnection(host='api.osv.dev', port=443): Failed to resolve 'api.osv.dev' ([Errno -3] Temporary failure in name resolution)"))
07/22/2026 12:48:57 WARNING [ThreadPoolExecutor-3_2] OSV vuln fetch failed for UBUNTU-CVE-2026-61865: HTTPSConnectionPool(host='api.osv.dev', port=443): Max retries exceeded with url: /v1/vulns/UBUNTU-CVE-2026-61865 (Caused by SSLError(SSLEOFError(8, '[SSL: UNEXPECTED_EOF_WHILE_READING] EOF occurred in violation of protocol (_ssl.c:1033)')))
07/22/2026 12:47:34 WARNING [ThreadPoolExecutor-3_16] OSV vuln fetch failed for UBUNTU-CVE-2026-64194: HTTPSConnectionPool(host='api.osv.dev', port=443): Max retries exceeded with url: /v1/vulns/UBUNTU-CVE-2026-64194 (Caused by SSLError(SSLEOFError(8, '[SSL: UNEXPECTED_EOF_WHILE_READING] EOF occurred in violation of protocol (_ssl.c:1033)')))
07/22/2026 12:49:02 WARNING [ThreadPoolExecutor-3_17] OSV vuln fetch failed for UBUNTU-CVE-2026-23159: HTTPSConnectionPool(host='api.osv.dev', port=443): Max retries exceeded with url: /v1/vulns/UBUNTU-CVE-2026-23159 (Caused by SSLError(SSLEOFError(8, '[SSL: UNEXPECTED_EOF_WHILE_READING] EOF occurred in violation of protocol (_ssl.c:1033)')))
07/22/2026 12:45:47 WARNING [ThreadPoolExecutor-3_7] OSV vuln fetch failed for UBUNTU-CVE-2026-63885: HTTPSConnectionPool(host='api.osv.dev', port=443): Max retries exceeded with url: /v1/vulns/UBUNTU-CVE-2026-63885 (Caused by SSLError(SSLEOFError(8, '[SSL: UNEXPECTED_EOF_WHILE_READING] EOF occurred in violation of protocol (_ssl.c:1033)')))
07/22/2026 12:47:23 WARNING [ThreadPoolExecutor-3_0] OSV vuln fetch failed for UBUNTU-CVE-2026-64193: HTTPSConnectionPool(host='api.osv.dev', port=443): Max retries exceeded with url: /v1/vulns/UBUNTU-CVE-2026-64193 (Caused by SSLError(SSLEOFError(8, '[SSL: UNEXPECTED_EOF_WHILE_READING] EOF occurred in violation of protocol (_ssl.c:1033)')))
07/22/2026 13:01:57 WARNING [ThreadPoolExecutor-3_12] OSV vuln fetch failed for UBUNTU-CVE-2026-23125: HTTPSConnectionPool(host='api.osv.dev', port=443): Max retries exceeded with url: /v1/vulns/UBUNTU-CVE-2026-23125 (Caused by SSLError(SSLEOFError(8, '[SSL: UNEXPECTED_EOF_WHILE_READING] EOF occurred in violation of protocol (_ssl.c:1033)')))
07/22/2026 13:05:26 WARNING [ThreadPoolExecutor-3_14] OSV vuln fetch failed for UBUNTU-CVE-2026-64612: HTTPSConnectionPool(host='api.osv.dev', port=443): Max retries exceeded with url: /v1/vulns/UBUNTU-CVE-2026-64612 (Caused by SSLError(SSLEOFError(8, '[SSL: UNEXPECTED_EOF_WHILE_READING] EOF occurred in violation of protocol (_ssl.c:1033)')))
07/22/2026 13:12:54 WARNING [ThreadPoolExecutor-3_10] OSV vuln fetch failed for UBUNTU-CVE-2026-56376: HTTPSConnectionPool(host='api.osv.dev', port=443): Max retries exceeded with url: /v1/vulns/UBUNTU-CVE-2026-56376 (Caused by NameResolutionError("HTTPSConnection(host='api.osv.dev', port=443): Failed to resolve 'api.osv.dev' ([Errno -3] Temporary failure in name resolution)"))
07/22/2026 13:14:17 WARNING [ThreadPoolExecutor-3_3] OSV vuln fetch failed for UBUNTU-CVE-2026-64621: HTTPSConnectionPool(host='api.osv.dev', port=443): Max retries exceeded with url: /v1/vulns/UBUNTU-CVE-2026-64621 (Caused by SSLError(SSLEOFError(8, '[SSL: UNEXPECTED_EOF_WHILE_READING] EOF occurred in violation of protocol (_ssl.c:1033)')))
07/22/2026 13:16:38 WARNING [ThreadPoolExecutor-3_15] OSV vuln fetch failed for UBUNTU-CVE-2026-61861: HTTPSConnectionPool(host='api.osv.dev', port=443): Max retries exceeded with url: /v1/vulns/UBUNTU-CVE-2026-61861 (Caused by NameResolutionError("HTTPSConnection(host='api.osv.dev', port=443): Failed to resolve 'api.osv.dev' ([Errno -3] Temporary failure in name resolution)"))
07/22/2026 13:20:11 WARNING [ThreadPoolExecutor-3_5] OSV vuln fetch failed for UBUNTU-CVE-2026-61860: HTTPSConnectionPool(host='api.osv.dev', port=443): Max retries exceeded with url: /v1/vulns/UBUNTU-CVE-2026-61860 (Caused by NameResolutionError("HTTPSConnection(host='api.osv.dev', port=443): Failed to resolve 'api.osv.dev' ([Errno -3] Temporary failure in name resolution)"))
07/22/2026 13:16:57 WARNING [ThreadPoolExecutor-3_1] OSV vuln fetch failed for UBUNTU-CVE-2026-56373: HTTPSConnectionPool(host='api.osv.dev', port=443): Max retries exceeded with url: /v1/vulns/UBUNTU-CVE-2026-56373 (Caused by NameResolutionError("HTTPSConnection(host='api.osv.dev', port=443): Failed to resolve 'api.osv.dev' ([Errno -3] Temporary failure in name resolution)"))
07/22/2026 13:22:31 WARNING [ThreadPoolExecutor-3_8] OSV vuln fetch failed for UBUNTU-CVE-2026-61869: HTTPSConnectionPool(host='api.osv.dev', port=443): Max retries exceeded with url: /v1/vulns/UBUNTU-CVE-2026-61869 (Caused by NameResolutionError("HTTPSConnection(host='api.osv.dev', port=443): Failed to resolve 'api.osv.dev' ([Errno -3] Temporary failure in name resolution)"))
07/22/2026 13:23:01 WARNING [ThreadPoolExecutor-3_6] OSV vuln fetch failed for UBUNTU-CVE-2026-64016: HTTPSConnectionPool(host='api.osv.dev', port=443): Max retries exceeded with url: /v1/vulns/UBUNTU-CVE-2026-64016 (Caused by SSLError(SSLEOFError(8, '[SSL: UNEXPECTED_EOF_WHILE_READING] EOF occurred in violation of protocol (_ssl.c:1033)')))
07/22/2026 13:22:53 WARNING [ThreadPoolExecutor-3_9] OSV vuln fetch failed for UBUNTU-CVE-2026-56369: HTTPSConnectionPool(host='api.osv.dev', port=443): Max retries exceeded with url: /v1/vulns/UBUNTU-CVE-2026-56369 (Caused by NameResolutionError("HTTPSConnection(host='api.osv.dev', port=443): Failed to resolve 'api.osv.dev' ([Errno -3] Temporary failure in name resolution)"))
07/22/2026 13:26:55 WARNING [ThreadPoolExecutor-3_18] OSV vuln fetch failed for UBUNTU-CVE-2026-61868: HTTPSConnectionPool(host='api.osv.dev', port=443): Max retries exceeded with url: /v1/vulns/UBUNTU-CVE-2026-61868 (Caused by NameResolutionError("HTTPSConnection(host='api.osv.dev', port=443): Failed to resolve 'api.osv.dev' ([Errno -3] Temporary failure in name resolution)"))
07/22/2026 14:25:37 WARNING [ThreadPoolExecutor-3_1] OSV vuln fetch failed for UBUNTU-CVE-2026-53465: HTTPSConnectionPool(host='api.osv.dev', port=443): Max retries exceeded with url: /v1/vulns/UBUNTU-CVE-2026-53465 (Caused by NameResolutionError("HTTPSConnection(host='api.osv.dev', port=443): Failed to resolve 'api.osv.dev' ([Errno -3] Temporary failure in name resolution)"))
07/22/2026 13:32:14 WARNING [ThreadPoolExecutor-3_17] OSV vuln fetch failed for UBUNTU-CVE-2026-61866: HTTPSConnectionPool(host='api.osv.dev', port=443): Max retries exceeded with url: /v1/vulns/UBUNTU-CVE-2026-61866 (Caused by NameResolutionError("HTTPSConnection(host='api.osv.dev', port=443): Failed to resolve 'api.osv.dev' ([Errno -3] Temporary failure in name resolution)"))
07/22/2026 13:43:01 WARNING [ThreadPoolExecutor-3_2] OSV vuln fetch failed for UBUNTU-CVE-2026-61867: HTTPSConnectionPool(host='api.osv.dev', port=443): Max retries exceeded with url: /v1/vulns/UBUNTU-CVE-2026-61867 (Caused by NameResolutionError("HTTPSConnection(host='api.osv.dev', port=443): Failed to resolve 'api.osv.dev' ([Errno -3] Temporary failure in name resolution)"))
07/22/2026 13:49:39 WARNING [ThreadPoolExecutor-3_13] OSV vuln fetch failed for UBUNTU-CVE-2026-61858: HTTPSConnectionPool(host='api.osv.dev', port=443): Max retries exceeded with url: /v1/vulns/UBUNTU-CVE-2026-61858 (Caused by SSLError(SSLEOFError(8, '[SSL: UNEXPECTED_EOF_WHILE_READING] EOF occurred in violation of protocol (_ssl.c:1033)')))
07/22/2026 13:52:33 WARNING [ThreadPoolExecutor-3_12] OSV vuln fetch failed for UBUNTU-CVE-2026-61464: HTTPSConnectionPool(host='api.osv.dev', port=443): Max retries exceeded with url: /v1/vulns/UBUNTU-CVE-2026-61464 (Caused by NameResolutionError("HTTPSConnection(host='api.osv.dev', port=443): Failed to resolve 'api.osv.dev' ([Errno -3] Temporary failure in name resolution)"))
07/22/2026 13:52:27 WARNING [ThreadPoolExecutor-3_7] OSV vuln fetch failed for UBUNTU-CVE-2026-56361: HTTPSConnectionPool(host='api.osv.dev', port=443): Max retries exceeded with url: /v1/vulns/UBUNTU-CVE-2026-56361 (Caused by NameResolutionError("HTTPSConnection(host='api.osv.dev', port=443): Failed to resolve 'api.osv.dev' ([Errno -3] Temporary failure in name resolution)"))
07/22/2026 13:52:21 WARNING [ThreadPoolExecutor-3_0] OSV vuln fetch failed for UBUNTU-CVE-2026-63090: HTTPSConnectionPool(host='api.osv.dev', port=443): Max retries exceeded with url: /v1/vulns/UBUNTU-CVE-2026-63090 (Caused by NameResolutionError("HTTPSConnection(host='api.osv.dev', port=443): Failed to resolve 'api.osv.dev' ([Errno -3] Temporary failure in name resolution)"))
07/22/2026 14:01:53 WARNING [ThreadPoolExecutor-3_19] OSV vuln fetch failed for UBUNTU-CVE-2026-61857: HTTPSConnectionPool(host='api.osv.dev', port=443): Max retries exceeded with url: /v1/vulns/UBUNTU-CVE-2026-61857 (Caused by SSLError(SSLEOFError(8, '[SSL: UNEXPECTED_EOF_WHILE_READING] EOF occurred in violation of protocol (_ssl.c:1033)')))
